date,region,region_name,state,lat,lon,solar_mwh,demand_mwh,coal_mwh
2020-01-01,ER,East India,Odisha,20.95,85.09,1140.0,349000.0,415000.0
2020-01-01,NER,NE India,Assam,26.2,92.93,30.0,40000.0,12000.0
2020-01-01,NR,North India,Rajasthan,26.91,74.22,21810.0,1017000.0,503000.0
2020-01-01,SR,South India,Tamil Nadu,11.12,78.66,72660.0,922000.0,449000.0
2020-01-01,WR,West India,Gujarat,23.02,72.57,15700.0,1052000.0,1193000.0
2020-01-02,ER,East India,Odisha,20.95,85.09,1210.0,338000.0,420000.0
2020-01-02,NER,NE India,Assam,26.2,92.93,20.0,41000.0,13000.0
2020-01-02,NR,North India,Rajasthan,26.91,74.22,23050.0,991000.0,505000.0
2020-01-02,SR,South India,Tamil Nadu,11.12,78.66,71370.0,950000.0,463000.0
2020-01-02,WR,West India,Gujarat,23.02,72.57,13600.0,1064000.0,1199000.0
2020-01-03,ER,East India,Odisha,20.95,85.09,1080.0,332000.0,417000.0
2020-01-03,NER,NE India,Assam,26.2,92.93,0.0,40000.0,13000.0
2020-01-03,NR,North India,Rajasthan,26.91,74.22,27370.0,985000.0,514000.0
2020-01-03,SR,South India,Tamil Nadu,11.12,78.66,72820.0,964000.0,479000.0
2020-01-03,WR,West India,Gujarat,23.02,72.57,17100.0,1069000.0,1203000.0
2020-01-04,ER,East India,Odisha,20.95,85.09,1130.0,337000.0,421000.0
2020-01-04,NER,NE India,Assam,26.2,92.93,30.0,40000.0,13000.0
2020-01-04,NR,North India,Rajasthan,26.91,74.22,26930.0,985000.0,522000.0
2020-01-04,SR,South India,Tamil Nadu,11.12,78.66,75110.0,952000.0,537000.0
2020-01-04,WR,West India,Gujarat,23.02,72.57,18800.0,1075000.0,1187000.0
2020-01-05,ER,East India,Odisha,20.95,85.09,1260.0,330000.0,415000.0
2020-01-05,NER,NE India,Assam,26.2,92.93,20.0,39000.0,13000.0
2020-01-05,NR,North India,Rajasthan,26.91,74.22,15640.0,946000.0,497000.0
2020-01-05,SR,South India,Tamil Nadu,11.12,78.66,73030.0,906000.0,453000.0
2020-01-05,WR,West India,Gujarat,23.02,72.57,22400.0,1050000.0,1153000.0
2020-01-06,ER,East India,Odisha,20.95,85.09,1380.0,339000.0,427000.0
2020-01-06,NER,NE India,Assam,26.2,92.93,40.0,41000.0,15000.0
2020-01-06,NR,North India,Rajasthan,26.91,74.22,15780.0,970000.0,500000.0
2020-01-06,SR,South India,Tamil Nadu,11.12,78.66,63920.0,948000.0,467000.0
2020-01-06,WR,West India,Gujarat,23.02,72.57,24000.0,1099000.0,1184000.0
2020-01-07,ER,East India,Odisha,20.95,85.09,1360.0,345000.0,417000.0
2020-01-07,NER,NE India,Assam,26.2,92.93,30.0,41000.0,14000.0
2020-01-07,NR,North India,Rajasthan,26.91,74.22,12980.0,972000.0,522000.0
2020-01-07,SR,South India,Tamil Nadu,11.12,78.66,63260.0,959000.0,492000.0
2020-01-07,WR,West India,Gujarat,23.02,72.57,18400.0,1124000.0,1218000.0
2020-01-08,ER,East India,Odisha,20.95,85.09,1260.0,342000.0,419000.0
2020-01-08,NER,NE India,Assam,26.2,92.93,30.0,41000.0,13000.0
2020-01-08,NR,North India,Rajasthan,26.91,74.22,23920.0,940000.0,522000.0
2020-01-08,SR,South India,Tamil Nadu,11.12,78.66,77100.0,965000.0,490000.0
2020-01-08,WR,West India,Gujarat,23.02,72.57,20100.0,1102000.0,1207000.0
2020-01-09,ER,East India,Odisha,20.95,85.09,1060.0,334000.0,412000.0
2020-01-09,NER,NE India,Assam,26.2,92.93,20.0,42000.0,12000.0
2020-01-09,NR,North India,Rajasthan,26.91,74.22,31910.0,951000.0,495000.0
2020-01-09,SR,South India,Tamil Nadu,11.12,78.66,80600.0,984000.0,501000.0
2020-01-09,WR,West India,Gujarat,23.02,72.57,25200.0,1093000.0,1180000.0
2020-01-10,ER,East India,Odisha,20.95,85.09,1250.0,348000.0,399000.0
2020-01-10,NER,NE India,Assam,26.2,92.93,40.0,42000.0,11000.0
2020-01-10,NR,North India,Rajasthan,26.91,74.22,32100.0,989000.0,504000.0
2020-01-10,SR,South India,Tamil Nadu,11.12,78.66,83160.0,988000.0,506000.0
2020-01-10,WR,West India,Gujarat,23.02,72.57,25960.0,1088000.0,1162000.0
2020-01-11,ER,East India,Odisha,20.95,85.09,1450.0,346000.0,418000.0
2020-01-11,NER,NE India,Assam,26.2,92.93,10.0,42000.0,13000.0
2020-01-11,NR,North India,Rajasthan,26.91,74.22,26190.0,967000.0,494000.0
2020-01-11,SR,South India,Tamil Nadu,11.12,78.66,87370.0,982000.0,522000.0
2020-01-11,WR,West India,Gujarat,23.02,72.57,23000.0,1120000.0,1173000.0
2020-01-12,ER,East India,Odisha,20.95,85.09,1470.0,341000.0,425000.0
2020-01-12,NER,NE India,Assam,26.2,92.93,30.0,40000.0,11000.0
2020-01-12,NR,North India,Rajasthan,26.91,74.22,22980.0,932000.0,496000.0
2020-01-12,SR,South India,Tamil Nadu,11.12,78.66,90810.0,937000.0,513000.0
2020-01-12,WR,West India,Gujarat,23.02,72.57,21900.0,1114000.0,1162000.0
2020-01-13,ER,East India,Odisha,20.95,85.09,1990.0,351000.0,435000.0
2020-01-13,NER,NE India,Assam,26.2,92.93,30.0,41000.0,12000.0
2020-01-13,NR,North India,Rajasthan,26.91,74.22,13390.0,920000.0,503000.0
2020-01-13,SR,South India,Tamil Nadu,11.12,78.66,93970.0,975000.0,537000.0
2020-01-13,WR,West India,Gujarat,23.02,72.57,19100.0,1133000.0,1180000.0
2020-01-14,ER,East India,Odisha,20.95,85.09,1270.0,355000.0,430000.0
2020-01-14,NER,NE India,Assam,26.2,92.93,30.0,41000.0,11000.0
2020-01-14,NR,North India,Rajasthan,26.91,74.22,32420.0,930000.0,489000.0
2020-01-14,SR,South India,Tamil Nadu,11.12,78.66,94280.0,973000.0,511000.0
2020-01-14,WR,West India,Gujarat,23.02,72.57,20900.0,1078000.0,1168000.0
2020-01-15,ER,East India,Odisha,20.95,85.09,1370.0,351000.0,421000.0
2020-01-15,NER,NE India,Assam,26.2,92.93,40.0,39000.0,10000.0
2020-01-15,NR,North India,Rajasthan,26.91,74.22,31280.0,950000.0,479000.0
2020-01-15,SR,South India,Tamil Nadu,11.12,78.66,97280.0,893000.0,453000.0
2020-01-15,WR,West India,Gujarat,23.02,72.57,20400.0,1069000.0,1147000.0
2020-01-16,ER,East India,Odisha,20.95,85.09,1350.0,347000.0,414000.0
2020-01-16,NER,NE India,Assam,26.2,92.93,20.0,40000.0,11000.0
2020-01-16,NR,North India,Rajasthan,26.91,74.22,24910.0,911000.0,459000.0
2020-01-16,SR,South India,Tamil Nadu,11.12,78.66,96220.0,884000.0,435000.0
2020-01-16,WR,West India,Gujarat,23.02,72.57,21600.0,1083000.0,1151000.0
2020-01-17,ER,East India,Odisha,20.95,85.09,1350.0,348000.0,443000.0
2020-01-17,NER,NE India,Assam,26.2,92.93,50.0,40000.0,12000.0
2020-01-17,NR,North India,Rajasthan,26.91,74.22,30250.0,927000.0,461000.0
2020-01-17,SR,South India,Tamil Nadu,11.12,78.66,91300.0,934000.0,454000.0
2020-01-17,WR,West India,Gujarat,23.02,72.57,23000.0,1099000.0,1199000.0
2020-01-18,ER,East India,Odisha,20.95,85.09,1120.0,346000.0,454000.0
2020-01-18,NER,NE India,Assam,26.2,92.93,50.0,41000.0,11000.0
2020-01-18,NR,North India,Rajasthan,26.91,74.22,32380.000000000004,945000.0,463000.0
2020-01-18,SR,South India,Tamil Nadu,11.12,78.66,80430.0,948000.0,479000.0
2020-01-18,WR,West India,Gujarat,23.02,72.57,24100.0,1097000.0,1183000.0
2020-01-19,ER,East India,Odisha,20.95,85.09,1060.0,340000.0,434000.0
2020-01-19,NER,NE India,Assam,26.2,92.93,30.0,41000.0,11000.0
2020-01-19,NR,North India,Rajasthan,26.91,74.22,31940.0,911000.0,426000.0
2020-01-19,SR,South India,Tamil Nadu,11.12,78.66,80310.0,892000.0,444000.0
2020-01-19,WR,West India,Gujarat,23.02,72.57,21800.0,1088000.0,1130000.0
2020-01-20,ER,East India,Odisha,20.95,85.09,1520.0,351000.0,450000.0
2020-01-20,NER,NE India,Assam,26.2,92.93,30.0,41000.0,13000.0
2020-01-20,NR,North India,Rajasthan,26.91,74.22,23100.0,952000.0,464000.0
2020-01-20,SR,South India,Tamil Nadu,11.12,78.66,86880.0,986000.0,495000.0
2020-01-20,WR,West India,Gujarat,23.02,72.57,24200.0,1128000.0,1183000.0
2020-01-21,ER,East India,Odisha,20.95,85.09,1470.0,362000.0,452000.0
2020-01-21,NER,NE India,Assam,26.2,92.93,30.0,41000.0,12000.0
2020-01-21,NR,North India,Rajasthan,26.91,74.22,32689.999999999996,965000.0,482000.0
2020-01-21,SR,South India,Tamil Nadu,11.12,78.66,93140.0,1008000.0,499000.0
2020-01-21,WR,West India,Gujarat,23.02,72.57,23400.0,1151000.0,1212000.0
2020-01-22,ER,East India,Odisha,20.95,85.09,1390.0,362000.0,434000.0
2020-01-22,NER,NE India,Assam,26.2,92.93,30.0,43000.0,10000.0
2020-01-22,NR,North India,Rajasthan,26.91,74.22,34400.0,965000.0,470000.0
2020-01-22,SR,South India,Tamil Nadu,11.12,78.66,89640.0,1013000.0,499000.0
2020-01-22,WR,West India,Gujarat,23.02,72.57,24500.0,1150000.0,1157000.0
2020-01-23,ER,East India,Odisha,20.95,85.09,1450.0,362000.0,437000.0
2020-01-23,NER,NE India,Assam,26.2,92.93,30.0,42000.0,11000.0
2020-01-23,NR,North India,Rajasthan,26.91,74.22,36610.0,950000.0,475000.0
2020-01-23,SR,South India,Tamil Nadu,11.12,78.66,77670.0,1022000.0,505000.0
2020-01-23,WR,West India,Gujarat,23.02,72.57,25200.0,1168000.0,1166000.0
2020-01-24,ER,East India,Odisha,20.95,85.09,1500.0,364000.0,449000.0
2020-01-24,NER,NE India,Assam,26.2,92.93,30.0,42000.0,11000.0
2020-01-24,NR,North India,Rajasthan,26.91,74.22,38650.0,968000.0,490000.0
2020-01-24,SR,South India,Tamil Nadu,11.12,78.66,90830.0,1018000.0,514000.0
2020-01-24,WR,West India,Gujarat,23.02,72.57,26900.0,1184000.0,1220000.0
2020-01-25,ER,East India,Odisha,20.95,85.09,1520.0,362000.0,468000.0
2020-01-25,NER,NE India,Assam,26.2,92.93,40.0,43000.0,11000.0
2020-01-25,NR,North India,Rajasthan,26.91,74.22,35970.0,972000.0,501000.0
2020-01-25,SR,South India,Tamil Nadu,11.12,78.66,89480.0,1006000.0,523000.0
2020-01-25,WR,West India,Gujarat,23.02,72.57,23900.0,1185000.0,1189000.0
2020-01-26,ER,East India,Odisha,20.95,85.09,1910.0,353000.0,443000.0
2020-01-26,NER,NE India,Assam,26.2,92.93,40.0,41000.0,10000.0
2020-01-26,NR,North India,Rajasthan,26.91,74.22,36730.0,904000.0,477000.0
2020-01-26,SR,South India,Tamil Nadu,11.12,78.66,89050.0,943000.0,487000.0
2020-01-26,WR,West India,Gujarat,23.02,72.57,26000.0,1105000.0,1151000.0
2020-01-27,ER,East India,Odisha,20.95,85.09,1440.0,357000.0,452000.0
2020-01-27,NER,NE India,Assam,26.2,92.93,40.0,42000.0,12000.0
2020-01-27,NR,North India,Rajasthan,26.91,74.22,25500.0,943000.0,499000.0
2020-01-27,SR,South India,Tamil Nadu,11.12,78.66,89840.0,1002000.0,528000.0
2020-01-27,WR,West India,Gujarat,23.02,72.57,22500.0,1164000.0,1192000.0
2020-01-28,ER,East India,Odisha,20.95,85.09,1560.0,366000.0,456000.0
2020-01-28,NER,NE India,Assam,26.2,92.93,30.0,43000.0,13000.0
2020-01-28,NR,North India,Rajasthan,26.91,74.22,31930.0,926000.0,489000.0
2020-01-28,SR,South India,Tamil Nadu,11.12,78.66,78950.0,1028000.0,558000.0
2020-01-28,WR,West India,Gujarat,23.02,72.57,23100.0,1185000.0,1195000.0
2020-01-29,ER,East India,Odisha,20.95,85.09,1340.0,353000.0,461000.0
2020-01-29,NER,NE India,Assam,26.2,92.93,30.0,43000.0,12000.0
2020-01-29,NR,North India,Rajasthan,26.91,74.22,34530.0,932000.0,484000.0
2020-01-29,SR,South India,Tamil Nadu,11.12,78.66,77790.0,1032000.0,554000.0
2020-01-29,WR,West India,Gujarat,23.02,72.57,25100.0,1175000.0,1233000.0
2020-01-30,ER,East India,Odisha,20.95,85.09,1140.0,367000.0,459000.0
2020-01-30,NER,NE India,Assam,26.2,92.93,200.0,43000.0,12000.0
2020-01-30,NR,North India,Rajasthan,26.91,74.22,37110.0,938000.0,478000.0
2020-01-30,SR,South India,Tamil Nadu,11.12,78.66,95660.0,1040000.0,545000.0
2020-01-30,WR,West India,Gujarat,23.02,72.57,26700.0,1165000.0,1238000.0
2020-01-31,ER,East India,Odisha,20.95,85.09,1550.0,361000.0,448000.0
2020-01-31,NER,NE India,Assam,26.2,92.93,200.0,41000.0,11000.0
2020-01-31,NR,North India,Rajasthan,26.91,74.22,38360.0,963000.0,489000.0
2020-01-31,SR,South India,Tamil Nadu,11.12,78.66,95620.0,1052000.0,560000.0
2020-01-31,WR,West India,Gujarat,23.02,72.57,27000.0,1164000.0,1235000.0
2020-02-01,ER,East India,Odisha,20.95,85.09,1540.0,356000.0,425000.0
2020-02-01,NER,NE India,Assam,26.2,92.93,40.0,42000.0,11000.0
2020-02-01,NR,North India,Rajasthan,26.91,74.22,37340.0,950000.0,461000.0
2020-02-01,SR,South India,Tamil Nadu,11.12,78.66,90080.0,1021000.0,543000.0
2020-02-01,WR,West India,Gujarat,23.02,72.57,27300.0,1154000.0,1223000.0
2020-02-02,ER,East India,Odisha,20.95,85.09,1550.0,356000.0,414000.0
2020-02-02,NER,NE India,Assam,26.2,92.93,30.0,41000.0,11000.0
2020-02-02,NR,North India,Rajasthan,26.91,74.22,39000.0,926000.0,452000.0
2020-02-02,SR,South India,Tamil Nadu,11.12,78.66,77190.0,962000.0,503000.0
2020-02-02,WR,West India,Gujarat,23.02,72.57,26400.0,1138000.0,1164000.0
2020-02-03,ER,East India,Odisha,20.95,85.09,1540.0,359000.0,420000.0
2020-02-03,NER,NE India,Assam,26.2,92.93,50.0,41000.0,11000.0
2020-02-03,NR,North India,Rajasthan,26.91,74.22,39480.0,959000.0,480000.0
2020-02-03,SR,South India,Tamil Nadu,11.12,78.66,85810.0,1006000.0,533000.0
2020-02-03,WR,West India,Gujarat,23.02,72.57,24100.0,1183000.0,1210000.0
2020-02-04,ER,East India,Odisha,20.95,85.09,1420.0,361000.0,458000.0
2020-02-04,NER,NE India,Assam,26.2,92.93,40.0,41000.0,14000.0
2020-02-04,NR,North India,Rajasthan,26.91,74.22,32110.0,983000.0,488000.0
2020-02-04,SR,South India,Tamil Nadu,11.12,78.66,85570.0,1023000.0,550000.0
2020-02-04,WR,West India,Gujarat,23.02,72.57,25200.0,1182000.0,1247000.0
2020-02-05,ER,East India,Odisha,20.95,85.09,1490.0,357000.0,448000.0
2020-02-05,NER,NE India,Assam,26.2,92.93,40.0,42000.0,13000.0
2020-02-05,NR,North India,Rajasthan,26.91,74.22,35830.0,989000.0,485000.0
2020-02-05,SR,South India,Tamil Nadu,11.12,78.66,85320.0,1047000.0,564000.0
2020-02-05,WR,West India,Gujarat,23.02,72.57,25600.0,1175000.0,1258000.0
2020-02-06,ER,East India,Odisha,20.95,85.09,1520.0,360000.0,465000.0
2020-02-06,NER,NE India,Assam,26.2,92.93,50.0,42000.0,13000.0
2020-02-06,NR,North India,Rajasthan,26.91,74.22,39640.0,993000.0,510000.0
2020-02-06,SR,South India,Tamil Nadu,11.12,78.66,92150.0,1051000.0,557000.0
2020-02-06,WR,West India,Gujarat,23.02,72.57,25600.0,1185000.0,1252000.0
2020-02-07,ER,East India,Odisha,20.95,85.09,1350.0,368000.0,466000.0
2020-02-07,NER,NE India,Assam,26.2,92.93,40.0,42000.0,12000.0
2020-02-07,NR,North India,Rajasthan,26.91,74.22,38530.0,1004000.0,518000.0
2020-02-07,SR,South India,Tamil Nadu,11.12,78.66,85950.0,1051000.0,550000.0
2020-02-07,WR,West India,Gujarat,23.02,72.57,25300.0,1171000.0,1255000.0
2020-02-08,ER,East India,Odisha,20.95,85.09,1320.0,370000.0,452000.0
2020-02-08,NER,NE India,Assam,26.2,92.93,30.0,42000.0,12000.0
2020-02-08,NR,North India,Rajasthan,26.91,74.22,39830.0,988000.0,499000.0
2020-02-08,SR,South India,Tamil Nadu,11.12,78.66,69620.0,1034000.0,535000.0
2020-02-08,WR,West India,Gujarat,23.02,72.57,25600.0,1164000.0,1219000.0
2020-02-09,ER,East India,Odisha,20.95,85.09,1490.0,363000.0,433000.0
2020-02-09,NER,NE India,Assam,26.2,92.93,40.0,39000.0,9000.0
2020-02-09,NR,North India,Rajasthan,26.91,74.22,38320.0,963000.0,478000.0
2020-02-09,SR,South India,Tamil Nadu,11.12,78.66,76140.0,958000.0,505000.0
2020-02-09,WR,West India,Gujarat,23.02,72.57,27700.0,1116000.0,1176000.0
2020-02-10,ER,East India,Odisha,20.95,85.09,1540.0,371000.0,438000.0
2020-02-10,NER,NE India,Assam,26.2,92.93,40.0,41000.0,7000.0
2020-02-10,NR,North India,Rajasthan,26.91,74.22,38380.0,984000.0,485000.0
2020-02-10,SR,South India,Tamil Nadu,11.12,78.66,73320.0,990000.0,526000.0
2020-02-10,WR,West India,Gujarat,23.02,72.57,25500.0,1166000.0,1223000.0
2020-02-11,ER,East India,Odisha,20.95,85.09,1560.0,372000.0,449000.0
2020-02-11,NER,NE India,Assam,26.2,92.93,40.0,42000.0,8000.0
2020-02-11,NR,North India,Rajasthan,26.91,74.22,37630.0,1004000.0,485000.0
2020-02-11,SR,South India,Tamil Nadu,11.12,78.66,76100.0,1022000.0,528000.0
2020-02-11,WR,West India,Gujarat,23.02,72.57,24300.0,1206000.0,1253000.0
2020-02-12,ER,East India,Odisha,20.95,85.09,1550.0,371000.0,458000.0
2020-02-12,NER,NE India,Assam,26.2,92.93,40.0,42000.0,12000.0
2020-02-12,NR,North India,Rajasthan,26.91,74.22,37270.0,1001000.0,485000.0
2020-02-12,SR,South India,Tamil Nadu,11.12,78.66,78940.0,1037000.0,543000.0
2020-02-12,WR,West India,Gujarat,23.02,72.57,24700.0,1216000.0,1261000.0
2020-02-13,ER,East India,Odisha,20.95,85.09,1480.0,369000.0,474000.0
2020-02-13,NER,NE India,Assam,26.2,92.93,40.0,43000.0,13000.0
2020-02-13,NR,North India,Rajasthan,26.91,74.22,37860.0,981000.0,486000.0
2020-02-13,SR,South India,Tamil Nadu,11.12,78.66,88890.0,1053000.0,569000.0
2020-02-13,WR,West India,Gujarat,23.02,72.57,25900.0,1226000.0,1295000.0
2020-02-14,ER,East India,Odisha,20.95,85.09,1530.0,359000.0,475000.0
2020-02-14,NER,NE India,Assam,26.2,92.93,30.0,43000.0,14000.0
2020-02-14,NR,North India,Rajasthan,26.91,74.22,40850.0,973000.0,482000.0
2020-02-14,SR,South India,Tamil Nadu,11.12,78.66,101940.0,1069000.0,586000.0
2020-02-14,WR,West India,Gujarat,23.02,72.57,27400.0,1225000.0,1286000.0
2020-02-15,ER,East India,Odisha,20.95,85.09,1530.0,356000.0,459000.0
2020-02-15,NER,NE India,Assam,26.2,92.93,30.0,42000.0,14000.0
2020-02-15,NR,North India,Rajasthan,26.91,74.22,42180.0,974000.0,502000.0
2020-02-15,SR,South India,Tamil Nadu,11.12,78.66,100660.0,1062000.0,590000.0
2020-02-15,WR,West India,Gujarat,23.02,72.57,27000.0,1221000.0,1304000.0
2020-02-16,ER,East India,Odisha,20.95,85.09,1540.0,354000.0,460000.0
2020-02-16,NER,NE India,Assam,26.2,92.93,40.0,40000.0,11000.0
2020-02-16,NR,North India,Rajasthan,26.91,74.22,42690.0,961000.0,482000.0
2020-02-16,SR,South India,Tamil Nadu,11.12,78.66,102140.0,1026000.0,549000.0
2020-02-16,WR,West India,Gujarat,23.02,72.57,27300.0,1191000.0,1251000.0
2020-02-17,ER,East India,Odisha,20.95,85.09,1520.0,358000.0,474000.0
2020-02-17,NER,NE India,Assam,26.2,92.93,30.0,42000.0,11000.0
2020-02-17,NR,North India,Rajasthan,26.91,74.22,42470.0,984000.0,486000.0
2020-02-17,SR,South India,Tamil Nadu,11.12,78.66,103620.0,1076000.0,559000.0
2020-02-17,WR,West India,Gujarat,23.02,72.57,28600.0,1239000.0,1267000.0
2020-02-18,ER,East India,Odisha,20.95,85.09,890.0,361000.0,486000.0
2020-02-18,NER,NE India,Assam,26.2,92.93,30.0,41000.0,12000.0
2020-02-18,NR,North India,Rajasthan,26.91,74.22,42350.0,995000.0,496000.0
2020-02-18,SR,South India,Tamil Nadu,11.12,78.66,103030.0,1096000.0,570000.0
2020-02-18,WR,West India,Gujarat,23.02,72.57,28700.0,1253000.0,1310000.0
2020-02-19,ER,East India,Odisha,20.95,85.09,1550.0,364000.0,481000.0
2020-02-19,NER,NE India,Assam,26.2,92.93,30.0,41000.0,12000.0
2020-02-19,NR,North India,Rajasthan,26.91,74.22,35440.0,985000.0,477000.0
2020-02-19,SR,South India,Tamil Nadu,11.12,78.66,102830.0,1106000.0,570000.0
2020-02-19,WR,West India,Gujarat,23.02,72.57,25500.0,1261000.0,1329000.0
2020-02-20,ER,East India,Odisha,20.95,85.09,1360.0,368000.0,461000.0
2020-02-20,NER,NE India,Assam,26.2,92.93,10.0,41000.0,11000.0
2020-02-20,NR,North India,Rajasthan,26.91,74.22,33850.0,942000.0,452000.0
2020-02-20,SR,South India,Tamil Nadu,11.12,78.66,102030.0,1096000.0,546000.0
2020-02-20,WR,West India,Gujarat,23.02,72.57,27200.0,1272000.0,1300000.0
2020-02-21,ER,East India,Odisha,20.95,85.09,1350.0,370000.0,459000.0
2020-02-21,NER,NE India,Assam,26.2,92.93,20.0,41000.0,12000.0
2020-02-21,NR,North India,Rajasthan,26.91,74.22,34880.0,873000.0,440000.0
2020-02-21,SR,South India,Tamil Nadu,11.12,78.66,95690.0,1089000.0,523000.0
2020-02-21,WR,West India,Gujarat,23.02,72.57,26000.0,1225000.0,1239000.0
2020-02-22,ER,East India,Odisha,20.95,85.09,1170.0,352000.0,455000.0
2020-02-22,NER,NE India,Assam,26.2,92.93,20.0,41000.0,11000.0
2020-02-22,NR,North India,Rajasthan,26.91,74.22,36500.0,903000.0,425000.0
2020-02-22,SR,South India,Tamil Nadu,11.12,78.66,96220.0,1084000.0,530000.0
2020-02-22,WR,West India,Gujarat,23.02,72.57,27400.0,1230000.0,1248000.0
2020-02-23,ER,East India,Odisha,20.95,85.09,1420.0,344000.0,454000.0
2020-02-23,NER,NE India,Assam,26.2,92.93,20.0,38000.0,11000.0
2020-02-23,NR,North India,Rajasthan,26.91,74.22,35530.0,882000.0,419000.0
2020-02-23,SR,South India,Tamil Nadu,11.12,78.66,100840.0,1040000.0,502000.0
2020-02-23,WR,West India,Gujarat,23.02,72.57,26600.0,1203000.0,1231000.0
2020-02-24,ER,East India,Odisha,20.95,85.09,1550.0,339000.0,462000.0
2020-02-24,NER,NE India,Assam,26.2,92.93,20.0,39000.0,11000.0
2020-02-24,NR,North India,Rajasthan,26.91,74.22,35070.0,923000.0,458000.0
2020-02-24,SR,South India,Tamil Nadu,11.12,78.66,90440.0,1090000.0,539000.0
2020-02-24,WR,West India,Gujarat,23.02,72.57,26300.0,1227000.0,1274000.0
2020-02-25,ER,East India,Odisha,20.95,85.09,1070.0,332000.0,469000.0
2020-02-25,NER,NE India,Assam,26.2,92.93,20.0,41000.0,12000.0
2020-02-25,NR,North India,Rajasthan,26.91,74.22,37730.0,933000.0,454000.0
2020-02-25,SR,South India,Tamil Nadu,11.12,78.66,85030.0,1114000.0,554000.0
2020-02-25,WR,West India,Gujarat,23.02,72.57,28100.0,1214000.0,1281000.0
2020-02-26,ER,East India,Odisha,20.95,85.09,1320.0,336000.0,465000.0
2020-02-26,NER,NE India,Assam,26.2,92.93,10.0,37000.0,12000.0
2020-02-26,NR,North India,Rajasthan,26.91,74.22,36990.0,933000.0,469000.0
2020-02-26,SR,South India,Tamil Nadu,11.12,78.66,93290.0,1117000.0,563000.0
2020-02-26,WR,West India,Gujarat,23.02,72.57,28500.0,1209000.0,1280000.0
2020-02-27,ER,East India,Odisha,20.95,85.09,1440.0,344000.0,464000.0
2020-02-27,NER,NE India,Assam,26.2,92.93,20.0,39000.0,11000.0
2020-02-27,NR,North India,Rajasthan,26.91,74.22,34690.0,921000.0,427000.0
2020-02-27,SR,South India,Tamil Nadu,11.12,78.66,92120.0,1117000.0,555000.0
2020-02-27,WR,West India,Gujarat,23.02,72.57,27000.0,1209000.0,1275000.0
2020-02-28,ER,East India,Odisha,20.95,85.09,1540.0,348000.0,462000.0
2020-02-28,NER,NE India,Assam,26.2,92.93,20.0,40000.0,10000.0
2020-02-28,NR,North India,Rajasthan,26.91,74.22,38300.0,938000.0,468000.0
2020-02-28,SR,South India,Tamil Nadu,11.12,78.66,93280.0,1125000.0,550000.0
2020-02-28,WR,West India,Gujarat,23.02,72.57,23900.0,1231000.0,1244000.0
2020-02-29,ER,East India,Odisha,20.95,85.09,1480.0,347000.0,452000.0
2020-02-29,NER,NE India,Assam,26.2,92.93,50.0,41000.0,11000.0
2020-02-29,NR,North India,Rajasthan,26.91,74.22,35120.0,858000.0,425000.0
2020-02-29,SR,South India,Tamil Nadu,11.12,78.66,91460.0,1118000.0,550000.0
2020-02-29,WR,West India,Gujarat,23.02,72.57,25100.0,1224000.0,1262000.0
2020-03-01,ER,East India,Odisha,20.95,85.09,1480.0,337000.0,420000.0
2020-03-01,NER,NE India,Assam,26.2,92.93,40.0,38000.0,10000.0
2020-03-01,NR,North India,Rajasthan,26.91,74.22,35640.0,802000.0,392000.0
2020-03-01,SR,South India,Tamil Nadu,11.12,78.66,91630.0,1048000.0,522000.0
2020-03-01,WR,West India,Gujarat,23.02,72.57,26200.0,1152000.0,1171000.0
2020-03-02,ER,East India,Odisha,20.95,85.09,1410.0,354000.0,468000.0
2020-03-02,NER,NE India,Assam,26.2,92.93,50.0,40000.0,11000.0
2020-03-02,NR,North India,Rajasthan,26.91,74.22,40400.0,882000.0,416000.0
2020-03-02,SR,South India,Tamil Nadu,11.12,78.66,84650.0,1090000.0,563000.0
2020-03-02,WR,West India,Gujarat,23.02,72.57,26290.0,1199000.0,1254000.0
2020-03-03,ER,East India,Odisha,20.95,85.09,1530.0,347000.0,478000.0
2020-03-03,NER,NE India,Assam,26.2,92.93,30.0,38000.0,11000.0
2020-03-03,NR,North India,Rajasthan,26.91,74.22,41010.0,914000.0,444000.0
2020-03-03,SR,South India,Tamil Nadu,11.12,78.66,82520.0,1117000.0,575000.0
2020-03-03,WR,West India,Gujarat,23.02,72.57,28000.0,1219000.0,1241000.0
2020-03-04,ER,East India,Odisha,20.95,85.09,1500.0,338000.0,464000.0
2020-03-04,NER,NE India,Assam,26.2,92.93,40.0,39000.0,10000.0
2020-03-04,NR,North India,Rajasthan,26.91,74.22,38900.0,880000.0,426000.0
2020-03-04,SR,South India,Tamil Nadu,11.12,78.66,88100.0,1125000.0,559000.0
2020-03-04,WR,West India,Gujarat,23.02,72.57,29200.0,1208000.0,1221000.0
2020-03-05,ER,East India,Odisha,20.95,85.09,1510.0,341000.0,453000.0
2020-03-05,NER,NE India,Assam,26.2,92.93,40.0,40000.0,11000.0
2020-03-05,NR,North India,Rajasthan,26.91,74.22,31120.0,821000.0,391000.0
2020-03-05,SR,South India,Tamil Nadu,11.12,78.66,86410.0,1122000.0,556000.0
2020-03-05,WR,West India,Gujarat,23.02,72.57,28000.0,1209000.0,1205000.0
2020-03-06,ER,East India,Odisha,20.95,85.09,1470.0,331000.0,427000.0
2020-03-06,NER,NE India,Assam,26.2,92.93,30.0,40000.0,7000.0
2020-03-06,NR,North India,Rajasthan,26.91,74.22,20110.0,719000.0,357000.0
2020-03-06,SR,South India,Tamil Nadu,11.12,78.66,86650.0,1115000.0,549000.0
2020-03-06,WR,West India,Gujarat,23.02,72.57,27000.0,1182000.0,1175000.0
2020-03-07,ER,East India,Odisha,20.95,85.09,1490.0,325000.0,453000.0
2020-03-07,NER,NE India,Assam,26.2,92.93,20.0,40000.0,7000.0
2020-03-07,NR,North India,Rajasthan,26.91,74.22,35640.0,787000.0,383000.0
2020-03-07,SR,South India,Tamil Nadu,11.12,78.66,80090.0,1091000.0,557000.0
2020-03-07,WR,West India,Gujarat,23.02,72.57,29700.0,1166000.0,1226000.0
2020-03-08,ER,East India,Odisha,20.95,85.09,1620.0,332000.0,446000.0
2020-03-08,NER,NE India,Assam,26.2,92.93,30.0,39000.0,9000.0
2020-03-08,NR,North India,Rajasthan,26.91,74.22,45070.0,790000.0,380000.0
2020-03-08,SR,South India,Tamil Nadu,11.12,78.66,76680.0,1037000.0,536000.0
2020-03-08,WR,West India,Gujarat,23.02,72.57,28300.0,1150000.0,1170000.0
2020-03-09,ER,East India,Odisha,20.95,85.09,1670.0,327000.0,443000.0
2020-03-09,NER,NE India,Assam,26.2,92.93,30.0,41000.0,11000.0
2020-03-09,NR,North India,Rajasthan,26.91,74.22,42910.0,778000.0,361000.0
2020-03-09,SR,South India,Tamil Nadu,11.12,78.66,72980.0,1078000.0,532000.0
2020-03-09,WR,West India,Gujarat,23.02,72.57,26800.0,1159000.0,1171000.0
2020-03-10,ER,East India,Odisha,20.95,85.09,1480.0,316000.0,373000.0
2020-03-10,NER,NE India,Assam,26.2,92.93,40.0,38000.0,10000.0
2020-03-10,NR,North India,Rajasthan,26.91,74.22,35530.0,675000.0,311000.0
2020-03-10,SR,South India,Tamil Nadu,11.12,78.66,99170.0,1075000.0,515000.0
2020-03-10,WR,West India,Gujarat,23.02,72.57,25400.0,980000.0,1010000.0
2020-03-11,ER,East India,Odisha,20.95,85.09,1300.0,334000.0,424000.0
2020-03-11,NER,NE India,Assam,26.2,92.93,40.0,39000.0,11000.0
2020-03-11,NR,North India,Rajasthan,26.91,74.22,32439.999999999996,684000.0,310000.0
2020-03-11,SR,South India,Tamil Nadu,11.12,78.66,85990.0,1106000.0,543000.0
2020-03-11,WR,West India,Gujarat,23.02,72.57,28000.0,1054000.0,1050000.0
2020-03-12,ER,East India,Odisha,20.95,85.09,1470.0,349000.0,479000.0
2020-03-12,NER,NE India,Assam,26.2,92.93,40.0,41000.0,11000.0
2020-03-12,NR,North India,Rajasthan,26.91,74.22,33560.0,748000.0,315000.0
2020-03-12,SR,South India,Tamil Nadu,11.12,78.66,87340.0,1123000.0,562000.0
2020-03-12,WR,West India,Gujarat,23.02,72.57,30600.0,1130000.0,1134000.0
2020-03-13,ER,East India,Odisha,20.95,85.09,1290.0,359000.0,491000.0
2020-03-13,NER,NE India,Assam,26.2,92.93,40.0,42000.0,11000.0
2020-03-13,NR,North India,Rajasthan,26.91,74.22,34320.0,772000.0,342000.0
2020-03-13,SR,South India,Tamil Nadu,11.12,78.66,94500.0,1125000.0,550000.0
2020-03-13,WR,West India,Gujarat,23.02,72.57,31500.0,1136000.0,1154000.0
2020-03-14,ER,East India,Odisha,20.95,85.09,1210.0,337000.0,484000.0
2020-03-14,NER,NE India,Assam,26.2,92.93,40.0,41000.0,11000.0
2020-03-14,NR,North India,Rajasthan,26.91,74.22,37990.0,791000.0,362000.0
2020-03-14,SR,South India,Tamil Nadu,11.12,78.66,91420.0,1117000.0,554000.0
2020-03-14,WR,West India,Gujarat,23.02,72.57,30300.0,1127000.0,1104000.0
2020-03-15,ER,East India,Odisha,20.95,85.09,1720.0,340000.0,468000.0
2020-03-15,NER,NE India,Assam,26.2,92.93,30.0,40000.0,10000.0
2020-03-15,NR,North India,Rajasthan,26.91,74.22,34080.0,763000.0,337000.0
2020-03-15,SR,South India,Tamil Nadu,11.12,78.66,94260.0,1064000.0,520000.0
2020-03-15,WR,West India,Gujarat,23.02,72.57,27700.0,1108000.0,1064000.0
2020-03-16,ER,East India,Odisha,20.95,85.09,1750.0,369000.0,495000.0
2020-03-16,NER,NE India,Assam,26.2,92.93,40.0,41000.0,12000.0
2020-03-16,NR,North India,Rajasthan,26.91,74.22,42300.0,802000.0,347000.0
2020-03-16,SR,South India,Tamil Nadu,11.12,78.66,92850.0,1127000.0,534000.0
2020-03-16,WR,West India,Gujarat,23.02,72.57,27100.0,1156000.0,1113000.0
2020-03-17,ER,East India,Odisha,20.95,85.09,4710.0,383000.0,498000.0
2020-03-17,NER,NE India,Assam,26.2,92.93,50.0,42000.0,12000.0
2020-03-17,NR,North India,Rajasthan,26.91,74.22,35960.0,827000.0,376000.0
2020-03-17,SR,South India,Tamil Nadu,11.12,78.66,99760.0,1148000.0,552000.0
2020-03-17,WR,West India,Gujarat,23.02,72.57,27430.0,1187000.0,1163000.0
2020-03-18,ER,East India,Odisha,20.95,85.09,4650.0,385000.0,495000.0
2020-03-18,NER,NE India,Assam,26.2,92.93,40.0,42000.0,11000.0
2020-03-18,NR,North India,Rajasthan,26.91,74.22,43590.0,851000.0,410000.0
2020-03-18,SR,South India,Tamil Nadu,11.12,78.66,101040.0,1157000.0,559000.0
2020-03-18,WR,West India,Gujarat,23.02,72.57,27100.0,1170000.0,1195000.0
2020-03-19,ER,East India,Odisha,20.95,85.09,4560.0,373000.0,487000.0
2020-03-19,NER,NE India,Assam,26.2,92.93,40.0,42000.0,11000.0
2020-03-19,NR,North India,Rajasthan,26.91,74.22,39110.0,860000.0,419000.0
2020-03-19,SR,South India,Tamil Nadu,11.12,78.66,93460.0,1147000.0,571000.0
2020-03-19,WR,West India,Gujarat,23.02,72.57,27500.0,1171000.0,1210000.0
2020-03-20,ER,East India,Odisha,20.95,85.09,4640.0,367000.0,468000.0
2020-03-20,NER,NE India,Assam,26.2,92.93,30.0,43000.0,11000.0
2020-03-20,NR,North India,Rajasthan,26.91,74.22,40480.0,866000.0,401000.0
2020-03-20,SR,South India,Tamil Nadu,11.12,78.66,92590.0,1128000.0,537000.0
2020-03-20,WR,West India,Gujarat,23.02,72.57,28400.0,1161000.0,1171000.0
2020-03-21,ER,East India,Odisha,20.95,85.09,4450.0,362000.0,474000.0
2020-03-21,NER,NE India,Assam,26.2,92.93,40.0,43000.0,9000.0
2020-03-21,NR,North India,Rajasthan,26.91,74.22,39300.0,843000.0,396000.0
2020-03-21,SR,South India,Tamil Nadu,11.12,78.66,100220.0,1104000.0,512000.0
2020-03-21,WR,West India,Gujarat,23.02,72.57,30200.0,1143000.0,1148000.0
2020-03-22,ER,East India,Odisha,20.95,85.09,4690.0,315000.0,388000.0
2020-03-22,NER,NE India,Assam,26.2,92.93,30.0,36000.0,9000.0
2020-03-22,NR,North India,Rajasthan,26.91,74.22,35740.0,734000.0,364000.0
2020-03-22,SR,South India,Tamil Nadu,11.12,78.66,91790.0,975000.0,466000.0
2020-03-22,WR,West India,Gujarat,23.02,72.57,27100.0,971000.0,983000.0
2020-03-23,ER,East India,Odisha,20.95,85.09,4660.0,325000.0,420000.0
2020-03-23,NER,NE India,Assam,26.2,92.93,20.0,39000.0,10000.0
2020-03-23,NR,North India,Rajasthan,26.91,74.22,32920.0,724000.0,352000.0
2020-03-23,SR,South India,Tamil Nadu,11.12,78.66,93750.0,1030000.0,480000.0
2020-03-23,WR,West India,Gujarat,23.02,72.57,25900.0,996000.0,1049000.0
2020-03-24,ER,East India,Odisha,20.95,85.09,4680.0,314000.0,376000.0
2020-03-24,NER,NE India,Assam,26.2,92.93,20.0,39000.0,10000.0
2020-03-24,NR,North India,Rajasthan,26.91,74.22,29530.0,695000.0,332000.0
2020-03-24,SR,South India,Tamil Nadu,11.12,78.66,96000.0,983000.0,458000.0
2020-03-24,WR,West India,Gujarat,23.02,72.57,24600.0,944000.0,972000.0
2020-03-25,ER,East India,Odisha,20.95,85.09,4650.0,320000.0,351000.0
2020-03-25,NER,NE India,Assam,26.2,92.93,40.0,36000.0,7000.0
2020-03-25,NR,North India,Rajasthan,26.91,74.22,28280.0,665000.0,334000.0
2020-03-25,SR,South India,Tamil Nadu,11.12,78.66,96570.0,911000.0,411000.0
2020-03-25,WR,West India,Gujarat,23.02,72.57,18100.0,844000.0,843000.0
2020-03-26,ER,East India,Odisha,20.95,85.09,5460.0,327000.0,352000.0
2020-03-26,NER,NE India,Assam,26.2,92.93,40.0,35000.0,6000.0
2020-03-26,NR,North India,Rajasthan,26.91,74.22,17020.0,628000.0,303000.0
2020-03-26,SR,South India,Tamil Nadu,11.12,78.66,96740.0,891000.0,377000.0
2020-03-26,WR,West India,Gujarat,23.02,72.57,19300.0,771000.0,762000.0
2020-03-27,ER,East India,Odisha,20.95,85.09,4670.0,333000.0,365000.0
2020-03-27,NER,NE India,Assam,26.2,92.93,40.0,36000.0,7000.0
2020-03-27,NR,North India,Rajasthan,26.91,74.22,30010.0,566000.0,276000.0
2020-03-27,SR,South India,Tamil Nadu,11.12,78.66,97140.0,896000.0,360000.0
2020-03-27,WR,West India,Gujarat,23.02,72.57,22100.0,761000.0,736000.0
2020-03-28,ER,East India,Odisha,20.95,85.09,4590.0,333000.0,366000.0
2020-03-28,NER,NE India,Assam,26.2,92.93,40.0,36000.0,7000.0
2020-03-28,NR,North India,Rajasthan,26.91,74.22,45340.0,579000.0,261000.0
2020-03-28,SR,South India,Tamil Nadu,11.12,78.66,98220.0,900000.0,375000.0
2020-03-28,WR,West India,Gujarat,23.02,72.57,29900.0,781000.0,733000.0
2020-03-29,ER,East India,Odisha,20.95,85.09,4550.0,325000.0,363000.0
2020-03-29,NER,NE India,Assam,26.2,92.93,40.0,35000.0,7000.0
2020-03-29,NR,North India,Rajasthan,26.91,74.22,44640.0,598000.0,265000.0
2020-03-29,SR,South India,Tamil Nadu,11.12,78.66,94510.0,897000.0,353000.0
2020-03-29,WR,West India,Gujarat,23.02,72.57,30400.0,785000.0,740000.0
2020-03-30,ER,East India,Odisha,20.95,85.09,4700.0,326000.0,360000.0
2020-03-30,NER,NE India,Assam,26.2,92.93,40.0,36000.0,7000.0
2020-03-30,NR,North India,Rajasthan,26.91,74.22,44650.0,610000.0,266000.0
2020-03-30,SR,South India,Tamil Nadu,11.12,78.66,95760.0,902000.0,362000.0
2020-03-30,WR,West India,Gujarat,23.02,72.57,28800.0,791000.0,731000.0
2020-03-31,ER,East India,Odisha,20.95,85.09,4740.0,334000.0,368000.0
2020-03-31,NER,NE India,Assam,26.2,92.93,40.0,36000.0,7000.0
2020-03-31,NR,North India,Rajasthan,26.91,74.22,35360.0,623000.0,278000.0
2020-03-31,SR,South India,Tamil Nadu,11.12,78.66,97670.0,910000.0,375000.0
2020-03-31,WR,West India,Gujarat,23.02,72.57,28120.0,802000.0,742000.0
2020-04-01,ER,East India,Odisha,20.95,85.09,4680.0,333000.0,373000.0
2020-04-01,NER,NE India,Assam,26.2,92.93,40.0,35000.0,8000.0
2020-04-01,NR,North India,Rajasthan,26.91,74.22,45800.0,638000.0,281000.0
2020-04-01,SR,South India,Tamil Nadu,11.12,78.66,90170.0,903000.0,384000.0
2020-04-01,WR,West India,Gujarat,23.02,72.57,29300.0,822000.0,754000.0
2020-04-02,ER,East India,Odisha,20.95,85.09,4690.0,337000.0,389000.0
2020-04-02,NER,NE India,Assam,26.2,92.93,10.0,34000.0,11000.0
2020-04-02,NR,North India,Rajasthan,26.91,74.22,46410.0,653000.0,289000.0
2020-04-02,SR,South India,Tamil Nadu,11.12,78.66,94710.0,917000.0,400000.0
2020-04-02,WR,West India,Gujarat,23.02,72.57,29500.0,846000.0,790000.0
2020-04-03,ER,East India,Odisha,20.95,85.09,4760.0,338000.0,387000.0
2020-04-03,NER,NE India,Assam,26.2,92.93,30.0,33000.0,10000.0
2020-04-03,NR,North India,Rajasthan,26.91,74.22,46620.0,654000.0,288000.0
2020-04-03,SR,South India,Tamil Nadu,11.12,78.66,92640.0,911000.0,394000.0
2020-04-03,WR,West India,Gujarat,23.02,72.57,29200.0,858000.0,790000.0
2020-04-04,ER,East India,Odisha,20.95,85.09,4730.0,340000.0,401000.0
2020-04-04,NER,NE India,Assam,26.2,92.93,40.0,34000.0,10000.0
2020-04-04,NR,North India,Rajasthan,26.91,74.22,37350.0,651000.0,291000.0
2020-04-04,SR,South India,Tamil Nadu,11.12,78.66,88610.0,908000.0,397000.0
2020-04-04,WR,West India,Gujarat,23.02,72.57,28320.0,858000.0,801000.0
2020-04-05,ER,East India,Odisha,20.95,85.09,4630.0,337000.0,377000.0
2020-04-05,NER,NE India,Assam,26.2,92.93,20.0,33000.0,10000.0
2020-04-05,NR,North India,Rajasthan,26.91,74.22,37870.0,649000.0,274000.0
2020-04-05,SR,South India,Tamil Nadu,11.12,78.66,83680.0,880000.0,381000.0
2020-04-05,WR,West India,Gujarat,23.02,72.57,29300.0,853000.0,809000.0
2020-04-06,ER,East India,Odisha,20.95,85.09,4830.0,331000.0,388000.0
2020-04-06,NER,NE India,Assam,26.2,92.93,30.0,35000.0,10000.0
2020-04-06,NR,North India,Rajasthan,26.91,74.22,39110.0,662000.0,280000.0
2020-04-06,SR,South India,Tamil Nadu,11.12,78.66,83090.0,860000.0,387000.0
2020-04-06,WR,West India,Gujarat,23.02,72.57,28500.0,869000.0,831000.0
2020-04-07,ER,East India,Odisha,20.95,85.09,4640.0,339000.0,383000.0
2020-04-07,NER,NE India,Assam,26.2,92.93,40.0,35000.0,10000.0
2020-04-07,NR,North India,Rajasthan,26.91,74.22,39490.0,665000.0,281000.0
2020-04-07,SR,South India,Tamil Nadu,11.12,78.66,77080.0,809000.0,350000.0
2020-04-07,WR,West India,Gujarat,23.02,72.57,28500.0,879000.0,812000.0
2020-04-08,ER,East India,Odisha,20.95,85.09,4650.0,329000.0,383000.0
2020-04-08,NER,NE India,Assam,26.2,92.93,30.0,36000.0,10000.0
2020-04-08,NR,North India,Rajasthan,26.91,74.22,44270.0,665000.0,286000.0
2020-04-08,SR,South India,Tamil Nadu,11.12,78.66,88760.0,815000.0,342000.0
2020-04-08,WR,West India,Gujarat,23.02,72.57,28700.0,872000.0,818000.0
2020-04-09,ER,East India,Odisha,20.95,85.09,4680.0,321000.0,373000.0
2020-04-09,NER,NE India,Assam,26.2,92.93,40.0,33000.0,11000.0
2020-04-09,NR,North India,Rajasthan,26.91,74.22,42740.0,674000.0,280000.0
2020-04-09,SR,South India,Tamil Nadu,11.12,78.66,82520.0,778000.0,331000.0
2020-04-09,WR,West India,Gujarat,23.02,72.57,28600.0,888000.0,851000.0
2020-04-10,ER,East India,Odisha,20.95,85.09,4670.0,343000.0,381000.0
2020-04-10,NER,NE India,Assam,26.2,92.93,40.0,27000.0,7000.0
2020-04-10,NR,North India,Rajasthan,26.91,74.22,40540.0,694000.0,271000.0
2020-04-10,SR,South India,Tamil Nadu,11.12,78.66,90580.0,765000.0,319000.0
2020-04-10,WR,West India,Gujarat,23.02,72.57,26900.0,890000.0,887000.0
2020-04-11,ER,East India,Odisha,20.95,85.09,4640.0,351000.0,405000.0
2020-04-11,NER,NE India,Assam,26.2,92.93,40.0,32000.0,7000.0
2020-04-11,NR,North India,Rajasthan,26.91,74.22,41560.0,710000.0,284000.0
2020-04-11,SR,South India,Tamil Nadu,11.12,78.66,97060.0,809000.0,340000.0
2020-04-11,WR,West India,Gujarat,23.02,72.57,27900.0,899000.0,887000.0
2020-04-12,ER,East India,Odisha,20.95,85.09,4530.0,338000.0,398000.0
2020-04-12,NER,NE India,Assam,26.2,92.93,50.0,34000.0,7000.0
2020-04-12,NR,North India,Rajasthan,26.91,74.22,41950.0,716000.0,297000.0
2020-04-12,SR,South India,Tamil Nadu,11.12,78.66,88390.0,822000.0,331000.0
2020-04-12,WR,West India,Gujarat,23.02,72.57,27600.0,909000.0,875000.0
2020-04-13,ER,East India,Odisha,20.95,85.09,4550.0,364000.0,407000.0
2020-04-13,NER,NE India,Assam,26.2,92.93,40.0,37000.0,8000.0
2020-04-13,NR,North India,Rajasthan,26.91,74.22,34790.0,744000.0,301000.0
2020-04-13,SR,South India,Tamil Nadu,11.12,78.66,91430.0,844000.0,337000.0
2020-04-13,WR,West India,Gujarat,23.02,72.57,28090.0,924000.0,901000.0
2020-04-14,ER,East India,Odisha,20.95,85.09,4650.0,379000.0,407000.0
2020-04-14,NER,NE India,Assam,26.2,92.93,40.0,38000.0,10000.0
2020-04-14,NR,North India,Rajasthan,26.91,74.22,30740.0,776000.0,313000.0
2020-04-14,SR,South India,Tamil Nadu,11.12,78.66,92860.0,856000.0,363000.0
2020-04-14,WR,West India,Gujarat,23.02,72.57,27300.0,928000.0,892000.0
2020-04-15,ER,East India,Odisha,20.95,85.09,4630.0,340000.0,380000.0
2020-04-15,NER,NE India,Assam,26.2,92.93,40.0,29000.0,9000.0
2020-04-15,NR,North India,Rajasthan,26.91,74.22,37410.0,777000.0,323000.0
2020-04-15,SR,South India,Tamil Nadu,11.12,78.66,91940.0,863000.0,362000.0
2020-04-15,WR,West India,Gujarat,23.02,72.57,24500.0,929000.0,891000.0
2020-04-16,ER,East India,Odisha,20.95,85.09,4740.0,342000.0,379000.0
2020-04-16,NER,NE India,Assam,26.2,92.93,40.0,29000.0,6000.0
2020-04-16,NR,North India,Rajasthan,26.91,74.22,27100.0,786000.0,333000.0
2020-04-16,SR,South India,Tamil Nadu,11.12,78.66,90640.0,870000.0,371000.0
2020-04-16,WR,West India,Gujarat,23.02,72.57,27100.0,942000.0,904000.0
2020-04-17,ER,East India,Odisha,20.95,85.09,4730.0,348000.0,387000.0
2020-04-17,NER,NE India,Assam,26.2,92.93,40.0,29000.0,7000.0
2020-04-17,NR,North India,Rajasthan,26.91,74.22,32409.999999999996,777000.0,333000.0
2020-04-17,SR,South India,Tamil Nadu,11.12,78.66,89400.0,875000.0,367000.0
2020-04-17,WR,West India,Gujarat,23.02,72.57,24700.0,957000.0,891000.0
2020-04-18,ER,East India,Odisha,20.95,85.09,4570.0,333000.0,380000.0
2020-04-18,NER,NE India,Assam,26.2,92.93,30.0,28000.0,6000.0
2020-04-18,NR,North India,Rajasthan,26.91,74.22,38670.0,743000.0,326000.0
2020-04-18,SR,South India,Tamil Nadu,11.12,78.66,92730.0,865000.0,362000.0
2020-04-18,WR,West India,Gujarat,23.02,72.57,25760.0,940000.0,884000.0
2020-04-19,ER,East India,Odisha,20.95,85.09,4750.0,325000.0,373000.0
2020-04-19,NER,NE India,Assam,26.2,92.93,20.0,30000.0,7000.0
2020-04-19,NR,North India,Rajasthan,26.91,74.22,38940.0,757000.0,332000.0
2020-04-19,SR,South India,Tamil Nadu,11.12,78.66,89760.0,838000.0,359000.0
2020-04-19,WR,West India,Gujarat,23.02,72.57,26600.0,912000.0,859000.0
2020-04-20,ER,East India,Odisha,20.95,85.09,4630.0,321000.0,368000.0
2020-04-20,NER,NE India,Assam,26.2,92.93,30.0,30000.0,7000.0
2020-04-20,NR,North India,Rajasthan,26.91,74.22,29830.0,728000.0,324000.0
2020-04-20,SR,South India,Tamil Nadu,11.12,78.66,88330.0,856000.0,365000.0
2020-04-20,WR,West India,Gujarat,23.02,72.57,27120.0,929000.0,873000.0
2020-04-21,ER,East India,Odisha,20.95,85.09,4620.0,259000.0,339000.0
2020-04-21,NER,NE India,Assam,26.2,92.93,10.0,28000.0,7000.0
2020-04-21,NR,North India,Rajasthan,26.91,74.22,38210.0,712000.0,318000.0
2020-04-21,SR,South India,Tamil Nadu,11.12,78.66,91810.0,851000.0,375000.0
2020-04-21,WR,West India,Gujarat,23.02,72.57,28750.0,939000.0,880000.0
2020-04-22,ER,East India,Odisha,20.95,85.09,4650.0,283000.0,349000.0
2020-04-22,NER,NE India,Assam,26.2,92.93,20.0,29000.0,7000.0
2020-04-22,NR,North India,Rajasthan,26.91,74.22,36190.0,770000.0,327000.0
2020-04-22,SR,South India,Tamil Nadu,11.12,78.66,89070.0,857000.0,383000.0
2020-04-22,WR,West India,Gujarat,23.02,72.57,27720.0,962000.0,893000.0
2020-04-23,ER,East India,Odisha,20.95,85.09,4720.0,292000.0,358000.0
2020-04-23,NER,NE India,Assam,26.2,92.93,30.0,31000.0,8000.0
2020-04-23,NR,North India,Rajasthan,26.91,74.22,34290.0,772000.0,322000.0
2020-04-23,SR,South India,Tamil Nadu,11.12,78.66,90620.0,859000.0,382000.0
2020-04-23,WR,West India,Gujarat,23.02,72.57,27040.0,967000.0,895000.0
2020-04-24,ER,East India,Odisha,20.95,85.09,4680.0,276000.0,353000.0
2020-04-24,NER,NE India,Assam,26.2,92.93,10.0,30000.0,7000.0
2020-04-24,NR,North India,Rajasthan,26.91,74.22,36600.0,793000.0,319000.0
2020-04-24,SR,South India,Tamil Nadu,11.12,78.66,83250.0,845000.0,375000.0
2020-04-24,WR,West India,Gujarat,23.02,72.57,27600.0,973000.0,890000.0
2020-04-25,ER,East India,Odisha,20.95,85.09,4250.0,280000.0,351000.0
2020-04-25,NER,NE India,Assam,26.2,92.93,20.0,31000.0,7000.0
2020-04-25,NR,North India,Rajasthan,26.91,74.22,39800.0,798000.0,325000.0
2020-04-25,SR,South India,Tamil Nadu,11.12,78.66,91440.0,833000.0,346000.0
2020-04-25,WR,West India,Gujarat,23.02,72.57,29000.0,953000.0,854000.0
2020-04-26,ER,East India,Odisha,20.95,85.09,4570.0,275000.0,337000.0
2020-04-26,NER,NE India,Assam,26.2,92.93,40.0,33000.0,7000.0
2020-04-26,NR,North India,Rajasthan,26.91,74.22,39680.0,709000.0,297000.0
2020-04-26,SR,South India,Tamil Nadu,11.12,78.66,89820.0,782000.0,332000.0
2020-04-26,WR,West India,Gujarat,23.02,72.57,26200.0,943000.0,839000.0
2020-04-27,ER,East India,Odisha,20.95,85.09,4630.0,285000.0,322000.0
2020-04-27,NER,NE India,Assam,26.2,92.93,40.0,35000.0,7000.0
2020-04-27,NR,North India,Rajasthan,26.91,74.22,38860.0,684000.0,285000.0
2020-04-27,SR,South India,Tamil Nadu,11.12,78.66,97660.0,792000.0,323000.0
2020-04-27,WR,West India,Gujarat,23.02,72.57,27700.0,944000.0,837000.0
2020-04-28,ER,East India,Odisha,20.95,85.09,4640.0,276000.0,336000.0
2020-04-28,NER,NE India,Assam,26.2,92.93,20.0,35000.0,6000.0
2020-04-28,NR,North India,Rajasthan,26.91,74.22,36370.0,751000.0,288000.0
2020-04-28,SR,South India,Tamil Nadu,11.12,78.66,85310.0,804000.0,333000.0
2020-04-28,WR,West India,Gujarat,23.02,72.57,27560.0,968000.0,902000.0
2020-04-29,ER,East India,Odisha,20.95,85.09,4690.0,290000.0,343000.0
2020-04-29,NER,NE India,Assam,26.2,92.93,40.0,34000.0,7000.0
2020-04-29,NR,North India,Rajasthan,26.91,74.22,36810.0,810000.0,307000.0
2020-04-29,SR,South India,Tamil Nadu,11.12,78.66,67570.0,749000.0,333000.0
2020-04-29,WR,West India,Gujarat,23.02,72.57,27700.0,978000.0,929000.0
2020-04-30,ER,East India,Odisha,20.95,85.09,4730.0,314000.0,374000.0
2020-04-30,NER,NE India,Assam,26.2,92.93,30.0,36000.0,7000.0
2020-04-30,NR,North India,Rajasthan,26.91,74.22,35050.0,839000.0,327000.0
2020-04-30,SR,South India,Tamil Nadu,11.12,78.66,84330.0,783000.0,346000.0
2020-04-30,WR,West India,Gujarat,23.02,72.57,27700.0,982000.0,936000.0
2020-05-01,ER,East India,Odisha,20.95,85.09,4610.0,294000.0,352000.0
2020-05-01,NER,NE India,Assam,26.2,92.93,30.0,37000.0,7000.0
2020-05-01,NR,North India,Rajasthan,26.91,74.22,42610.0,842000.0,308000.0
2020-05-01,SR,South India,Tamil Nadu,11.12,78.66,87210.0,783000.0,332000.0
2020-05-01,WR,West India,Gujarat,23.02,72.57,27200.0,972000.0,900000.0
2020-05-02,ER,East India,Odisha,20.95,85.09,4760.0,295000.0,347000.0
2020-05-02,NER,NE India,Assam,26.2,92.93,40.0,37000.0,7000.0
2020-05-02,NR,North India,Rajasthan,26.91,74.22,42890.0,865000.0,333000.0
2020-05-02,SR,South India,Tamil Nadu,11.12,78.66,94620.0,805000.0,334000.0
2020-05-02,WR,West India,Gujarat,23.02,72.57,28600.0,996000.0,916000.0
2020-05-03,ER,East India,Odisha,20.95,85.09,4830.0,325000.0,336000.0
2020-05-03,NER,NE India,Assam,26.2,92.93,40.0,37000.0,7000.0
2020-05-03,NR,North India,Rajasthan,26.91,74.22,35100.0,791000.0,321000.0
2020-05-03,SR,South India,Tamil Nadu,11.12,78.66,92730.0,814000.0,326000.0
2020-05-03,WR,West India,Gujarat,23.02,72.57,28400.0,995000.0,903000.0
2020-05-04,ER,East India,Odisha,20.95,85.09,4730.0,346000.0,359000.0
2020-05-04,NER,NE India,Assam,26.2,92.93,50.0,40000.0,7000.0
2020-05-04,NR,North India,Rajasthan,26.91,74.22,28800.0,776000.0,292000.0
2020-05-04,SR,South India,Tamil Nadu,11.12,78.66,95800.0,852000.0,344000.0
2020-05-04,WR,West India,Gujarat,23.02,72.57,27570.0,986000.0,931000.0
2020-05-05,ER,East India,Odisha,20.95,85.09,4630.0,344000.0,402000.0
2020-05-05,NER,NE India,Assam,26.2,92.93,40.0,37000.0,7000.0
2020-05-05,NR,North India,Rajasthan,26.91,74.22,41590.0,808000.0,278000.0
2020-05-05,SR,South India,Tamil Nadu,11.12,78.66,92930.0,872000.0,374000.0
2020-05-05,WR,West India,Gujarat,23.02,72.57,28600.0,987000.0,945000.0
2020-05-06,ER,East India,Odisha,20.95,85.09,4890.0,310000.0,370000.0
2020-05-06,NER,NE India,Assam,26.2,92.93,20.0,37000.0,7000.0
2020-05-06,NR,North India,Rajasthan,26.91,74.22,37230.0,817000.0,301000.0
2020-05-06,SR,South India,Tamil Nadu,11.12,78.66,83980.0,877000.0,365000.0
2020-05-06,WR,West India,Gujarat,23.02,72.57,26800.0,1009000.0,965000.0
2020-05-07,ER,East India,Odisha,20.95,85.09,4710.0,326000.0,383000.0
2020-05-07,NER,NE India,Assam,26.2,92.93,40.0,36000.0,7000.0
2020-05-07,NR,North India,Rajasthan,26.91,74.22,43570.0,823000.0,303000.0
2020-05-07,SR,South India,Tamil Nadu,11.12,78.66,83150.0,877000.0,369000.0
2020-05-07,WR,West India,Gujarat,23.02,72.57,29810.0,1007000.0,988000.0
2020-05-08,ER,East India,Odisha,20.95,85.09,4830.0,331000.0,417000.0
2020-05-08,NER,NE India,Assam,26.2,92.93,60.0,38000.0,10000.0
2020-05-08,NR,North India,Rajasthan,26.91,74.22,45030.0,915000.0,339000.0
2020-05-08,SR,South India,Tamil Nadu,11.12,78.66,83060.0,886000.0,401000.0
2020-05-08,WR,West India,Gujarat,23.02,72.57,28800.0,1022000.0,1013000.0
2020-05-09,ER,East India,Odisha,20.95,85.09,4920.0,362000.0,440000.0
2020-05-09,NER,NE India,Assam,26.2,92.93,60.0,42000.0,11000.0
2020-05-09,NR,North India,Rajasthan,26.91,74.22,42600.0,956000.0,338000.0
2020-05-09,SR,South India,Tamil Nadu,11.12,78.66,84330.0,903000.0,417000.0
2020-05-09,WR,West India,Gujarat,23.02,72.57,27830.0,1024000.0,1038000.0
2020-05-10,ER,East India,Odisha,20.95,85.09,4770.0,359000.0,384000.0
2020-05-10,NER,NE India,Assam,26.2,92.93,50.0,44000.0,10000.0
2020-05-10,NR,North India,Rajasthan,26.91,74.22,36380.0,815000.0,307000.0
2020-05-10,SR,South India,Tamil Nadu,11.12,78.66,83980.0,873000.0,389000.0
2020-05-10,WR,West India,Gujarat,23.02,72.57,26300.0,981000.0,975000.0
2020-05-11,ER,East India,Odisha,20.95,85.09,4900.0,331000.0,370000.0
2020-05-11,NER,NE India,Assam,26.2,92.93,30.0,44000.0,10000.0
2020-05-11,NR,North India,Rajasthan,26.91,74.22,36550.0,803000.0,266000.0
2020-05-11,SR,South India,Tamil Nadu,11.12,78.66,86190.0,907000.0,406000.0
2020-05-11,WR,West India,Gujarat,23.02,72.57,27700.0,980000.0,991000.0
2020-05-12,ER,East India,Odisha,20.95,85.09,4870.0,382000.0,436000.0
2020-05-12,NER,NE India,Assam,26.2,92.93,50.0,45000.0,11000.0
2020-05-12,NR,North India,Rajasthan,26.91,74.22,36650.0,876000.0,282000.0
2020-05-12,SR,South India,Tamil Nadu,11.12,78.66,94530.0,911000.0,446000.0
2020-05-12,WR,West India,Gujarat,23.02,72.57,26870.0,1034000.0,1061000.0
2020-05-13,ER,East India,Odisha,20.95,85.09,4920.0,392000.0,450000.0
2020-05-13,NER,NE India,Assam,26.2,92.93,20.0,39000.0,10000.0
2020-05-13,NR,North India,Rajasthan,26.91,74.22,39180.0,931000.0,319000.0
2020-05-13,SR,South India,Tamil Nadu,11.12,78.66,77300.0,922000.0,443000.0
2020-05-13,WR,West India,Gujarat,23.02,72.57,26400.0,1030000.0,1061000.0
2020-05-14,ER,East India,Odisha,20.95,85.09,4860.0,395000.0,447000.0
2020-05-14,NER,NE India,Assam,26.2,92.93,40.0,39000.0,7000.0
2020-05-14,NR,North India,Rajasthan,26.91,74.22,40430.0,929000.0,345000.0
2020-05-14,SR,South India,Tamil Nadu,11.12,78.66,80100.0,927000.0,442000.0
2020-05-14,WR,West India,Gujarat,23.02,72.57,26840.0,1030000.0,1073000.0
2020-05-15,ER,East India,Odisha,20.95,85.09,4850.0,401000.0,447000.0
2020-05-15,NER,NE India,Assam,26.2,92.93,30.0,39000.0,7000.0
2020-05-15,NR,North India,Rajasthan,26.91,74.22,41700.0,971000.0,358000.0
2020-05-15,SR,South India,Tamil Nadu,11.12,78.66,83020.0,931000.0,447000.0
2020-05-15,WR,West India,Gujarat,23.02,72.57,26900.0,1029000.0,1087000.0
2020-05-16,ER,East India,Odisha,20.95,85.09,4820.0,415000.0,460000.0
2020-05-16,NER,NE India,Assam,26.2,92.93,40.0,39000.0,7000.0
2020-05-16,NR,North India,Rajasthan,26.91,74.22,41000.0,1008000.0,368000.0
2020-05-16,SR,South India,Tamil Nadu,11.12,78.66,73610.0,917000.0,429000.0
2020-05-16,WR,West India,Gujarat,23.02,72.57,26400.0,1031000.0,1075000.0
2020-05-17,ER,East India,Odisha,20.95,85.09,4940.0,411000.0,435000.0
2020-05-17,NER,NE India,Assam,26.2,92.93,40.0,39000.0,7000.0
2020-05-17,NR,North India,Rajasthan,26.91,74.22,41000.0,1016000.0,368000.0
2020-05-17,SR,South India,Tamil Nadu,11.12,78.66,73230.0,862000.0,410000.0
2020-05-17,WR,West India,Gujarat,23.02,72.57,26500.0,1021000.0,1025000.0
2020-05-18,ER,East India,Odisha,20.95,85.09,4880.0,428000.0,444000.0
2020-05-18,NER,NE India,Assam,26.2,92.93,40.0,46000.0,7000.0
2020-05-18,NR,North India,Rajasthan,26.91,74.22,42830.0,1049000.0,378000.0
2020-05-18,SR,South India,Tamil Nadu,11.12,78.66,66520.0,834000.0,379000.0
2020-05-18,WR,West India,Gujarat,23.02,72.57,26800.0,1040000.0,1044000.0
2020-05-19,ER,East India,Odisha,20.95,85.09,4350.0,405000.0,440000.0
2020-05-19,NER,NE India,Assam,26.2,92.93,40.0,48000.0,6000.0
2020-05-19,NR,North India,Rajasthan,26.91,74.22,42700.0,1065000.0,383000.0
2020-05-19,SR,South India,Tamil Nadu,11.12,78.66,67770.0,837000.0,332000.0
2020-05-19,WR,West India,Gujarat,23.02,72.57,27700.0,1050000.0,1056000.0
2020-05-20,ER,East India,Odisha,20.95,85.09,4220.0,294000.0,353000.0
2020-05-20,NER,NE India,Assam,26.2,92.93,10.0,45000.0,7000.0
2020-05-20,NR,North India,Rajasthan,26.91,74.22,43140.0,1087000.0,398000.0
2020-05-20,SR,South India,Tamil Nadu,11.12,78.66,81610.0,898000.0,316000.0
2020-05-20,WR,West India,Gujarat,23.02,72.57,28800.0,1052000.0,1083000.0
2020-05-21,ER,East India,Odisha,20.95,85.09,4310.0,269000.0,338000.0
2020-05-21,NER,NE India,Assam,26.2,92.93,20.0,37000.0,5000.0
2020-05-21,NR,North India,Rajasthan,26.91,74.22,44560.0,1109000.0,391000.0
2020-05-21,SR,South India,Tamil Nadu,11.12,78.66,87060.0,932000.0,332000.0
2020-05-21,WR,West India,Gujarat,23.02,72.57,29800.0,1076000.0,1094000.0
2020-05-22,ER,East India,Odisha,20.95,85.09,4610.0,325000.0,369000.0
2020-05-22,NER,NE India,Assam,26.2,92.93,30.0,39000.0,4000.0
2020-05-22,NR,North India,Rajasthan,26.91,74.22,43630.0,1164000.0,413000.0
2020-05-22,SR,South India,Tamil Nadu,11.12,78.66,84590.0,954000.0,377000.0
2020-05-22,WR,West India,Gujarat,23.02,72.57,28520.0,1087000.0,1095000.0
2020-05-23,ER,East India,Odisha,20.95,85.09,4480.0,369000.0,403000.0
2020-05-23,NER,NE India,Assam,26.2,92.93,20.0,41000.0,4000.0
2020-05-23,NR,North India,Rajasthan,26.91,74.22,36930.0,1192000.0,454000.0
2020-05-23,SR,South India,Tamil Nadu,11.12,78.66,84730.0,959000.0,398000.0
2020-05-23,WR,West India,Gujarat,23.02,72.57,29500.0,1095000.0,1101000.0
2020-05-24,ER,East India,Odisha,20.95,85.09,4530.0,396000.0,413000.0
2020-05-24,NER,NE India,Assam,26.2,92.93,30.0,39000.0,3000.0
2020-05-24,NR,North India,Rajasthan,26.91,74.22,37500.0,1201000.0,469000.0
2020-05-24,SR,South India,Tamil Nadu,11.12,78.66,83350.0,938000.0,415000.0
2020-05-24,WR,West India,Gujarat,23.02,72.57,29600.0,1100000.0,1104000.0
2020-05-25,ER,East India,Odisha,20.95,85.09,4540.0,390000.0,409000.0
2020-05-25,NER,NE India,Assam,26.2,92.93,20.0,37000.0,3000.0
2020-05-25,NR,North India,Rajasthan,26.91,74.22,42730.0,1229000.0,478000.0
2020-05-25,SR,South India,Tamil Nadu,11.12,78.66,79250.0,960000.0,444000.0
2020-05-25,WR,West India,Gujarat,23.02,72.57,28100.0,1125000.0,1116000.0
2020-05-26,ER,East India,Odisha,20.95,85.09,4560.0,401000.0,425000.0
2020-05-26,NER,NE India,Assam,26.2,92.93,20.0,29000.0,0.0
2020-05-26,NR,North India,Rajasthan,26.91,74.22,44040.0,1250000.0,474000.0
2020-05-26,SR,South India,Tamil Nadu,11.12,78.66,79510.0,962000.0,452000.0
2020-05-26,WR,West India,Gujarat,23.02,72.57,28020.0,1133000.0,1127000.0
2020-05-27,ER,East India,Odisha,20.95,85.09,4730.0,351000.0,398000.0
2020-05-27,NER,NE India,Assam,26.2,92.93,10.0,30000.0,2000.0
2020-05-27,NR,North India,Rajasthan,26.91,74.22,42570.0,1225000.0,458000.0
2020-05-27,SR,South India,Tamil Nadu,11.12,78.66,80460.0,969000.0,428000.0
2020-05-27,WR,West India,Gujarat,23.02,72.57,28200.0,1129000.0,1092000.0
2020-05-28,ER,East India,Odisha,20.95,85.09,4860.0,323000.0,358000.0
2020-05-28,NER,NE India,Assam,26.2,92.93,50.0,39000.0,2000.0
2020-05-28,NR,North India,Rajasthan,26.91,74.22,40640.0,1101000.0,411000.0
2020-05-28,SR,South India,Tamil Nadu,11.12,78.66,82240.0,957000.0,424000.0
2020-05-28,WR,West India,Gujarat,23.02,72.57,28340.0,1121000.0,999000.0
2020-05-29,ER,East India,Odisha,20.95,85.09,4870.0,361000.0,380000.0
2020-05-29,NER,NE India,Assam,26.2,92.93,40.0,41000.0,6000.0
2020-05-29,NR,North India,Rajasthan,26.91,74.22,38430.0,1026000.0,382000.0
2020-05-29,SR,South India,Tamil Nadu,11.12,78.66,80270.0,945000.0,429000.0
2020-05-29,WR,West India,Gujarat,23.02,72.57,28100.0,1115000.0,990000.0
2020-05-30,ER,East India,Odisha,20.95,85.09,5120.0,375000.0,409000.0
2020-05-30,NER,NE India,Assam,26.2,92.93,30.0,43000.0,8000.0
2020-05-30,NR,North India,Rajasthan,26.91,74.22,36260.0,956000.0,361000.0
2020-05-30,SR,South India,Tamil Nadu,11.12,78.66,72530.0,919000.0,427000.0
2020-05-30,WR,West India,Gujarat,23.02,72.57,26480.0,1111000.0,1000000.0
2020-05-31,ER,East India,Odisha,20.95,85.09,4850.0,354000.0,375000.0
2020-05-31,NER,NE India,Assam,26.2,92.93,40.0,43000.0,11000.0
2020-05-31,NR,North India,Rajasthan,26.91,74.22,39750.0,859000.0,321000.0
2020-05-31,SR,South India,Tamil Nadu,11.12,78.66,69650.0,858000.0,419000.0
2020-05-31,WR,West India,Gujarat,23.02,72.57,26400.0,1080000.0,953000.0
2020-06-01,ER,East India,Odisha,20.95,85.09,4810.0,374000.0,418000.0
2020-06-01,NER,NE India,Assam,26.2,92.93,30.0,42000.0,10000.0
2020-06-01,NR,North India,Rajasthan,26.91,74.22,36670.0,945000.0,353000.0
2020-06-01,SR,South India,Tamil Nadu,11.12,78.66,70540.0,861000.0,409000.0
2020-06-01,WR,West India,Gujarat,23.02,72.57,23620.0,1026000.0,964000.0
2020-06-02,ER,East India,Odisha,20.95,85.09,4780.0,389000.0,408000.0
2020-06-02,NER,NE India,Assam,26.2,92.93,40.0,42000.0,9000.0
2020-06-02,NR,North India,Rajasthan,26.91,74.22,40610.0,996000.0,357000.0
2020-06-02,SR,South India,Tamil Nadu,11.12,78.66,77820.0,847000.0,400000.0
2020-06-02,WR,West India,Gujarat,23.02,72.57,20200.0,986000.0,985000.0
2020-06-03,ER,East India,Odisha,20.95,85.09,4680.0,410000.0,414000.0
2020-06-03,NER,NE India,Assam,26.2,92.93,10.0,41000.0,10000.0
2020-06-03,NR,North India,Rajasthan,26.91,74.22,31370.0,1029000.0,369000.0
2020-06-03,SR,South India,Tamil Nadu,11.12,78.66,72960.0,845000.0,390000.0
2020-06-03,WR,West India,Gujarat,23.02,72.57,18500.0,885000.0,937000.0
2020-06-04,ER,East India,Odisha,20.95,85.09,4570.0,415000.0,431000.0
2020-06-04,NER,NE India,Assam,26.2,92.93,20.0,41000.0,9000.0
2020-06-04,NR,North India,Rajasthan,26.91,74.22,33190.0,1009000.0,357000.0
2020-06-04,SR,South India,Tamil Nadu,11.12,78.66,70740.0,877000.0,371000.0
2020-06-04,WR,West India,Gujarat,23.02,72.57,20700.0,841000.0,885000.0
2020-06-05,ER,East India,Odisha,20.95,85.09,4640.0,387000.0,407000.0
2020-06-05,NER,NE India,Assam,26.2,92.93,30.0,43000.0,10000.0
2020-06-05,NR,North India,Rajasthan,26.91,74.22,22300.0,941000.0,332000.0
2020-06-05,SR,South India,Tamil Nadu,11.12,78.66,80190.0,904000.0,369000.0
2020-06-05,WR,West India,Gujarat,23.02,72.57,23530.0,890000.0,858000.0
2020-06-06,ER,East India,Odisha,20.95,85.09,4770.0,427000.0,411000.0
2020-06-06,NER,NE India,Assam,26.2,92.93,20.0,41000.0,9000.0
2020-06-06,NR,North India,Rajasthan,26.91,74.22,39340.0,982000.0,343000.0
2020-06-06,SR,South India,Tamil Nadu,11.12,78.66,77820.0,887000.0,353000.0
2020-06-06,WR,West India,Gujarat,23.02,72.57,24800.0,911000.0,884000.0
2020-06-07,ER,East India,Odisha,20.95,85.09,4900.0,428000.0,414000.0
2020-06-07,NER,NE India,Assam,26.2,92.93,30.0,45000.0,10000.0
2020-06-07,NR,North India,Rajasthan,26.91,74.22,40100.0,985000.0,346000.0
2020-06-07,SR,South India,Tamil Nadu,11.12,78.66,71310.0,848000.0,320000.0
2020-06-07,WR,West India,Gujarat,23.02,72.57,22600.0,914000.0,888000.0
2020-06-08,ER,East India,Odisha,20.95,85.09,4830.0,437000.0,463000.0
2020-06-08,NER,NE India,Assam,26.2,92.93,10.0,47000.0,11000.0
2020-06-08,NR,North India,Rajasthan,26.91,74.22,41510.0,1095000.0,378000.0
2020-06-08,SR,South India,Tamil Nadu,11.12,78.66,79380.0,906000.0,330000.0
2020-06-08,WR,West India,Gujarat,23.02,72.57,25130.0,957000.0,956000.0
2020-06-09,ER,East India,Odisha,20.95,85.09,4770.0,452000.0,494000.0
2020-06-09,NER,NE India,Assam,26.2,92.93,30.0,51000.0,11000.0
2020-06-09,NR,North India,Rajasthan,26.91,74.22,42470.0,1188000.0,428000.0
2020-06-09,SR,South India,Tamil Nadu,11.12,78.66,78540.0,931000.0,350000.0
2020-06-09,WR,West India,Gujarat,23.02,72.57,25700.0,997000.0,980000.0
2020-06-10,ER,East India,Odisha,20.95,85.09,4880.0,461000.0,471000.0
2020-06-10,NER,NE India,Assam,26.2,92.93,30.0,52000.0,10000.0
2020-06-10,NR,North India,Rajasthan,26.91,74.22,42670.0,1260000.0,472000.0
2020-06-10,SR,South India,Tamil Nadu,11.12,78.66,61620.0,899000.0,353000.0
2020-06-10,WR,West India,Gujarat,23.02,72.57,23600.0,1011000.0,1024000.0
2020-06-11,ER,East India,Odisha,20.95,85.09,4880.0,451000.0,455000.0
2020-06-11,NER,NE India,Assam,26.2,92.93,20.0,51000.0,10000.0
2020-06-11,NR,North India,Rajasthan,26.91,74.22,41870.0,1291000.0,488000.0
2020-06-11,SR,South India,Tamil Nadu,11.12,78.66,38400.0,821000.0,330000.0
2020-06-11,WR,West India,Gujarat,23.02,72.57,21600.0,983000.0,1027000.0
2020-06-12,ER,East India,Odisha,20.95,85.09,4810.0,429000.0,439000.0
2020-06-12,NER,NE India,Assam,26.2,92.93,20.0,49000.0,10000.0
2020-06-12,NR,North India,Rajasthan,26.91,74.22,39090.0,1322000.0,495000.0
2020-06-12,SR,South India,Tamil Nadu,11.12,78.66,50810.0,804000.0,316000.0
2020-06-12,WR,West India,Gujarat,23.02,72.57,21700.0,968000.0,1022000.0
2020-06-13,ER,East India,Odisha,20.95,85.09,4660.0,420000.0,419000.0
2020-06-13,NER,NE India,Assam,26.2,92.93,20.0,50000.0,9000.0
2020-06-13,NR,North India,Rajasthan,26.91,74.22,31310.0,1304000.0,502000.0
2020-06-13,SR,South India,Tamil Nadu,11.12,78.66,61690.0,835000.0,313000.0
2020-06-13,WR,West India,Gujarat,23.02,72.57,19700.0,940000.0,1003000.0
2020-06-14,ER,East India,Odisha,20.95,85.09,4640.0,408000.0,386000.0
2020-06-14,NER,NE India,Assam,26.2,92.93,30.0,49000.0,10000.0
2020-06-14,NR,North India,Rajasthan,26.91,74.22,38150.0,1285000.0,505000.0
2020-06-14,SR,South India,Tamil Nadu,11.12,78.66,66770.0,823000.0,294000.0
2020-06-14,WR,West India,Gujarat,23.02,72.57,19620.0,909000.0,959000.0
2020-06-15,ER,East India,Odisha,20.95,85.09,4760.0,408000.0,399000.0
2020-06-15,NER,NE India,Assam,26.2,92.93,30.0,50000.0,10000.0
2020-06-15,NR,North India,Rajasthan,26.91,74.22,39800.0,1359000.0,543000.0
2020-06-15,SR,South India,Tamil Nadu,11.12,78.66,69310.0,891000.0,303000.0
2020-06-15,WR,West India,Gujarat,23.02,72.57,22200.0,931000.0,985000.0
2020-06-16,ER,East India,Odisha,20.95,85.09,4590.0,406000.0,402000.0
2020-06-16,NER,NE India,Assam,26.2,92.93,20.0,52000.0,10000.0
2020-06-16,NR,North India,Rajasthan,26.91,74.22,40930.0,1388000.0,547000.0
2020-06-16,SR,South India,Tamil Nadu,11.12,78.66,61410.0,891000.0,328000.0
2020-06-16,WR,West India,Gujarat,23.02,72.57,22450.0,951000.0,988000.0
2020-06-17,ER,East India,Odisha,20.95,85.09,4650.0,413000.0,404000.0
2020-06-17,NER,NE India,Assam,26.2,92.93,20.0,50000.0,10000.0
2020-06-17,NR,North India,Rajasthan,26.91,74.22,41500.0,1412000.0,551000.0
2020-06-17,SR,South India,Tamil Nadu,11.12,78.66,58180.0,882000.0,342000.0
2020-06-17,WR,West India,Gujarat,23.02,72.57,20200.0,936000.0,961000.0
2020-06-18,ER,East India,Odisha,20.95,85.09,4500.0,415000.0,413000.0
2020-06-18,NER,NE India,Assam,26.2,92.93,10.0,47000.0,10000.0
2020-06-18,NR,North India,Rajasthan,26.91,74.22,37310.0,1438000.0,564000.0
2020-06-18,SR,South India,Tamil Nadu,11.12,78.66,62900.0,881000.0,323000.0
2020-06-18,WR,West India,Gujarat,23.02,72.57,22900.0,950000.0,963000.0
2020-06-19,ER,East India,Odisha,20.95,85.09,4540.0,432000.0,419000.0
2020-06-19,NER,NE India,Assam,26.2,92.93,30.0,51000.0,10000.0
2020-06-19,NR,North India,Rajasthan,26.91,74.22,39490.0,1425000.0,560000.0
2020-06-19,SR,South India,Tamil Nadu,11.12,78.66,67560.0,895000.0,340000.0
2020-06-19,WR,West India,Gujarat,23.02,72.57,23800.0,964000.0,936000.0
2020-06-20,ER,East India,Odisha,20.95,85.09,4990.0,432000.0,419000.0
2020-06-20,NER,NE India,Assam,26.2,92.93,30.0,52000.0,10000.0
2020-06-20,NR,North India,Rajasthan,26.91,74.22,39960.0,1358000.0,536000.0
2020-06-20,SR,South India,Tamil Nadu,11.12,78.66,72780.0,901000.0,339000.0
2020-06-20,WR,West India,Gujarat,23.02,72.57,23740.0,977000.0,929000.0
2020-06-21,ER,East India,Odisha,20.95,85.09,4590.0,418000.0,398000.0
2020-06-21,NER,NE India,Assam,26.2,92.93,30.0,50000.0,10000.0
2020-06-21,NR,North India,Rajasthan,26.91,74.22,33320.0,1270000.0,499000.0
2020-06-21,SR,South India,Tamil Nadu,11.12,78.66,60470.0,861000.0,323000.0
2020-06-21,WR,West India,Gujarat,23.02,72.57,21600.0,949000.0,916000.0
2020-06-22,ER,East India,Odisha,20.95,85.09,4690.0,419000.0,417000.0
2020-06-22,NER,NE India,Assam,26.2,92.93,30.0,52000.0,10000.0
2020-06-22,NR,North India,Rajasthan,26.91,74.22,42100.0,1294000.0,515000.0
2020-06-22,SR,South India,Tamil Nadu,11.12,78.66,62500.0,881000.0,324000.0
2020-06-22,WR,West India,Gujarat,23.02,72.57,22700.0,980000.0,955000.0
2020-06-23,ER,East India,Odisha,20.95,85.09,4820.0,436000.0,450000.0
2020-06-23,NER,NE India,Assam,26.2,92.93,30.0,51000.0,10000.0
2020-06-23,NR,North India,Rajasthan,26.91,74.22,40830.0,1351000.0,548000.0
2020-06-23,SR,South India,Tamil Nadu,11.12,78.66,73520.0,901000.0,350000.0
2020-06-23,WR,West India,Gujarat,23.02,72.57,21200.0,995000.0,1000000.0
2020-06-24,ER,East India,Odisha,20.95,85.09,4790.0,455000.0,470000.0
2020-06-24,NER,NE India,Assam,26.2,92.93,30.0,50000.0,10000.0
2020-06-24,NR,North India,Rajasthan,26.91,74.22,36200.0,1314000.0,536000.0
2020-06-24,SR,South India,Tamil Nadu,11.12,78.66,80400.0,907000.0,379000.0
2020-06-24,WR,West India,Gujarat,23.02,72.57,20000.0,1015000.0,1037000.0
2020-06-25,ER,East India,Odisha,20.95,85.09,5490.0,438000.0,463000.0
2020-06-25,NER,NE India,Assam,26.2,92.93,10.0,46000.0,7000.0
2020-06-25,NR,North India,Rajasthan,26.91,74.22,34020.0,1282000.0,505000.0
2020-06-25,SR,South India,Tamil Nadu,11.12,78.66,78410.0,895000.0,389000.0
2020-06-25,WR,West India,Gujarat,23.02,72.57,21600.0,1042000.0,1058000.0
2020-06-26,ER,East India,Odisha,20.95,85.09,4470.0,420000.0,448000.0
2020-06-26,NER,NE India,Assam,26.2,92.93,10.0,45000.0,7000.0
2020-06-26,NR,North India,Rajasthan,26.91,74.22,37960.0,1310000.0,504000.0
2020-06-26,SR,South India,Tamil Nadu,11.12,78.66,76290.0,883000.0,367000.0
2020-06-26,WR,West India,Gujarat,23.02,72.57,21900.0,1012000.0,1051000.0
2020-06-27,ER,East India,Odisha,20.95,85.09,4840.0,424000.0,449000.0
2020-06-27,NER,NE India,Assam,26.2,92.93,20.0,43000.0,5000.0
2020-06-27,NR,North India,Rajasthan,26.91,74.22,36060.0,1350000.0,532000.0
2020-06-27,SR,South India,Tamil Nadu,11.12,78.66,71900.0,883000.0,360000.0
2020-06-27,WR,West India,Gujarat,23.02,72.57,23700.0,1007000.0,1027000.0
2020-06-28,ER,East India,Odisha,20.95,85.09,4910.0,397000.0,426000.0
2020-06-28,NER,NE India,Assam,26.2,92.93,20.0,44000.0,3000.0
2020-06-28,NR,North India,Rajasthan,26.91,74.22,37880.0,1376000.0,531000.0
2020-06-28,SR,South India,Tamil Nadu,11.12,78.66,65040.00000000001,826000.0,342000.0
2020-06-28,WR,West India,Gujarat,23.02,72.57,23700.0,994000.0,999000.0
2020-06-29,ER,East India,Odisha,20.95,85.09,4730.0,416000.0,458000.0
2020-06-29,NER,NE India,Assam,26.2,92.93,30.0,47000.0,5000.0
2020-06-29,NR,North India,Rajasthan,26.91,74.22,39000.0,1335000.0,514000.0
2020-06-29,SR,South India,Tamil Nadu,11.12,78.66,71990.0,857000.0,387000.0
2020-06-29,WR,West India,Gujarat,23.02,72.57,22500.0,1017000.0,1038000.0
2020-06-30,ER,East India,Odisha,20.95,85.09,4730.0,444000.0,465000.0
2020-06-30,NER,NE India,Assam,26.2,92.93,40.0,50000.0,9000.0
2020-06-30,NR,North India,Rajasthan,26.91,74.22,40660.0,1407000.0,584000.0
2020-06-30,SR,South India,Tamil Nadu,11.12,78.66,65459.99999999999,844000.0,391000.0
2020-06-30,WR,West India,Gujarat,23.02,72.57,20100.0,995000.0,1051000.0
2020-07-01,ER,East India,Odisha,20.95,85.09,4820.0,467000.0,467000.0
2020-07-01,NER,NE India,Assam,26.2,92.93,30.0,50000.0,10000.0
2020-07-01,NR,North India,Rajasthan,26.91,74.22,38570.0,1460000.0,617000.0
2020-07-01,SR,South India,Tamil Nadu,11.12,78.66,72450.0,855000.0,381000.0
2020-07-01,WR,West India,Gujarat,23.02,72.57,23150.0,1004000.0,1049000.0
2020-07-02,ER,East India,Odisha,20.95,85.09,4750.0,471000.0,468000.0
2020-07-02,NER,NE India,Assam,26.2,92.93,20.0,48000.0,11000.0
2020-07-02,NR,North India,Rajasthan,26.91,74.22,40870.0,1512000.0,643000.0
2020-07-02,SR,South India,Tamil Nadu,11.12,78.66,68930.0,847000.0,373000.0
2020-07-02,WR,West India,Gujarat,23.02,72.57,25660.0,1021000.0,1061000.0
2020-07-03,ER,East India,Odisha,20.95,85.09,4610.0,466000.0,461000.0
2020-07-03,NER,NE India,Assam,26.2,92.93,30.0,50000.0,10000.0
2020-07-03,NR,North India,Rajasthan,26.91,74.22,40240.0,1520000.0,616000.0
2020-07-03,SR,South India,Tamil Nadu,11.12,78.66,65730.0,825000.0,355000.0
2020-07-03,WR,West India,Gujarat,23.02,72.57,23100.0,1029000.0,1074000.0
2020-07-04,ER,East India,Odisha,20.95,85.09,4860.0,450000.0,445000.0
2020-07-04,NER,NE India,Assam,26.2,92.93,40.0,51000.0,9000.0
2020-07-04,NR,North India,Rajasthan,26.91,74.22,40910.0,1436000.0,574000.0
2020-07-04,SR,South India,Tamil Nadu,11.12,78.66,56490.0,796000.0,331000.0
2020-07-04,WR,West India,Gujarat,23.02,72.57,21900.0,1003000.0,1045000.0
2020-07-05,ER,East India,Odisha,20.95,85.09,4770.0,437000.0,391000.0
2020-07-05,NER,NE India,Assam,26.2,92.93,30.0,49000.0,10000.0
2020-07-05,NR,North India,Rajasthan,26.91,74.22,33120.0,1137000.0,456000.0
2020-07-05,SR,South India,Tamil Nadu,11.12,78.66,47660.0,744000.0,283000.0
2020-07-05,WR,West India,Gujarat,23.02,72.57,14800.0,937000.0,910000.0
2020-07-06,ER,East India,Odisha,20.95,85.09,4600.0,428000.0,415000.0
2020-07-06,NER,NE India,Assam,26.2,92.93,30.0,49000.0,9000.0
2020-07-06,NR,North India,Rajasthan,26.91,74.22,32659.999999999996,1281000.0,488000.0
2020-07-06,SR,South India,Tamil Nadu,11.12,78.66,55110.0,809000.0,295000.0
2020-07-06,WR,West India,Gujarat,23.02,72.57,14730.0,931000.0,945000.0
2020-07-07,ER,East India,Odisha,20.95,85.09,4470.0,437000.0,436000.0
2020-07-07,NER,NE India,Assam,26.2,92.93,40.0,51000.0,10000.0
2020-07-07,NR,North India,Rajasthan,26.91,74.22,34060.0,1270000.0,490000.0
2020-07-07,SR,South India,Tamil Nadu,11.12,78.66,68960.0,854000.0,323000.0
2020-07-07,WR,West India,Gujarat,23.02,72.57,17500.0,943000.0,961000.0
2020-07-08,ER,East India,Odisha,20.95,85.09,4750.0,453000.0,448000.0
2020-07-08,NER,NE India,Assam,26.2,92.93,20.0,51000.0,9000.0
2020-07-08,NR,North India,Rajasthan,26.91,74.22,33880.0,1257000.0,501000.0
2020-07-08,SR,South India,Tamil Nadu,11.12,78.66,68480.0,868000.0,357000.0
2020-07-08,WR,West India,Gujarat,23.02,72.57,20500.0,967000.0,984000.0
2020-07-09,ER,East India,Odisha,20.95,85.09,4490.0,440000.0,477000.0
2020-07-09,NER,NE India,Assam,26.2,92.93,20.0,50000.0,10000.0
2020-07-09,NR,North India,Rajasthan,26.91,74.22,39300.0,1324000.0,541000.0
2020-07-09,SR,South India,Tamil Nadu,11.12,78.66,57770.0,837000.0,376000.0
2020-07-09,WR,West India,Gujarat,23.02,72.57,21400.0,983000.0,1011000.0
2020-07-10,ER,East India,Odisha,20.95,85.09,4640.0,436000.0,473000.0
2020-07-10,NER,NE India,Assam,26.2,92.93,30.0,47000.0,8000.0
2020-07-10,NR,North India,Rajasthan,26.91,74.22,38370.0,1378000.0,545000.0
2020-07-10,SR,South India,Tamil Nadu,11.12,78.66,56710.0,810000.0,380000.0
2020-07-10,WR,West India,Gujarat,23.02,72.57,20900.0,981000.0,993000.0
2020-07-11,ER,East India,Odisha,20.95,85.09,4540.0,428000.0,432000.0
2020-07-11,NER,NE India,Assam,26.2,92.93,20.0,45000.0,6000.0
2020-07-11,NR,North India,Rajasthan,26.91,74.22,38140.0,1274000.0,501000.0
2020-07-11,SR,South India,Tamil Nadu,11.12,78.66,71590.0,813000.0,345000.0
2020-07-11,WR,West India,Gujarat,23.02,72.57,21300.0,990000.0,990000.0
2020-07-12,ER,East India,Odisha,20.95,85.09,4850.0,430000.0,393000.0
2020-07-12,NER,NE India,Assam,26.2,92.93,20.0,44000.0,6000.0
2020-07-12,NR,North India,Rajasthan,26.91,74.22,35050.0,1112000.0,435000.0
2020-07-12,SR,South India,Tamil Nadu,11.12,78.66,72370.0,775000.0,289000.0
2020-07-12,WR,West India,Gujarat,23.02,72.57,19700.0,958000.0,890000.0
2020-07-13,ER,East India,Odisha,20.95,85.09,4710.0,438000.0,467000.0
2020-07-13,NER,NE India,Assam,26.2,92.93,30.0,47000.0,7000.0
2020-07-13,NR,North India,Rajasthan,26.91,74.22,40350.0,1250000.0,486000.0
2020-07-13,SR,South India,Tamil Nadu,11.12,78.66,66150.0,837000.0,351000.0
2020-07-13,WR,West India,Gujarat,23.02,72.57,21860.0,997000.0,1006000.0
2020-07-14,ER,East India,Odisha,20.95,85.09,4700.0,440000.0,503000.0
2020-07-14,NER,NE India,Assam,26.2,92.93,30.0,49000.0,7000.0
2020-07-14,NR,North India,Rajasthan,26.91,74.22,35400.0,1374000.0,535000.0
2020-07-14,SR,South India,Tamil Nadu,11.12,78.66,56050.0,844000.0,383000.0
2020-07-14,WR,West India,Gujarat,23.02,72.57,19400.0,1012000.0,1069000.0
2020-07-15,ER,East India,Odisha,20.95,85.09,4600.0,447000.0,482000.0
2020-07-15,NER,NE India,Assam,26.2,92.93,30.0,48000.0,7000.0
2020-07-15,NR,North India,Rajasthan,26.91,74.22,39600.0,1398000.0,546000.0
2020-07-15,SR,South India,Tamil Nadu,11.12,78.66,41590.0,807000.0,370000.0
2020-07-15,WR,West India,Gujarat,23.02,72.57,16600.0,998000.0,1080000.0
2020-07-16,ER,East India,Odisha,20.95,85.09,4560.0,458000.0,460000.0
2020-07-16,NER,NE India,Assam,26.2,92.93,40.0,51000.0,7000.0
2020-07-16,NR,North India,Rajasthan,26.91,74.22,36950.0,1420000.0,575000.0
2020-07-16,SR,South India,Tamil Nadu,11.12,78.66,49860.0,780000.0,345000.0
2020-07-16,WR,West India,Gujarat,23.02,72.57,17300.0,974000.0,1098000.0
2020-07-17,ER,East India,Odisha,20.95,85.09,4410.0,473000.0,474000.0
2020-07-17,NER,NE India,Assam,26.2,92.93,40.0,51000.0,7000.0
2020-07-17,NR,North India,Rajasthan,26.91,74.22,37850.0,1419000.0,568000.0
2020-07-17,SR,South India,Tamil Nadu,11.12,78.66,64319.99999999999,807000.0,342000.0
2020-07-17,WR,West India,Gujarat,23.02,72.57,22500.0,997000.0,1117000.0
2020-07-18,ER,East India,Odisha,20.95,85.09,4320.0,480000.0,505000.0
2020-07-18,NER,NE India,Assam,26.2,92.93,30.0,49000.0,8000.0
2020-07-18,NR,North India,Rajasthan,26.91,74.22,34450.0,1418000.0,572000.0
2020-07-18,SR,South India,Tamil Nadu,11.12,78.66,71420.0,824000.0,377000.0
2020-07-18,WR,West India,Gujarat,23.02,72.57,25750.0,1022000.0,1142000.0
2020-07-19,ER,East India,Odisha,20.95,85.09,4070.0000000000005,447000.0,454000.0
2020-07-19,NER,NE India,Assam,26.2,92.93,20.0,46000.0,6000.0
2020-07-19,NR,North India,Rajasthan,26.91,74.22,33520.0,1317000.0,538000.0
2020-07-19,SR,South India,Tamil Nadu,11.12,78.66,70400.0,792000.0,365000.0
2020-07-19,WR,West India,Gujarat,23.02,72.57,24200.0,1015000.0,1074000.0
2020-07-20,ER,East India,Odisha,20.95,85.09,3990.0,436000.0,433000.0
2020-07-20,NER,NE India,Assam,26.2,92.93,30.0,44000.0,7000.0
2020-07-20,NR,North India,Rajasthan,26.91,74.22,36110.0,1236000.0,501000.0
2020-07-20,SR,South India,Tamil Nadu,11.12,78.66,67320.0,816000.0,346000.0
2020-07-20,WR,West India,Gujarat,23.02,72.57,21400.0,1025000.0,1048000.0
2020-07-21,ER,East India,Odisha,20.95,85.09,4170.0,435000.0,408000.0
2020-07-21,NER,NE India,Assam,26.2,92.93,20.0,46000.0,3000.0
2020-07-21,NR,North India,Rajasthan,26.91,74.22,24700.0,1090000.0,455000.0
2020-07-21,SR,South India,Tamil Nadu,11.12,78.66,79160.0,836000.0,363000.0
2020-07-21,WR,West India,Gujarat,23.02,72.57,21600.0,1047000.0,1027000.0
2020-07-22,ER,East India,Odisha,20.95,85.09,4580.0,432000.0,452000.0
2020-07-22,NER,NE India,Assam,26.2,92.93,20.0,48000.0,4000.0
2020-07-22,NR,North India,Rajasthan,26.91,74.22,31870.0,1110000.0,465000.0
2020-07-22,SR,South India,Tamil Nadu,11.12,78.66,73420.0,885000.0,427000.0
2020-07-22,WR,West India,Gujarat,23.02,72.57,22900.0,1059000.0,1073000.0
2020-07-23,ER,East India,Odisha,20.95,85.09,4300.0,411000.0,459000.0
2020-07-23,NER,NE India,Assam,26.2,92.93,30.0,49000.0,7000.0
2020-07-23,NR,North India,Rajasthan,26.91,74.22,42060.0,1219000.0,492000.0
2020-07-23,SR,South India,Tamil Nadu,11.12,78.66,49340.0,861000.0,415000.0
2020-07-23,WR,West India,Gujarat,23.02,72.57,21900.0,1055000.0,1109000.0
2020-07-24,ER,East India,Odisha,20.95,85.09,4260.0,428000.0,464000.0
2020-07-24,NER,NE India,Assam,26.2,92.93,20.0,49000.0,7000.0
2020-07-24,NR,North India,Rajasthan,26.91,74.22,38060.0,1270000.0,520000.0
2020-07-24,SR,South India,Tamil Nadu,11.12,78.66,66260.0,851000.0,408000.0
2020-07-24,WR,West India,Gujarat,23.02,72.57,20400.0,1045000.0,1126000.0
2020-07-25,ER,East India,Odisha,20.95,85.09,4370.0,437000.0,464000.0
2020-07-25,NER,NE India,Assam,26.2,92.93,20.0,50000.0,7000.0
2020-07-25,NR,North India,Rajasthan,26.91,74.22,34900.0,1296000.0,532000.0
2020-07-25,SR,South India,Tamil Nadu,11.12,78.66,64400.00000000001,831000.0,408000.0
2020-07-25,WR,West India,Gujarat,23.02,72.57,19550.0,1023000.0,1118000.0
2020-07-26,ER,East India,Odisha,20.95,85.09,4390.0,461000.0,476000.0
2020-07-26,NER,NE India,Assam,26.2,92.93,30.0,49000.0,7000.0
2020-07-26,NR,North India,Rajasthan,26.91,74.22,36640.0,1325000.0,547000.0
2020-07-26,SR,South India,Tamil Nadu,11.12,78.66,72710.0,776000.0,370000.0
2020-07-26,WR,West India,Gujarat,23.02,72.57,24430.0,1008000.0,1081000.0
2020-07-27,ER,East India,Odisha,20.95,85.09,4320.0,468000.0,493000.0
2020-07-27,NER,NE India,Assam,26.2,92.93,30.0,49000.0,7000.0
2020-07-27,NR,North India,Rajasthan,26.91,74.22,40440.0,1428000.0,578000.0
2020-07-27,SR,South India,Tamil Nadu,11.12,78.66,82650.0,872000.0,401000.0
2020-07-27,WR,West India,Gujarat,23.02,72.57,26300.0,1066000.0,1141000.0
2020-07-28,ER,East India,Odisha,20.95,85.09,4250.0,445000.0,500000.0
2020-07-28,NER,NE India,Assam,26.2,92.93,20.0,51000.0,8000.0
2020-07-28,NR,North India,Rajasthan,26.91,74.22,45070.0,1450000.0,584000.0
2020-07-28,SR,South India,Tamil Nadu,11.12,78.66,64530.0,897000.0,422000.0
2020-07-28,WR,West India,Gujarat,23.02,72.57,24400.0,1089000.0,1155000.0
2020-07-29,ER,East India,Odisha,20.95,85.09,4380.0,436000.0,481000.0
2020-07-29,NER,NE India,Assam,26.2,92.93,20.0,51000.0,7000.0
2020-07-29,NR,North India,Rajasthan,26.91,74.22,38600.0,1390000.0,559000.0
2020-07-29,SR,South India,Tamil Nadu,11.12,78.66,60390.0,860000.0,412000.0
2020-07-29,WR,West India,Gujarat,23.02,72.57,19100.0,1072000.0,1145000.0
2020-07-30,ER,East India,Odisha,20.95,85.09,4270.0,450000.0,478000.0
2020-07-30,NER,NE India,Assam,26.2,92.93,30.0,49000.0,7000.0
2020-07-30,NR,North India,Rajasthan,26.91,74.22,37530.0,1274000.0,521000.0
2020-07-30,SR,South India,Tamil Nadu,11.12,78.66,75040.0,870000.0,403000.0
2020-07-30,WR,West India,Gujarat,23.02,72.57,18700.0,1083000.0,1128000.0
2020-07-31,ER,East India,Odisha,20.95,85.09,4460.0,460000.0,497000.0
2020-07-31,NER,NE India,Assam,26.2,92.93,30.0,50000.0,6000.0
2020-07-31,NR,North India,Rajasthan,26.91,74.22,29170.0,1301000.0,537000.0
2020-07-31,SR,South India,Tamil Nadu,11.12,78.66,72190.0,891000.0,423000.0
2020-07-31,WR,West India,Gujarat,23.02,72.57,21680.0,1083000.0,1150000.0
2020-08-01,ER,East India,Odisha,20.95,85.09,4410.0,459000.0,492000.0
2020-08-01,NER,NE India,Assam,26.2,92.93,40.0,50000.0,7000.0
2020-08-01,NR,North India,Rajasthan,26.91,74.22,36940.0,1288000.0,510000.0
2020-08-01,SR,South India,Tamil Nadu,11.12,78.66,68000.0,844000.0,394000.0
2020-08-01,WR,West India,Gujarat,23.02,72.57,22090.0,1068000.0,1143000.0
2020-08-02,ER,East India,Odisha,20.95,85.09,4400.0,468000.0,458000.0
2020-08-02,NER,NE India,Assam,26.2,92.93,30.0,53000.0,7000.0
2020-08-02,NR,North India,Rajasthan,26.91,74.22,39590.0,1293000.0,509000.0
2020-08-02,SR,South India,Tamil Nadu,11.12,78.66,69670.0,764000.0,345000.0
2020-08-02,WR,West India,Gujarat,23.02,72.57,22100.0,1060000.0,1126000.0
2020-08-03,ER,East India,Odisha,20.95,85.09,4390.0,474000.0,447000.0
2020-08-03,NER,NE India,Assam,26.2,92.93,40.0,55000.0,7000.0
2020-08-03,NR,North India,Rajasthan,26.91,74.22,41400.0,1325000.0,513000.0
2020-08-03,SR,South India,Tamil Nadu,11.12,78.66,56830.0,805000.0,338000.0
2020-08-03,WR,West India,Gujarat,23.02,72.57,21370.0,1003000.0,1084000.0
2020-08-04,ER,East India,Odisha,20.95,85.09,4440.0,439000.0,436000.0
2020-08-04,NER,NE India,Assam,26.2,92.93,30.0,55000.0,6000.0
2020-08-04,NR,North India,Rajasthan,26.91,74.22,42350.0,1381000.0,531000.0
2020-08-04,SR,South India,Tamil Nadu,11.12,78.66,49890.0,794000.0,326000.0
2020-08-04,WR,West India,Gujarat,23.02,72.57,21300.0,1029000.0,1045000.0
2020-08-05,ER,East India,Odisha,20.95,85.09,4270.0,382000.0,419000.0
2020-08-05,NER,NE India,Assam,26.2,92.93,40.0,55000.0,6000.0
2020-08-05,NR,North India,Rajasthan,26.91,74.22,36500.0,1389000.0,544000.0
2020-08-05,SR,South India,Tamil Nadu,11.12,78.66,46700.0,793000.0,298000.0
2020-08-05,WR,West India,Gujarat,23.02,72.57,17400.0,1002000.0,1056000.0
2020-08-06,ER,East India,Odisha,20.95,85.09,4320.0,408000.0,402000.0
2020-08-06,NER,NE India,Assam,26.2,92.93,40.0,56000.0,7000.0
2020-08-06,NR,North India,Rajasthan,26.91,74.22,34560.0,1320000.0,506000.0
2020-08-06,SR,South India,Tamil Nadu,11.12,78.66,61060.0,851000.0,288000.0
2020-08-06,WR,West India,Gujarat,23.02,72.57,16200.0,958000.0,1032000.0
2020-08-07,ER,East India,Odisha,20.95,85.09,4770.0,443000.0,434000.0
2020-08-07,NER,NE India,Assam,26.2,92.93,40.0,55000.0,7000.0
2020-08-07,NR,North India,Rajasthan,26.91,74.22,24740.0,1381000.0,548000.0
2020-08-07,SR,South India,Tamil Nadu,11.12,78.66,63120.0,912000.0,332000.0
2020-08-07,WR,West India,Gujarat,23.02,72.57,18890.0,980000.0,1064000.0
2020-08-08,ER,East India,Odisha,20.95,85.09,4820.0,453000.0,441000.0
2020-08-08,NER,NE India,Assam,26.2,92.93,30.0,54000.0,7000.0
2020-08-08,NR,North India,Rajasthan,26.91,74.22,26040.0,1429000.0,568000.0
2020-08-08,SR,South India,Tamil Nadu,11.12,78.66,63490.0,920000.0,354000.0
2020-08-08,WR,West India,Gujarat,23.02,72.57,18400.0,985000.0,1069000.0
2020-08-09,ER,East India,Odisha,20.95,85.09,4310.0,452000.0,435000.0
2020-08-09,NER,NE India,Assam,26.2,92.93,40.0,52000.0,7000.0
2020-08-09,NR,North India,Rajasthan,26.91,74.22,33350.0,1371000.0,533000.0
2020-08-09,SR,South India,Tamil Nadu,11.12,78.66,46240.0,838000.0,325000.0
2020-08-09,WR,West India,Gujarat,23.02,72.57,14900.0,956000.0,1062000.0
2020-08-10,ER,East India,Odisha,20.95,85.09,4450.0,466000.0,425000.0
2020-08-10,NER,NE India,Assam,26.2,92.93,30.0,51000.0,7000.0
2020-08-10,NR,North India,Rajasthan,26.91,74.22,30070.0,1365000.0,523000.0
2020-08-10,SR,South India,Tamil Nadu,11.12,78.66,45720.0,821000.0,300000.0
2020-08-10,WR,West India,Gujarat,23.02,72.57,13400.0,974000.0,1087000.0
2020-08-11,ER,East India,Odisha,20.95,85.09,4450.0,473000.0,419000.0
2020-08-11,NER,NE India,Assam,26.2,92.93,30.0,53000.0,7000.0
2020-08-11,NR,North India,Rajasthan,26.91,74.22,28950.0,1334000.0,515000.0
2020-08-11,SR,South India,Tamil Nadu,11.12,78.66,68720.0,864000.0,318000.0
2020-08-11,WR,West India,Gujarat,23.02,72.57,15330.0,964000.0,1029000.0
2020-08-12,ER,East India,Odisha,20.95,85.09,4250.0,458000.0,401000.0
2020-08-12,NER,NE India,Assam,26.2,92.93,40.0,54000.0,7000.0
2020-08-12,NR,North India,Rajasthan,26.91,74.22,38480.0,1312000.0,486000.0
2020-08-12,SR,South India,Tamil Nadu,11.12,78.66,55050.0,872000.0,301000.0
2020-08-12,WR,West India,Gujarat,23.02,72.57,12600.0,915000.0,955000.0
2020-08-13,ER,East India,Odisha,20.95,85.09,4360.0,460000.0,403000.0
2020-08-13,NER,NE India,Assam,26.2,92.93,60.0,55000.0,6000.0
2020-08-13,NR,North India,Rajasthan,26.91,74.22,35910.0,1221000.0,470000.0
2020-08-13,SR,South India,Tamil Nadu,11.12,78.66,46690.0,861000.0,302000.0
2020-08-13,WR,West India,Gujarat,23.02,72.57,9400.0,908000.0,911000.0
2020-08-14,ER,East India,Odisha,20.95,85.09,4520.0,466000.0,414000.0
2020-08-14,NER,NE India,Assam,26.2,92.93,40.0,54000.0,7000.0
2020-08-14,NR,North India,Rajasthan,26.91,74.22,38220.0,1240000.0,476000.0
2020-08-14,SR,South India,Tamil Nadu,11.12,78.66,43800.0,859000.0,300000.0
2020-08-14,WR,West India,Gujarat,23.02,72.57,13400.0,902000.0,934000.0
2020-08-15,ER,East India,Odisha,20.95,85.09,4510.0,437000.0,401000.0
2020-08-15,NER,NE India,Assam,26.2,92.93,50.0,49000.0,4000.0
2020-08-15,NR,North India,Rajasthan,26.91,74.22,32500.0,1248000.0,482000.0
2020-08-15,SR,South India,Tamil Nadu,11.12,78.66,38450.0,785000.0,274000.0
2020-08-15,WR,West India,Gujarat,23.02,72.57,12400.0,848000.0,900000.0
2020-08-16,ER,East India,Odisha,20.95,85.09,4390.0,428000.0,382000.0
2020-08-16,NER,NE India,Assam,26.2,92.93,60.0,47000.0,3000.0
2020-08-16,NR,North India,Rajasthan,26.91,74.22,37300.0,1269000.0,483000.0
2020-08-16,SR,South India,Tamil Nadu,11.12,78.66,32549.999999999996,724000.0,261000.0
2020-08-16,WR,West India,Gujarat,23.02,72.57,12200.0,875000.0,887000.0
2020-08-17,ER,East India,Odisha,20.95,85.09,4250.0,455000.0,436000.0
2020-08-17,NER,NE India,Assam,26.2,92.93,40.0,50000.0,4000.0
2020-08-17,NR,North India,Rajasthan,26.91,74.22,36240.0,1350000.0,506000.0
2020-08-17,SR,South India,Tamil Nadu,11.12,78.66,47820.0,786000.0,291000.0
2020-08-17,WR,West India,Gujarat,23.02,72.57,12200.0,914000.0,982000.0
2020-08-18,ER,East India,Odisha,20.95,85.09,4610.0,469000.0,453000.0
2020-08-18,NER,NE India,Assam,26.2,92.93,50.0,52000.0,3000.0
2020-08-18,NR,North India,Rajasthan,26.91,74.22,35070.0,1352000.0,507000.0
2020-08-18,SR,South India,Tamil Nadu,11.12,78.66,64430.00000000001,827000.0,286000.0
2020-08-18,WR,West India,Gujarat,23.02,72.57,12190.0,925000.0,983000.0
2020-08-19,ER,East India,Odisha,20.95,85.09,4480.0,456000.0,419000.0
2020-08-19,NER,NE India,Assam,26.2,92.93,80.0,54000.0,7000.0
2020-08-19,NR,North India,Rajasthan,26.91,74.22,36150.0,1201000.0,448000.0
2020-08-19,SR,South India,Tamil Nadu,11.12,78.66,59020.0,855000.0,318000.0
2020-08-19,WR,West India,Gujarat,23.02,72.57,13480.0,914000.0,933000.0
2020-08-20,ER,East India,Odisha,20.95,85.09,4230.0,397000.0,396000.0
2020-08-20,NER,NE India,Assam,26.2,92.93,50.0,52000.0,7000.0
2020-08-20,NR,North India,Rajasthan,26.91,74.22,27880.0,1110000.0,410000.0
2020-08-20,SR,South India,Tamil Nadu,11.12,78.66,55150.0,851000.0,310000.0
2020-08-20,WR,West India,Gujarat,23.02,72.57,13700.0,929000.0,956000.0
2020-08-21,ER,East India,Odisha,20.95,85.09,4380.0,399000.0,397000.0
2020-08-21,NER,NE India,Assam,26.2,92.93,50.0,53000.0,7000.0
2020-08-21,NR,North India,Rajasthan,26.91,74.22,29890.0,1094000.0,402000.0
2020-08-21,SR,South India,Tamil Nadu,11.12,78.66,78800.0,865000.0,325000.0
2020-08-21,WR,West India,Gujarat,23.02,72.57,17360.0,911000.0,960000.0
2020-08-22,ER,East India,Odisha,20.95,85.09,4340.0,426000.0,404000.0
2020-08-22,NER,NE India,Assam,26.2,92.93,30.0,53000.0,7000.0
2020-08-22,NR,North India,Rajasthan,26.91,74.22,38720.0,1131000.0,410000.0
2020-08-22,SR,South India,Tamil Nadu,11.12,78.66,86260.0,858000.0,334000.0
2020-08-22,WR,West India,Gujarat,23.02,72.57,15420.0,875000.0,923000.0
2020-08-23,ER,East India,Odisha,20.95,85.09,4590.0,429000.0,409000.0
2020-08-23,NER,NE India,Assam,26.2,92.93,70.0,51000.0,7000.0
2020-08-23,NR,North India,Rajasthan,26.91,74.22,38310.0,1127000.0,403000.0
2020-08-23,SR,South India,Tamil Nadu,11.12,78.66,86950.0,831000.0,315000.0
2020-08-23,WR,West India,Gujarat,23.02,72.57,13660.0,869000.0,861000.0
2020-08-24,ER,East India,Odisha,20.95,85.09,4600.0,442000.0,426000.0
2020-08-24,NER,NE India,Assam,26.2,92.93,60.0,54000.0,7000.0
2020-08-24,NR,North India,Rajasthan,26.91,74.22,32500.0,1212000.0,433000.0
2020-08-24,SR,South India,Tamil Nadu,11.12,78.66,85270.0,875000.0,340000.0
2020-08-24,WR,West India,Gujarat,23.02,72.57,16120.000000000002,916000.0,907000.0
2020-08-25,ER,East India,Odisha,20.95,85.09,4510.0,454000.0,453000.0
2020-08-25,NER,NE India,Assam,26.2,92.93,90.0,57000.0,7000.0
2020-08-25,NR,North India,Rajasthan,26.91,74.22,26000.0,1248000.0,460000.0
2020-08-25,SR,South India,Tamil Nadu,11.12,78.66,98040.0,919000.0,362000.0
2020-08-25,WR,West India,Gujarat,23.02,72.57,21870.0,955000.0,962000.0
2020-08-26,ER,East India,Odisha,20.95,85.09,4400.0,436000.0,453000.0
2020-08-26,NER,NE India,Assam,26.2,92.93,100.0,57000.0,7000.0
2020-08-26,NR,North India,Rajasthan,26.91,74.22,27310.0,1281000.0,471000.0
2020-08-26,SR,South India,Tamil Nadu,11.12,78.66,87160.0,936000.0,386000.0
2020-08-26,WR,West India,Gujarat,23.02,72.57,22620.0,970000.0,998000.0
2020-08-27,ER,East India,Odisha,20.95,85.09,4390.0,422000.0,444000.0
2020-08-27,NER,NE India,Assam,26.2,92.93,100.0,55000.0,7000.0
2020-08-27,NR,North India,Rajasthan,26.91,74.22,27680.0,1284000.0,468000.0
2020-08-27,SR,South India,Tamil Nadu,11.12,78.66,85100.0,908000.0,373000.0
2020-08-27,WR,West India,Gujarat,23.02,72.57,20380.0,957000.0,1010000.0
2020-08-28,ER,East India,Odisha,20.95,85.09,4610.0,448000.0,448000.0
2020-08-28,NER,NE India,Assam,26.2,92.93,60.0,55000.0,7000.0
2020-08-28,NR,North India,Rajasthan,26.91,74.22,36710.0,1242000.0,452000.0
2020-08-28,SR,South India,Tamil Nadu,11.12,78.66,96710.0,924000.0,383000.0
2020-08-28,WR,West India,Gujarat,23.02,72.57,17520.0,928000.0,982000.0
2020-08-29,ER,East India,Odisha,20.95,85.09,4640.0,461000.0,445000.0
2020-08-29,NER,NE India,Assam,26.2,92.93,90.0,53000.0,7000.0
2020-08-29,NR,North India,Rajasthan,26.91,74.22,18360.0,1225000.0,472000.0
2020-08-29,SR,South India,Tamil Nadu,11.12,78.66,98250.0,939000.0,401000.0
2020-08-29,WR,West India,Gujarat,23.02,72.57,15180.0,925000.0,950000.0
2020-08-30,ER,East India,Odisha,20.95,85.09,4690.0,465000.0,418000.0
2020-08-30,NER,NE India,Assam,26.2,92.93,70.0,51000.0,7000.0
2020-08-30,NR,North India,Rajasthan,26.91,74.22,29110.0,1165000.0,444000.0
2020-08-30,SR,South India,Tamil Nadu,11.12,78.66,99500.0,902000.0,370000.0
2020-08-30,WR,West India,Gujarat,23.02,72.57,17470.0,871000.0,906000.0
2020-08-31,ER,East India,Odisha,20.95,85.09,4590.0,479000.0,428000.0
2020-08-31,NER,NE India,Assam,26.2,92.93,40.0,51000.0,7000.0
2020-08-31,NR,North India,Rajasthan,26.91,74.22,18020.0,1189000.0,458000.0
2020-08-31,SR,South India,Tamil Nadu,11.12,78.66,101250.0,932000.0,417000.0
2020-08-31,WR,West India,Gujarat,23.02,72.57,22870.0,945000.0,994000.0
2020-09-01,ER,East India,Odisha,20.95,85.09,4410.0,460000.0,463000.0
2020-09-01,NER,NE India,Assam,26.2,92.93,80.0,51000.0,7000.0
2020-09-01,NR,North India,Rajasthan,26.91,74.22,26730.0,1251000.0,490000.0
2020-09-01,SR,South India,Tamil Nadu,11.12,78.66,90290.0,929000.0,446000.0
2020-09-01,WR,West India,Gujarat,23.02,72.57,27390.0,968000.0,1017000.0
2020-09-02,ER,East India,Odisha,20.95,85.09,4460.0,440000.0,460000.0
2020-09-02,NER,NE India,Assam,26.2,92.93,90.0,56000.0,7000.0
2020-09-02,NR,North India,Rajasthan,26.91,74.22,31780.0,1275000.0,495000.0
2020-09-02,SR,South India,Tamil Nadu,11.12,78.66,56400.0,896000.0,439000.0
2020-09-02,WR,West India,Gujarat,23.02,72.57,21960.0,993000.0,1075000.0
2020-09-03,ER,East India,Odisha,20.95,85.09,4620.0,469000.0,458000.0
2020-09-03,NER,NE India,Assam,26.2,92.93,100.0,57000.0,11000.0
2020-09-03,NR,North India,Rajasthan,26.91,74.22,24300.0,1296000.0,516000.0
2020-09-03,SR,South India,Tamil Nadu,11.12,78.66,91640.0,881000.0,447000.0
2020-09-03,WR,West India,Gujarat,23.02,72.57,24060.0,1009000.0,1085000.0
2020-09-04,ER,East India,Odisha,20.95,85.09,4810.0,488000.0,483000.0
2020-09-04,NER,NE India,Assam,26.2,92.93,80.0,57000.0,12000.0
2020-09-04,NR,North India,Rajasthan,26.91,74.22,24470.0,1269000.0,496000.0
2020-09-04,SR,South India,Tamil Nadu,11.12,78.66,92630.0,915000.0,461000.0
2020-09-04,WR,West India,Gujarat,23.02,72.57,29300.0,1053000.0,1123000.0
2020-09-05,ER,East India,Odisha,20.95,85.09,4550.0,486000.0,485000.0
2020-09-05,NER,NE India,Assam,26.2,92.93,50.0,54000.0,10000.0
2020-09-05,NR,North India,Rajasthan,26.91,74.22,24760.0,1249000.0,493000.0
2020-09-05,SR,South India,Tamil Nadu,11.12,78.66,96120.0,923000.0,450000.0
2020-09-05,WR,West India,Gujarat,23.02,72.57,28690.0,1079000.0,1163000.0
2020-09-06,ER,East India,Odisha,20.95,85.09,4480.0,469000.0,432000.0
2020-09-06,NER,NE India,Assam,26.2,92.93,70.0,49000.0,9000.0
2020-09-06,NR,North India,Rajasthan,26.91,74.22,34920.0,1173000.0,459000.0
2020-09-06,SR,South India,Tamil Nadu,11.12,78.66,96910.0,882000.0,398000.0
2020-09-06,WR,West India,Gujarat,23.02,72.57,27180.0,1058000.0,1118000.0
2020-09-07,ER,East India,Odisha,20.95,85.09,4480.0,460000.0,433000.0
2020-09-07,NER,NE India,Assam,26.2,92.93,60.0,50000.0,7000.0
2020-09-07,NR,North India,Rajasthan,26.91,74.22,40640.0,1267000.0,516000.0
2020-09-07,SR,South India,Tamil Nadu,11.12,78.66,91010.0,915000.0,391000.0
2020-09-07,WR,West India,Gujarat,23.02,72.57,29740.0,1072000.0,1148000.0
2020-09-08,ER,East India,Odisha,20.95,85.09,4520.0,462000.0,466000.0
2020-09-08,NER,NE India,Assam,26.2,92.93,60.0,52000.0,8000.0
2020-09-08,NR,North India,Rajasthan,26.91,74.22,40180.0,1317000.0,548000.0
2020-09-08,SR,South India,Tamil Nadu,11.12,78.66,85070.0,934000.0,410000.0
2020-09-08,WR,West India,Gujarat,23.02,72.57,27480.0,1105000.0,1210000.0
2020-09-09,ER,East India,Odisha,20.95,85.09,4440.0,471000.0,484000.0
2020-09-09,NER,NE India,Assam,26.2,92.93,110.0,55000.0,9000.0
2020-09-09,NR,North India,Rajasthan,26.91,74.22,39920.0,1376000.0,594000.0
2020-09-09,SR,South India,Tamil Nadu,11.12,78.66,89740.0,928000.0,439000.0
2020-09-09,WR,West India,Gujarat,23.02,72.57,26920.0,1128000.0,1221000.0
2020-09-10,ER,East India,Odisha,20.95,85.09,4490.0,475000.0,467000.0
2020-09-10,NER,NE India,Assam,26.2,92.93,90.0,55000.0,9000.0
2020-09-10,NR,North India,Rajasthan,26.91,74.22,36570.0,1400000.0,606000.0
2020-09-10,SR,South India,Tamil Nadu,11.12,78.66,83770.0,904000.0,405000.0
2020-09-10,WR,West India,Gujarat,23.02,72.57,23160.0,1122000.0,1226000.0
2020-09-11,ER,East India,Odisha,20.95,85.09,4510.0,471000.0,444000.0
2020-09-11,NER,NE India,Assam,26.2,92.93,110.0,56000.0,10000.0
2020-09-11,NR,North India,Rajasthan,26.91,74.22,38060.0,1422000.0,611000.0
2020-09-11,SR,South India,Tamil Nadu,11.12,78.66,76370.0,888000.0,370000.0
2020-09-11,WR,West India,Gujarat,23.02,72.57,24730.0,1102000.0,1228000.0
2020-09-12,ER,East India,Odisha,20.95,85.09,4280.0,476000.0,443000.0
2020-09-12,NER,NE India,Assam,26.2,92.93,120.0,56000.0,10000.0
2020-09-12,NR,North India,Rajasthan,26.91,74.22,37230.0,1439000.0,625000.0
2020-09-12,SR,South India,Tamil Nadu,11.12,78.66,70370.0,850000.0,356000.0
2020-09-12,WR,West India,Gujarat,23.02,72.57,25400.0,1076000.0,1194000.0
2020-09-13,ER,East India,Odisha,20.95,85.09,4170.0,472000.0,436000.0
2020-09-13,NER,NE India,Assam,26.2,92.93,20.0,53000.0,10000.0
2020-09-13,NR,North India,Rajasthan,26.91,74.22,37010.0,1418000.0,626000.0
2020-09-13,SR,South India,Tamil Nadu,11.12,78.66,44290.0,739000.0,301000.0
2020-09-13,WR,West India,Gujarat,23.02,72.57,25530.0,1044000.0,1103000.0
2020-09-14,ER,East India,Odisha,20.95,85.09,4550.0,485000.0,437000.0
2020-09-14,NER,NE India,Assam,26.2,92.93,60.0,49000.0,8000.0
2020-09-14,NR,North India,Rajasthan,26.91,74.22,34920.0,1465000.0,653000.0
2020-09-14,SR,South India,Tamil Nadu,11.12,78.66,47580.0,754000.0,280000.0
2020-09-14,WR,West India,Gujarat,23.02,72.57,23030.0,1070000.0,1124000.0
2020-09-15,ER,East India,Odisha,20.95,85.09,4090.0,478000.0,447000.0
2020-09-15,NER,NE India,Assam,26.2,92.93,70.0,49000.0,7000.0
2020-09-15,NR,North India,Rajasthan,26.91,74.22,32700.000000000004,1469000.0,660000.0
2020-09-15,SR,South India,Tamil Nadu,11.12,78.66,74310.0,781000.0,280000.0
2020-09-15,WR,West India,Gujarat,23.02,72.57,23950.0,1088000.0,1144000.0
2020-09-16,ER,East India,Odisha,20.95,85.09,1580.0,473000.0,461000.0
2020-09-16,NER,NE India,Assam,26.2,92.93,60.0,50000.0,7000.0
2020-09-16,NR,North India,Rajasthan,26.91,74.22,36630.0,1486000.0,669000.0
2020-09-16,SR,South India,Tamil Nadu,11.12,78.66,71740.0,801000.0,293000.0
2020-09-16,WR,West India,Gujarat,23.02,72.57,23810.0,1092000.0,1154000.0
2020-09-17,ER,East India,Odisha,20.95,85.09,4490.0,462000.0,442000.0
2020-09-17,NER,NE India,Assam,26.2,92.93,70.0,47000.0,7000.0
2020-09-17,NR,North India,Rajasthan,26.91,74.22,38810.0,1479000.0,658000.0
2020-09-17,SR,South India,Tamil Nadu,11.12,78.66,78700.0,809000.0,269000.0
2020-09-17,WR,West India,Gujarat,23.02,72.57,23310.0,1075000.0,1085000.0
2020-09-18,ER,East India,Odisha,20.95,85.09,4380.0,452000.0,439000.0
2020-09-18,NER,NE India,Assam,26.2,92.93,120.0,51000.0,7000.0
2020-09-18,NR,North India,Rajasthan,26.91,74.22,39830.0,1506000.0,661000.0
2020-09-18,SR,South India,Tamil Nadu,11.12,78.66,70080.0,833000.0,259000.0
2020-09-18,WR,West India,Gujarat,23.02,72.57,22250.0,1076000.0,1125000.0
2020-09-19,ER,East India,Odisha,20.95,85.09,4620.0,489000.0,474000.0
2020-09-19,NER,NE India,Assam,26.2,92.93,100.0,57000.0,9000.0
2020-09-19,NR,North India,Rajasthan,26.91,74.22,38750.0,1498000.0,677000.0
2020-09-19,SR,South India,Tamil Nadu,11.12,78.66,54480.0,796000.0,252000.0
2020-09-19,WR,West India,Gujarat,23.02,72.57,22590.0,1078000.0,1166000.0
2020-09-20,ER,East India,Odisha,20.95,85.09,4340.0,485000.0,455000.0
2020-09-20,NER,NE India,Assam,26.2,92.93,100.0,56000.0,10000.0
2020-09-20,NR,North India,Rajasthan,26.91,74.22,36000.0,1460000.0,665000.0
2020-09-20,SR,South India,Tamil Nadu,11.12,78.66,55490.0,718000.0,232000.0
2020-09-20,WR,West India,Gujarat,23.02,72.57,24760.0,1025000.0,1109000.0
2020-09-21,ER,East India,Odisha,20.95,85.09,4330.0,438000.0,428000.0
2020-09-21,NER,NE India,Assam,26.2,92.93,110.0,53000.0,10000.0
2020-09-21,NR,North India,Rajasthan,26.91,74.22,40200.0,1480000.0,662000.0
2020-09-21,SR,South India,Tamil Nadu,11.12,78.66,61950.0,765000.0,223000.0
2020-09-21,WR,West India,Gujarat,23.02,72.57,25110.0,1028000.0,1118000.0
2020-09-22,ER,East India,Odisha,20.95,85.09,1450.0,432000.0,430000.0
2020-09-22,NER,NE India,Assam,26.2,92.93,10.0,50000.0,8000.0
2020-09-22,NR,North India,Rajasthan,26.91,74.22,39040.0,1439000.0,648000.0
2020-09-22,SR,South India,Tamil Nadu,11.12,78.66,76300.0,817000.0,230000.0
2020-09-22,WR,West India,Gujarat,23.02,72.57,24600.0,1042000.0,1076000.0
2020-09-23,ER,East India,Odisha,20.95,85.09,3500.0,431000.0,430000.0
2020-09-23,NER,NE India,Assam,26.2,92.93,90.0,50000.0,7000.0
2020-09-23,NR,North India,Rajasthan,26.91,74.22,31630.0,1372000.0,603000.0
2020-09-23,SR,South India,Tamil Nadu,11.12,78.66,88120.0,856000.0,243000.0
2020-09-23,WR,West India,Gujarat,23.02,72.57,19040.0,1017000.0,1021000.0
2020-09-24,ER,East India,Odisha,20.95,85.09,4330.0,437000.0,467000.0
2020-09-24,NER,NE India,Assam,26.2,92.93,50.0,50000.0,7000.0
2020-09-24,NR,North India,Rajasthan,26.91,74.22,37800.0,1314000.0,577000.0
2020-09-24,SR,South India,Tamil Nadu,11.12,78.66,90130.0,906000.0,283000.0
2020-09-24,WR,West India,Gujarat,23.02,72.57,23210.0,1030000.0,1057000.0
2020-09-25,ER,East India,Odisha,20.95,85.09,4200.0,430000.0,474000.0
2020-09-25,NER,NE India,Assam,26.2,92.93,70.0,49000.0,7000.0
2020-09-25,NR,North India,Rajasthan,26.91,74.22,37360.0,1325000.0,564000.0
2020-09-25,SR,South India,Tamil Nadu,11.12,78.66,80710.0,907000.0,327000.0
2020-09-25,WR,West India,Gujarat,23.02,72.57,24750.0,1060000.0,1084000.0
2020-09-26,ER,East India,Odisha,20.95,85.09,4410.0,432000.0,443000.0
2020-09-26,NER,NE India,Assam,26.2,92.93,70.0,48000.0,7000.0
2020-09-26,NR,North India,Rajasthan,26.91,74.22,38970.0,1303000.0,563000.0
2020-09-26,SR,South India,Tamil Nadu,11.12,78.66,42760.0,809000.0,303000.0
2020-09-26,WR,West India,Gujarat,23.02,72.57,25140.0,1051000.0,1065000.0
2020-09-27,ER,East India,Odisha,20.95,85.09,4470.0,436000.0,438000.0
2020-09-27,NER,NE India,Assam,26.2,92.93,70.0,48000.0,7000.0
2020-09-27,NR,North India,Rajasthan,26.91,74.22,40630.0,1234000.0,542000.0
2020-09-27,SR,South India,Tamil Nadu,11.12,78.66,84870.0,774000.0,295000.0
2020-09-27,WR,West India,Gujarat,23.02,72.57,28780.0,1037000.0,1090000.0
2020-09-28,ER,East India,Odisha,20.95,85.09,4570.0,466000.0,475000.0
2020-09-28,NER,NE India,Assam,26.2,92.93,90.0,51000.0,8000.0
2020-09-28,NR,North India,Rajasthan,26.91,74.22,40610.0,1284000.0,582000.0
2020-09-28,SR,South India,Tamil Nadu,11.12,78.66,102740.0,842000.0,317000.0
2020-09-28,WR,West India,Gujarat,23.02,72.57,29700.0,1089000.0,1196000.0
2020-09-29,ER,East India,Odisha,20.95,85.09,4580.0,478000.0,486000.0
2020-09-29,NER,NE India,Assam,26.2,92.93,110.0,55000.0,7000.0
2020-09-29,NR,North India,Rajasthan,26.91,74.22,38880.0,1289000.0,573000.0
2020-09-29,SR,South India,Tamil Nadu,11.12,78.66,74700.0,843000.0,326000.0
2020-09-29,WR,West India,Gujarat,23.02,72.57,29370.0,1107000.0,1201000.0
2020-09-30,ER,East India,Odisha,20.95,85.09,1290.0,468000.0,0.0
2020-09-30,NER,NE India,Assam,26.2,92.93,100.0,56000.0,0.0
2020-09-30,NR,North India,Rajasthan,26.91,74.22,39970.0,1268000.0,0.0
2020-09-30,SR,South India,Tamil Nadu,11.12,78.66,68580.0,806000.0,0.0
2020-09-30,WR,West India,Gujarat,23.02,72.57,28160.0,1117000.0,0.0
2020-10-01,ER,East India,Odisha,20.95,85.09,3320.0,461000.0,452000.0
2020-10-01,NER,NE India,Assam,26.2,92.93,50.0,55000.0,7000.0
2020-10-01,NR,North India,Rajasthan,26.91,74.22,39650.0,1252000.0,546000.0
2020-10-01,SR,South India,Tamil Nadu,11.12,78.66,82800.0,819000.0,322000.0
2020-10-01,WR,West India,Gujarat,23.02,72.57,28540.0,1116000.0,1172000.0
2020-10-02,ER,East India,Odisha,20.95,85.09,4210.0,452000.0,448000.0
2020-10-02,NER,NE India,Assam,26.2,92.93,70.0,54000.0,7000.0
2020-10-02,NR,North India,Rajasthan,26.91,74.22,41990.0,1195000.0,533000.0
2020-10-02,SR,South India,Tamil Nadu,11.12,78.66,90110.0,817000.0,303000.0
2020-10-02,WR,West India,Gujarat,23.02,72.57,30590.0,1110000.0,1132000.0
2020-10-03,ER,East India,Odisha,20.95,85.09,4150.0,447000.0,455000.0
2020-10-03,NER,NE India,Assam,26.2,92.93,90.0,53000.0,7000.0
2020-10-03,NR,North India,Rajasthan,26.91,74.22,39850.0,1226000.0,567000.0
2020-10-03,SR,South India,Tamil Nadu,11.12,78.66,81390.0,850000.0,319000.0
2020-10-03,WR,West India,Gujarat,23.02,72.57,30240.0,1132000.0,1147000.0
2020-10-04,ER,East India,Odisha,20.95,85.09,3930.0,441000.0,441000.0
2020-10-04,NER,NE India,Assam,26.2,92.93,80.0,51000.0,7000.0
2020-10-04,NR,North India,Rajasthan,26.91,74.22,40850.0,1182000.0,535000.0
2020-10-04,SR,South India,Tamil Nadu,11.12,78.66,73520.0,837000.0,300000.0
2020-10-04,WR,West India,Gujarat,23.02,72.57,28000.0,1106000.0,1113000.0
2020-10-05,ER,East India,Odisha,20.95,85.09,3980.0,449000.0,475000.0
2020-10-05,NER,NE India,Assam,26.2,92.93,70.0,51000.0,7000.0
2020-10-05,NR,North India,Rajasthan,26.91,74.22,40430.0,1174000.0,531000.0
2020-10-05,SR,South India,Tamil Nadu,11.12,78.66,94620.0,904000.0,338000.0
2020-10-05,WR,West India,Gujarat,23.02,72.57,28280.0,1141000.0,1191000.0
2020-10-06,ER,East India,Odisha,20.95,85.09,4150.0,452000.0,487000.0
2020-10-06,NER,NE India,Assam,26.2,92.93,80.0,51000.0,7000.0
2020-10-06,NR,North India,Rajasthan,26.91,74.22,41600.0,1143000.0,523000.0
2020-10-06,SR,South India,Tamil Nadu,11.12,78.66,102140.0,954000.0,391000.0
2020-10-06,WR,West India,Gujarat,23.02,72.57,29890.0,1157000.0,1232000.0
2020-10-07,ER,East India,Odisha,20.95,85.09,3920.0,457000.0,489000.0
2020-10-07,NER,NE India,Assam,26.2,92.93,80.0,53000.0,8000.0
2020-10-07,NR,North India,Rajasthan,26.91,74.22,39900.0,1205000.0,551000.0
2020-10-07,SR,South India,Tamil Nadu,11.12,78.66,90480.0,938000.0,415000.0
2020-10-07,WR,West India,Gujarat,23.02,72.57,28260.0,1163000.0,1259000.0
2020-10-08,ER,East India,Odisha,20.95,85.09,3970.0,463000.0,488000.0
2020-10-08,NER,NE India,Assam,26.2,92.93,60.0,54000.0,7000.0
2020-10-08,NR,North India,Rajasthan,26.91,74.22,40510.0,1174000.0,551000.0
2020-10-08,SR,South India,Tamil Nadu,11.12,78.66,86840.0,929000.0,431000.0
2020-10-08,WR,West India,Gujarat,23.02,72.57,29870.0,1174000.0,1295000.0
2020-10-09,ER,East India,Odisha,20.95,85.09,4090.0,473000.0,489000.0
2020-10-09,NER,NE India,Assam,26.2,92.93,120.0,56000.0,9000.0
2020-10-09,NR,North India,Rajasthan,26.91,74.22,40630.0,1170000.0,549000.0
2020-10-09,SR,South India,Tamil Nadu,11.12,78.66,81170.0,926000.0,444000.0
2020-10-09,WR,West India,Gujarat,23.02,72.57,28540.0,1184000.0,1291000.0
2020-10-10,ER,East India,Odisha,20.95,85.09,4810.0,473000.0,470000.0
2020-10-10,NER,NE India,Assam,26.2,92.93,130.0,56000.0,10000.0
2020-10-10,NR,North India,Rajasthan,26.91,74.22,41490.0,1164000.0,530000.0
2020-10-10,SR,South India,Tamil Nadu,11.12,78.66,74390.0,869000.0,436000.0
2020-10-10,WR,West India,Gujarat,23.02,72.57,27670.0,1175000.0,1291000.0
2020-10-11,ER,East India,Odisha,20.95,85.09,4740.0,464000.0,434000.0
2020-10-11,NER,NE India,Assam,26.2,92.93,70.0,54000.0,10000.0
2020-10-11,NR,North India,Rajasthan,26.91,74.22,40400.0,1123000.0,485000.0
2020-10-11,SR,South India,Tamil Nadu,11.12,78.66,43620.0,757000.0,370000.0
2020-10-11,WR,West India,Gujarat,23.02,72.57,25420.0,1120000.0,1223000.0
2020-10-12,ER,East India,Odisha,20.95,85.09,4700.0,480000.0,466000.0
2020-10-12,NER,NE India,Assam,26.2,92.93,120.0,56000.0,10000.0
2020-10-12,NR,North India,Rajasthan,26.91,74.22,40830.0,1154000.0,483000.0
2020-10-12,SR,South India,Tamil Nadu,11.12,78.66,61310.0,789000.0,378000.0
2020-10-12,WR,West India,Gujarat,23.02,72.57,25930.0,1132000.0,1248000.0
2020-10-13,ER,East India,Odisha,20.95,85.09,4700.0,483000.0,475000.0
2020-10-13,NER,NE India,Assam,26.2,92.93,130.0,57000.0,10000.0
2020-10-13,NR,North India,Rajasthan,26.91,74.22,39150.0,1171000.0,490000.0
2020-10-13,SR,South India,Tamil Nadu,11.12,78.66,58770.0,765000.0,357000.0
2020-10-13,WR,West India,Gujarat,23.02,72.57,25750.0,1172000.0,1278000.0
2020-10-14,ER,East India,Odisha,20.95,85.09,4500.0,484000.0,455000.0
2020-10-14,NER,NE India,Assam,26.2,92.93,130.0,56000.0,10000.0
2020-10-14,NR,North India,Rajasthan,26.91,74.22,37720.0,1184000.0,485000.0
2020-10-14,SR,South India,Tamil Nadu,11.12,78.66,59540.0,757000.0,306000.0
2020-10-14,WR,West India,Gujarat,23.02,72.57,23310.0,1160000.0,1221000.0
2020-10-15,ER,East India,Odisha,20.95,85.09,4400.0,480000.0,463000.0
2020-10-15,NER,NE India,Assam,26.2,92.93,130.0,56000.0,10000.0
2020-10-15,NR,North India,Rajasthan,26.91,74.22,35750.0,1184000.0,501000.0
2020-10-15,SR,South India,Tamil Nadu,11.12,78.66,73930.0,802000.0,313000.0
2020-10-15,WR,West India,Gujarat,23.02,72.57,54500.0,1139000.0,1184000.0
2020-10-16,ER,East India,Odisha,20.95,85.09,4460.0,485000.0,482000.0
2020-10-16,NER,NE India,Assam,26.2,92.93,130.0,57000.0,10000.0
2020-10-16,NR,North India,Rajasthan,26.91,74.22,33880.0,1149000.0,505000.0
2020-10-16,SR,South India,Tamil Nadu,11.12,78.66,88210.0,840000.0,344000.0
2020-10-16,WR,West India,Gujarat,23.02,72.57,22090.0,1160000.0,1207000.0
2020-10-17,ER,East India,Odisha,20.95,85.09,4480.0,490000.0,503000.0
2020-10-17,NER,NE India,Assam,26.2,92.93,120.0,56000.0,11000.0
2020-10-17,NR,North India,Rajasthan,26.91,74.22,31720.0,1119000.0,512000.0
2020-10-17,SR,South India,Tamil Nadu,11.12,78.66,92150.0,832000.0,348000.0
2020-10-17,WR,West India,Gujarat,23.02,72.57,24670.0,1169000.0,1237000.0
2020-10-18,ER,East India,Odisha,20.95,85.09,4750.0,477000.0,492000.0
2020-10-18,NER,NE India,Assam,26.2,92.93,120.0,53000.0,10000.0
2020-10-18,NR,North India,Rajasthan,26.91,74.22,26530.0,1052000.0,491000.0
2020-10-18,SR,South India,Tamil Nadu,11.12,78.66,82780.0,769000.0,327000.0
2020-10-18,WR,West India,Gujarat,23.02,72.57,23220.0,1126000.0,1181000.0
2020-10-19,ER,East India,Odisha,20.95,85.09,4730.0,483000.0,513000.0
2020-10-19,NER,NE India,Assam,26.2,92.93,100.0,54000.0,10000.0
2020-10-19,NR,North India,Rajasthan,26.91,74.22,34690.0,1062000.0,487000.0
2020-10-19,SR,South India,Tamil Nadu,11.12,78.66,81900.0,814000.0,343000.0
2020-10-19,WR,West India,Gujarat,23.02,72.57,22680.0,1148000.0,1240000.0
2020-10-20,ER,East India,Odisha,20.95,85.09,4600.0,485000.0,525000.0
2020-10-20,NER,NE India,Assam,26.2,92.93,110.0,54000.0,10000.0
2020-10-20,NR,North India,Rajasthan,26.91,74.22,33970.0,1055000.0,474000.0
2020-10-20,SR,South India,Tamil Nadu,11.12,78.66,74800.0,802000.0,349000.0
2020-10-20,WR,West India,Gujarat,23.02,72.57,23890.0,1166000.0,1280000.0
2020-10-21,ER,East India,Odisha,20.95,85.09,4550.0,473000.0,507000.0
2020-10-21,NER,NE India,Assam,26.2,92.93,120.0,53000.0,10000.0
2020-10-21,NR,North India,Rajasthan,26.91,74.22,38530.0,1042000.0,459000.0
2020-10-21,SR,South India,Tamil Nadu,11.12,78.66,61370.0,792000.0,355000.0
2020-10-21,WR,West India,Gujarat,23.02,72.57,25080.0,1165000.0,1257000.0
2020-10-22,ER,East India,Odisha,20.95,85.09,4340.0,456000.0,502000.0
2020-10-22,NER,NE India,Assam,26.2,92.93,60.0,49000.0,9000.0
2020-10-22,NR,North India,Rajasthan,26.91,74.22,38270.0,1040000.0,457000.0
2020-10-22,SR,South India,Tamil Nadu,11.12,78.66,74180.0,802000.0,351000.0
2020-10-22,WR,West India,Gujarat,23.02,72.57,28130.0,1162000.0,1239000.0
2020-10-23,ER,East India,Odisha,20.95,85.09,4360.0,421000.0,468000.0
2020-10-23,NER,NE India,Assam,26.2,92.93,20.0,43000.0,8000.0
2020-10-23,NR,North India,Rajasthan,26.91,74.22,37470.0,1030000.0,470000.0
2020-10-23,SR,South India,Tamil Nadu,11.12,78.66,86260.0,815000.0,341000.0
2020-10-23,WR,West India,Gujarat,23.02,72.57,30090.0,1156000.0,1225000.0
2020-10-24,ER,East India,Odisha,20.95,85.09,4430.0,413000.0,458000.0
2020-10-24,NER,NE India,Assam,26.2,92.93,30.0,38000.0,7000.0
2020-10-24,NR,North India,Rajasthan,26.91,74.22,37350.0,997000.0,445000.0
2020-10-24,SR,South India,Tamil Nadu,11.12,78.66,96160.0,811000.0,327000.0
2020-10-24,WR,West India,Gujarat,23.02,72.57,30340.0,1146000.0,1222000.0
2020-10-25,ER,East India,Odisha,20.95,85.09,4470.0,387000.0,437000.0
2020-10-25,NER,NE India,Assam,26.2,92.93,80.0,40000.0,4000.0
2020-10-25,NR,North India,Rajasthan,26.91,74.22,37470.0,931000.0,415000.0
2020-10-25,SR,South India,Tamil Nadu,11.12,78.66,93300.0,762000.0,314000.0
2020-10-25,WR,West India,Gujarat,23.02,72.57,29500.0,1075000.0,1155000.0
2020-10-26,ER,East India,Odisha,20.95,85.09,4750.0,370000.0,447000.0
2020-10-26,NER,NE India,Assam,26.2,92.93,100.0,43000.0,4000.0
2020-10-26,NR,North India,Rajasthan,26.91,74.22,33450.0,952000.0,424000.0
2020-10-26,SR,South India,Tamil Nadu,11.12,78.66,90730.0,806000.0,346000.0
2020-10-26,WR,West India,Gujarat,23.02,72.57,29620.0,1129000.0,1199000.0
2020-10-27,ER,East India,Odisha,20.95,85.09,4730.0,368000.0,456000.0
2020-10-27,NER,NE India,Assam,26.2,92.93,90.0,46000.0,7000.0
2020-10-27,NR,North India,Rajasthan,26.91,74.22,35530.0,969000.0,425000.0
2020-10-27,SR,South India,Tamil Nadu,11.12,78.66,97340.0,867000.0,373000.0
2020-10-27,WR,West India,Gujarat,23.02,72.57,29370.0,1156000.0,1244000.0
2020-10-28,ER,East India,Odisha,20.95,85.09,4570.0,375000.0,462000.0
2020-10-28,NER,NE India,Assam,26.2,92.93,120.0,49000.0,7000.0
2020-10-28,NR,North India,Rajasthan,26.91,74.22,35320.0,960000.0,419000.0
2020-10-28,SR,South India,Tamil Nadu,11.12,78.66,96760.0,887000.0,394000.0
2020-10-28,WR,West India,Gujarat,23.02,72.57,30510.0,1166000.0,1267000.0
2020-10-29,ER,East India,Odisha,20.95,85.09,4600.0,383000.0,473000.0
2020-10-29,NER,NE India,Assam,26.2,92.93,130.0,50000.0,7000.0
2020-10-29,NR,North India,Rajasthan,26.91,74.22,32470.0,951000.0,411000.0
2020-10-29,SR,South India,Tamil Nadu,11.12,78.66,86580.0,885000.0,403000.0
2020-10-29,WR,West India,Gujarat,23.02,72.57,29270.0,1174000.0,1282000.0
2020-10-30,ER,East India,Odisha,20.95,85.09,4520.0,385000.0,469000.0
2020-10-30,NER,NE India,Assam,26.2,92.93,130.0,50000.0,7000.0
2020-10-30,NR,North India,Rajasthan,26.91,74.22,34180.0,950000.0,402000.0
2020-10-30,SR,South India,Tamil Nadu,11.12,78.66,95590.0,906000.0,422000.0
2020-10-30,WR,West India,Gujarat,23.02,72.57,29870.0,1168000.0,1288000.0
2020-10-31,ER,East India,Odisha,20.95,85.09,4500.0,402000.0,480000.0
2020-10-31,NER,NE India,Assam,26.2,92.93,90.0,48000.0,7000.0
2020-10-31,NR,North India,Rajasthan,26.91,74.22,33310.0,950000.0,402000.0
2020-10-31,SR,South India,Tamil Nadu,11.12,78.66,93890.0,913000.0,416000.0
2020-10-31,WR,West India,Gujarat,23.02,72.57,28220.0,1165000.0,1285000.0
2020-11-01,ER,East India,Odisha,20.95,85.09,4470.0,398000.0,460000.0
2020-11-01,NER,NE India,Assam,26.2,92.93,90.0,45000.0,7000.0
2020-11-01,NR,North India,Rajasthan,26.91,74.22,32330.0,897000.0,402000.0
2020-11-01,SR,South India,Tamil Nadu,11.12,78.66,98440.0,866000.0,399000.0
2020-11-01,WR,West India,Gujarat,23.02,72.57,27830.0,1130000.0,1210000.0
2020-11-02,ER,East India,Odisha,20.95,85.09,4460.0,410000.0,480000.0
2020-11-02,NER,NE India,Assam,26.2,92.93,120.0,48000.0,7000.0
2020-11-02,NR,North India,Rajasthan,26.91,74.22,37800.0,920000.0,408000.0
2020-11-02,SR,South India,Tamil Nadu,11.12,78.66,94220.0,921000.0,426000.0
2020-11-02,WR,West India,Gujarat,23.02,72.57,29270.0,1172000.0,1249000.0
2020-11-03,ER,East India,Odisha,20.95,85.09,4680.0,397000.0,477000.0
2020-11-03,NER,NE India,Assam,26.2,92.93,60.0,49000.0,7000.0
2020-11-03,NR,North India,Rajasthan,26.91,74.22,37180.0,924000.0,397000.0
2020-11-03,SR,South India,Tamil Nadu,11.12,78.66,94470.0,940000.0,451000.0
2020-11-03,WR,West India,Gujarat,23.02,72.57,29400.0,1185000.0,1274000.0
2020-11-04,ER,East India,Odisha,20.95,85.09,4760.0,376000.0,454000.0
2020-11-04,NER,NE India,Assam,26.2,92.93,70.0,47000.0,7000.0
2020-11-04,NR,North India,Rajasthan,26.91,74.22,36950.0,926000.0,403000.0
2020-11-04,SR,South India,Tamil Nadu,11.12,78.66,88350.0,932000.0,444000.0
2020-11-04,WR,West India,Gujarat,23.02,72.57,30210.0,1183000.0,1310000.0
2020-11-05,ER,East India,Odisha,20.95,85.09,4500.0,360000.0,433000.0
2020-11-05,NER,NE India,Assam,26.2,92.93,90.0,45000.0,7000.0
2020-11-05,NR,North India,Rajasthan,26.91,74.22,37590.0,912000.0,385000.0
2020-11-05,SR,South India,Tamil Nadu,11.12,78.66,93260.0,908000.0,427000.0
2020-11-05,WR,West India,Gujarat,23.02,72.57,30000.0,1186000.0,1319000.0
2020-11-06,ER,East India,Odisha,20.95,85.09,4420.0,363000.0,430000.0
2020-11-06,NER,NE India,Assam,26.2,92.93,100.0,44000.0,7000.0
2020-11-06,NR,North India,Rajasthan,26.91,74.22,37220.0,945000.0,405000.0
2020-11-06,SR,South India,Tamil Nadu,11.12,78.66,81850.0,889000.0,436000.0
2020-11-06,WR,West India,Gujarat,23.02,72.57,30140.0,1195000.0,1332000.0
2020-11-07,ER,East India,Odisha,20.95,85.09,4390.0,366000.0,408000.0
2020-11-07,NER,NE India,Assam,26.2,92.93,30.0,44000.0,7000.0
2020-11-07,NR,North India,Rajasthan,26.91,74.22,34040.0,937000.0,416000.0
2020-11-07,SR,South India,Tamil Nadu,11.12,78.66,85950.0,885000.0,420000.0
2020-11-07,WR,West India,Gujarat,23.02,72.57,29400.0,1195000.0,1334000.0
2020-11-08,ER,East India,Odisha,20.95,85.09,3910.0,345000.0,393000.0
2020-11-08,NER,NE India,Assam,26.2,92.93,120.0,42000.0,7000.0
2020-11-08,NR,North India,Rajasthan,26.91,74.22,35810.0,917000.0,413000.0
2020-11-08,SR,South India,Tamil Nadu,11.12,78.66,83760.0,823000.0,376000.0
2020-11-08,WR,West India,Gujarat,23.02,72.57,28860.0,1174000.0,1300000.0
2020-11-09,ER,East India,Odisha,20.95,85.09,4420.0,355000.0,423000.0
2020-11-09,NER,NE India,Assam,26.2,92.93,130.0,41000.0,7000.0
2020-11-09,NR,North India,Rajasthan,26.91,74.22,33780.0,943000.0,434000.0
2020-11-09,SR,South India,Tamil Nadu,11.12,78.66,102590.0,869000.0,377000.0
2020-11-09,WR,West India,Gujarat,23.02,72.57,28320.0,1199000.0,1339000.0
2020-11-10,ER,East India,Odisha,20.95,85.09,4450.0,353000.0,423000.0
2020-11-10,NER,NE India,Assam,26.2,92.93,140.0,44000.0,6000.0
2020-11-10,NR,North India,Rajasthan,26.91,74.22,32360.0,943000.0,428000.0
2020-11-10,SR,South India,Tamil Nadu,11.12,78.66,105350.0,882000.0,382000.0
2020-11-10,WR,West India,Gujarat,23.02,72.57,28380.0,1198000.0,1329000.0
2020-11-11,ER,East India,Odisha,20.95,85.09,4660.0,355000.0,424000.0
2020-11-11,NER,NE India,Assam,26.2,92.93,130.0,43000.0,7000.0
2020-11-11,NR,North India,Rajasthan,26.91,74.22,29010.0,942000.0,426000.0
2020-11-11,SR,South India,Tamil Nadu,11.12,78.66,104960.0,887000.0,386000.0
2020-11-11,WR,West India,Gujarat,23.02,72.57,26730.0,1180000.0,1302000.0
2020-11-12,ER,East India,Odisha,20.95,85.09,4620.0,358000.0,432000.0
2020-11-12,NER,NE India,Assam,26.2,92.93,140.0,43000.0,7000.0
2020-11-12,NR,North India,Rajasthan,26.91,74.22,25340.0,960000.0,429000.0
2020-11-12,SR,South India,Tamil Nadu,11.12,78.66,68510.0,880000.0,390000.0
2020-11-12,WR,West India,Gujarat,23.02,72.57,25510.0,1186000.0,1331000.0
2020-11-13,ER,East India,Odisha,20.95,85.09,4410.0,361000.0,430000.0
2020-11-13,NER,NE India,Assam,26.2,92.93,130.0,44000.0,7000.0
2020-11-13,NR,North India,Rajasthan,26.91,74.22,27370.0,935000.0,423000.0
2020-11-13,SR,South India,Tamil Nadu,11.12,78.66,64959.99999999999,834000.0,373000.0
2020-11-13,WR,West India,Gujarat,23.02,72.57,26780.0,1166000.0,1281000.0
2020-11-14,ER,East India,Odisha,20.95,85.09,4620.0,353000.0,384000.0
2020-11-14,NER,NE India,Assam,26.2,92.93,140.0,42000.0,7000.0
2020-11-14,NR,North India,Rajasthan,26.91,74.22,28830.0,832000.0,388000.0
2020-11-14,SR,South India,Tamil Nadu,11.12,78.66,89660.0,733000.0,272000.0
2020-11-14,WR,West India,Gujarat,23.02,72.57,27080.0,1049000.0,1098000.0
2020-11-15,ER,East India,Odisha,20.95,85.09,4860.0,343000.0,338000.0
2020-11-15,NER,NE India,Assam,26.2,92.93,130.0,40000.0,7000.0
2020-11-15,NR,North India,Rajasthan,26.91,74.22,26900.0,722000.0,359000.0
2020-11-15,SR,South India,Tamil Nadu,11.12,78.66,65950.0,708000.0,250000.0
2020-11-15,WR,West India,Gujarat,23.02,72.57,26950.0,999000.0,1073000.0
2020-11-16,ER,East India,Odisha,20.95,85.09,4300.0,345000.0,372000.0
2020-11-16,NER,NE India,Assam,26.2,92.93,140.0,41000.0,7000.0
2020-11-16,NR,North India,Rajasthan,26.91,74.22,28020.0,727000.0,316000.0
2020-11-16,SR,South India,Tamil Nadu,11.12,78.66,54160.0,747000.0,288000.0
2020-11-16,WR,West India,Gujarat,23.02,72.57,54590.0,1015000.0,1058000.0
2020-11-17,ER,East India,Odisha,20.95,85.09,4410.0,349000.0,408000.0
2020-11-17,NER,NE India,Assam,26.2,92.93,130.0,41000.0,7000.0
2020-11-17,NR,North India,Rajasthan,26.91,74.22,30140.0,829000.0,331000.0
2020-11-17,SR,South India,Tamil Nadu,11.12,78.66,65260.00000000001,774000.0,304000.0
2020-11-17,WR,West India,Gujarat,23.02,72.57,27880.0,1107000.0,1211000.0
2020-11-18,ER,East India,Odisha,20.95,85.09,4270.0,357000.0,428000.0
2020-11-18,NER,NE India,Assam,26.2,92.93,110.0,41000.0,7000.0
2020-11-18,NR,North India,Rajasthan,26.91,74.22,35030.0,857000.0,350000.0
2020-11-18,SR,South India,Tamil Nadu,11.12,78.66,85960.0,807000.0,334000.0
2020-11-18,WR,West India,Gujarat,23.02,72.57,25200.0,1151000.0,1256000.0
2020-11-19,ER,East India,Odisha,20.95,85.09,4350.0,360000.0,423000.0
2020-11-19,NER,NE India,Assam,26.2,92.93,100.0,42000.0,7000.0
2020-11-19,NR,North India,Rajasthan,26.91,74.22,34890.0,860000.0,356000.0
2020-11-19,SR,South India,Tamil Nadu,11.12,78.66,92950.0,832000.0,349000.0
2020-11-19,WR,West India,Gujarat,23.02,72.57,24930.0,1172000.0,1276000.0
2020-11-20,ER,East India,Odisha,20.95,85.09,4460.0,357000.0,429000.0
2020-11-20,NER,NE India,Assam,26.2,92.93,90.0,42000.0,7000.0
2020-11-20,NR,North India,Rajasthan,26.91,74.22,36770.0,870000.0,358000.0
2020-11-20,SR,South India,Tamil Nadu,11.12,78.66,97570.0,855000.0,355000.0
2020-11-20,WR,West India,Gujarat,23.02,72.57,27750.0,1167000.0,1278000.0
2020-11-21,ER,East India,Odisha,20.95,85.09,4320.0,349000.0,425000.0
2020-11-21,NER,NE India,Assam,26.2,92.93,60.0,42000.0,7000.0
2020-11-21,NR,North India,Rajasthan,26.91,74.22,36980.0,861000.0,352000.0
2020-11-21,SR,South India,Tamil Nadu,11.12,78.66,109010.0,855000.0,344000.0
2020-11-21,WR,West India,Gujarat,23.02,72.57,29840.0,1164000.0,1281000.0
2020-11-22,ER,East India,Odisha,20.95,85.09,4450.0,336000.0,419000.0
2020-11-22,NER,NE India,Assam,26.2,92.93,80.0,40000.0,7000.0
2020-11-22,NR,North India,Rajasthan,26.91,74.22,35600.0,841000.0,359000.0
2020-11-22,SR,South India,Tamil Nadu,11.12,78.66,96210.0,814000.0,335000.0
2020-11-22,WR,West India,Gujarat,23.02,72.57,29910.0,1151000.0,1280000.0
2020-11-23,ER,East India,Odisha,20.95,85.09,4410.0,331000.0,423000.0
2020-11-23,NER,NE India,Assam,26.2,92.93,110.0,41000.0,7000.0
2020-11-23,NR,North India,Rajasthan,26.91,74.22,32720.0,868000.0,376000.0
2020-11-23,SR,South India,Tamil Nadu,11.12,78.66,80310.0,859000.0,368000.0
2020-11-23,WR,West India,Gujarat,23.02,72.57,30890.0,1173000.0,1324000.0
2020-11-24,ER,East India,Odisha,20.95,85.09,4370.0,342000.0,443000.0
2020-11-24,NER,NE India,Assam,26.2,92.93,120.0,42000.0,8000.0
2020-11-24,NR,North India,Rajasthan,26.91,74.22,26810.0,889000.0,389000.0
2020-11-24,SR,South India,Tamil Nadu,11.12,78.66,76640.0,858000.0,377000.0
2020-11-24,WR,West India,Gujarat,23.02,72.57,32680.0,1202000.0,1304000.0
2020-11-25,ER,East India,Odisha,20.95,85.09,4380.0,343000.0,421000.0
2020-11-25,NER,NE India,Assam,26.2,92.93,130.0,43000.0,7000.0
2020-11-25,NR,North India,Rajasthan,26.91,74.22,14390.0,898000.0,413000.0
2020-11-25,SR,South India,Tamil Nadu,11.12,78.66,75770.0,813000.0,344000.0
2020-11-25,WR,West India,Gujarat,23.02,72.57,28610.0,1198000.0,1288000.0
2020-11-26,ER,East India,Odisha,20.95,85.09,4230.0,338000.0,390000.0
2020-11-26,NER,NE India,Assam,26.2,92.93,130.0,42000.0,7000.0
2020-11-26,NR,North India,Rajasthan,26.91,74.22,30280.0,879000.0,394000.0
2020-11-26,SR,South India,Tamil Nadu,11.12,78.66,30240.0,725000.0,318000.0
2020-11-26,WR,West India,Gujarat,23.02,72.57,25760.0,1195000.0,1203000.0
2020-11-27,ER,East India,Odisha,20.95,85.09,4210.0,344000.0,396000.0
2020-11-27,NER,NE India,Assam,26.2,92.93,70.0,43000.0,7000.0
2020-11-27,NR,North India,Rajasthan,26.91,74.22,34980.0,904000.0,410000.0
2020-11-27,SR,South India,Tamil Nadu,11.12,78.66,45890.0,754000.0,328000.0
2020-11-27,WR,West India,Gujarat,23.02,72.57,27020.0,1176000.0,1183000.0
2020-11-28,ER,East India,Odisha,20.95,85.09,4610.0,342000.0,409000.0
2020-11-28,NER,NE India,Assam,26.2,92.93,120.0,43000.0,6000.0
2020-11-28,NR,North India,Rajasthan,26.91,74.22,36290.0,906000.0,409000.0
2020-11-28,SR,South India,Tamil Nadu,11.12,78.66,55620.0,770000.0,348000.0
2020-11-28,WR,West India,Gujarat,23.02,72.57,29750.0,1170000.0,1216000.0
2020-11-29,ER,East India,Odisha,20.95,85.09,4400.0,336000.0,425000.0
2020-11-29,NER,NE India,Assam,26.2,92.93,130.0,42000.0,6000.0
2020-11-29,NR,North India,Rajasthan,26.91,74.22,36940.0,880000.0,396000.0
2020-11-29,SR,South India,Tamil Nadu,11.12,78.66,52040.0,755000.0,346000.0
2020-11-29,WR,West India,Gujarat,23.02,72.57,29270.0,1177000.0,1232000.0
2020-11-30,ER,East India,Odisha,20.95,85.09,4420.0,344000.0,442000.0
2020-11-30,NER,NE India,Assam,26.2,92.93,130.0,41000.0,7000.0
2020-11-30,NR,North India,Rajasthan,26.91,74.22,35270.0,902000.0,417000.0
2020-11-30,SR,South India,Tamil Nadu,11.12,78.66,81170.0,802000.0,381000.0
2020-11-30,WR,West India,Gujarat,23.02,72.57,32860.0,1215000.0,1271000.0
2020-12-01,ER,East India,Odisha,20.95,85.09,4420.0,343000.0,448000.0
2020-12-01,NER,NE India,Assam,26.2,92.93,130.0,42000.0,7000.0
2020-12-01,NR,North India,Rajasthan,26.91,74.22,36070.0,922000.0,424000.0
2020-12-01,SR,South India,Tamil Nadu,11.12,78.66,96580.0,817000.0,381000.0
2020-12-01,WR,West India,Gujarat,23.02,72.57,30580.0,1224000.0,1272000.0
2020-12-02,ER,East India,Odisha,20.95,85.09,4340.0,343000.0,463000.0
2020-12-02,NER,NE India,Assam,26.2,92.93,130.0,43000.0,7000.0
2020-12-02,NR,North India,Rajasthan,26.91,74.22,36040.0,948000.0,461000.0
2020-12-02,SR,South India,Tamil Nadu,11.12,78.66,85310.0,835000.0,393000.0
2020-12-02,WR,West India,Gujarat,23.02,72.57,33710.0,1229000.0,1235000.0
2020-12-03,ER,East India,Odisha,20.95,85.09,4240.0,359000.0,462000.0
2020-12-03,NER,NE India,Assam,26.2,92.93,110.0,43000.0,7000.0
2020-12-03,NR,North India,Rajasthan,26.91,74.22,35630.0,950000.0,458000.0
2020-12-03,SR,South India,Tamil Nadu,11.12,78.66,56190.0,813000.0,387000.0
2020-12-03,WR,West India,Gujarat,23.02,72.57,31750.0,1225000.0,1310000.0
2020-12-04,ER,East India,Odisha,20.95,85.09,4490.0,356000.0,468000.0
2020-12-04,NER,NE India,Assam,26.2,92.93,120.0,43000.0,7000.0
2020-12-04,NR,North India,Rajasthan,26.91,74.22,35380.0,967000.0,464000.0
2020-12-04,SR,South India,Tamil Nadu,11.12,78.66,64500.0,816000.0,387000.0
2020-12-04,WR,West India,Gujarat,23.02,72.57,31180.0,1230000.0,1311000.0
2020-12-05,ER,East India,Odisha,20.95,85.09,4770.0,345000.0,469000.0
2020-12-05,NER,NE India,Assam,26.2,92.93,100.0,43000.0,8000.0
2020-12-05,NR,North India,Rajasthan,26.91,74.22,32500.0,963000.0,465000.0
2020-12-05,SR,South India,Tamil Nadu,11.12,78.66,74480.0,815000.0,388000.0
2020-12-05,WR,West India,Gujarat,23.02,72.57,31120.0,1228000.0,1294000.0
2020-12-06,ER,East India,Odisha,20.95,85.09,4510.0,333000.0,439000.0
2020-12-06,NER,NE India,Assam,26.2,92.93,90.0,41000.0,7000.0
2020-12-06,NR,North India,Rajasthan,26.91,74.22,30270.0,921000.0,447000.0
2020-12-06,SR,South India,Tamil Nadu,11.12,78.66,77400.0,772000.0,355000.0
2020-12-06,WR,West India,Gujarat,23.02,72.57,30650.0,1194000.0,1241000.0
2020-12-07,ER,East India,Odisha,20.95,85.09,4320.0,342000.0,445000.0
2020-12-07,NER,NE India,Assam,26.2,92.93,90.0,42000.0,8000.0
2020-12-07,NR,North India,Rajasthan,26.91,74.22,28460.0,945000.0,464000.0
2020-12-07,SR,South India,Tamil Nadu,11.12,78.66,62730.0,806000.0,359000.0
2020-12-07,WR,West India,Gujarat,23.02,72.57,31920.0,1220000.0,1301000.0
2020-12-08,ER,East India,Odisha,20.95,85.09,4360.0,344000.0,437000.0
2020-12-08,NER,NE India,Assam,26.2,92.93,100.0,42000.0,7000.0
2020-12-08,NR,North India,Rajasthan,26.91,74.22,32750.0,961000.0,461000.0
2020-12-08,SR,South India,Tamil Nadu,11.12,78.66,72340.0,811000.0,383000.0
2020-12-08,WR,West India,Gujarat,23.02,72.57,30010.0,1237000.0,1341000.0
2020-12-09,ER,East India,Odisha,20.95,85.09,4370.0,343000.0,448000.0
2020-12-09,NER,NE India,Assam,26.2,92.93,100.0,43000.0,7000.0
2020-12-09,NR,North India,Rajasthan,26.91,74.22,31790.0,961000.0,450000.0
2020-12-09,SR,South India,Tamil Nadu,11.12,78.66,77630.0,826000.0,381000.0
2020-12-09,WR,West India,Gujarat,23.02,72.57,29360.0,1243000.0,1272000.0
2020-12-10,ER,East India,Odisha,20.95,85.09,4230.0,342000.0,444000.0
2020-12-10,NER,NE India,Assam,26.2,92.93,90.0,44000.0,7000.0
2020-12-10,NR,North India,Rajasthan,26.91,74.22,31940.0,953000.0,453000.0
2020-12-10,SR,South India,Tamil Nadu,11.12,78.66,99780.0,832000.0,386000.0
2020-12-10,WR,West India,Gujarat,23.02,72.57,36570.0,1248000.0,1268000.0
2020-12-11,ER,East India,Odisha,20.95,85.09,4210.0,348000.0,440000.0
2020-12-11,NER,NE India,Assam,26.2,92.93,100.0,44000.0,7000.0
2020-12-11,NR,North India,Rajasthan,26.91,74.22,25540.0,938000.0,441000.0
2020-12-11,SR,South India,Tamil Nadu,11.12,78.66,104030.0,853000.0,397000.0
2020-12-11,WR,West India,Gujarat,23.02,72.57,14590.0,1172000.0,1291000.0
2020-12-12,ER,East India,Odisha,20.95,85.09,3920.0,349000.0,427000.0
2020-12-12,NER,NE India,Assam,26.2,92.93,90.0,43000.0,7000.0
2020-12-12,NR,North India,Rajasthan,26.91,74.22,32430.0,894000.0,427000.0
2020-12-12,SR,South India,Tamil Nadu,11.12,78.66,102830.0,859000.0,392000.0
2020-12-12,WR,West India,Gujarat,23.02,72.57,17200.0,1133000.0,1199000.0
2020-12-13,ER,East India,Odisha,20.95,85.09,4460.0,341000.0,427000.0
2020-12-13,NER,NE India,Assam,26.2,92.93,70.0,41000.0,6000.0
2020-12-13,NR,North India,Rajasthan,26.91,74.22,30750.0,901000.0,430000.0
2020-12-13,SR,South India,Tamil Nadu,11.12,78.66,90880.0,822000.0,383000.0
2020-12-13,WR,West India,Gujarat,23.02,72.57,21650.0,1108000.0,1158000.0
2020-12-14,ER,East India,Odisha,20.95,85.09,4840.0,350000.0,444000.0
2020-12-14,NER,NE India,Assam,26.2,92.93,60.0,43000.0,7000.0
2020-12-14,NR,North India,Rajasthan,26.91,74.22,32060.000000000004,934000.0,449000.0
2020-12-14,SR,South India,Tamil Nadu,11.12,78.66,97250.0,868000.0,389000.0
2020-12-14,WR,West India,Gujarat,23.02,72.57,17220.0,1131000.0,1224000.0
2020-12-15,ER,East India,Odisha,20.95,85.09,4230.0,357000.0,443000.0
2020-12-15,NER,NE India,Assam,26.2,92.93,60.0,43000.0,7000.0
2020-12-15,NR,North India,Rajasthan,26.91,74.22,31750.0,959000.0,473000.0
2020-12-15,SR,South India,Tamil Nadu,11.12,78.66,93960.0,889000.0,417000.0
2020-12-15,WR,West India,Gujarat,23.02,72.57,20660.0,1161000.0,1244000.0
2020-12-16,ER,East India,Odisha,20.95,85.09,3990.0,357000.0,450000.0
2020-12-16,NER,NE India,Assam,26.2,92.93,50.0,44000.0,7000.0
2020-12-16,NR,North India,Rajasthan,26.91,74.22,28650.0,985000.0,472000.0
2020-12-16,SR,South India,Tamil Nadu,11.12,78.66,69330.0,892000.0,419000.0
2020-12-16,WR,West India,Gujarat,23.02,72.57,22300.0,1163000.0,1242000.0
2020-12-17,ER,East India,Odisha,20.95,85.09,4180.0,368000.0,458000.0
2020-12-17,NER,NE India,Assam,26.2,92.93,30.0,44000.0,8000.0
2020-12-17,NR,North India,Rajasthan,26.91,74.22,33250.0,996000.0,476000.0
2020-12-17,SR,South India,Tamil Nadu,11.12,78.66,65670.0,888000.0,431000.0
2020-12-17,WR,West India,Gujarat,23.02,72.57,29220.0,1181000.0,1260000.0
2020-12-18,ER,East India,Odisha,20.95,85.09,4500.0,368000.0,460000.0
2020-12-18,NER,NE India,Assam,26.2,92.93,10.0,44000.0,7000.0
2020-12-18,NR,North India,Rajasthan,26.91,74.22,38490.0,1021000.0,500000.0
2020-12-18,SR,South India,Tamil Nadu,11.12,78.66,85780.0,906000.0,437000.0
2020-12-18,WR,West India,Gujarat,23.02,72.57,61350.0,1194000.0,1264000.0
2020-12-19,ER,East India,Odisha,20.95,85.09,4460.0,356000.0,465000.0
2020-12-19,NER,NE India,Assam,26.2,92.93,1530.0,45000.0,8000.0
2020-12-19,NR,North India,Rajasthan,26.91,74.22,36510.0,1023000.0,509000.0
2020-12-19,SR,South India,Tamil Nadu,11.12,78.66,78870.0,891000.0,432000.0
2020-12-19,WR,West India,Gujarat,23.02,72.57,32530.0,1197000.0,1271000.0
2020-12-20,ER,East India,Odisha,20.95,85.09,4690.0,346000.0,462000.0
2020-12-20,NER,NE India,Assam,26.2,92.93,30.0,41000.0,6000.0
2020-12-20,NR,North India,Rajasthan,26.91,74.22,31820.0,1004000.0,513000.0
2020-12-20,SR,South India,Tamil Nadu,11.12,78.66,79900.0,837000.0,406000.0
2020-12-20,WR,West India,Gujarat,23.02,72.57,31700.0,1171000.0,1233000.0
2020-12-21,ER,East India,Odisha,20.95,85.09,4560.0,358000.0,465000.0
2020-12-21,NER,NE India,Assam,26.2,92.93,40.0,41000.0,7000.0
2020-12-21,NR,North India,Rajasthan,26.91,74.22,34660.0,1033000.0,524000.0
2020-12-21,SR,South India,Tamil Nadu,11.12,78.66,95800.0,883000.0,411000.0
2020-12-21,WR,West India,Gujarat,23.02,72.57,32870.0,1201000.0,1316000.0
2020-12-22,ER,East India,Odisha,20.95,85.09,4640.0,362000.0,471000.0
2020-12-22,NER,NE India,Assam,26.2,92.93,30.0,43000.0,7000.0
2020-12-22,NR,North India,Rajasthan,26.91,74.22,33700.0,1043000.0,524000.0
2020-12-22,SR,South India,Tamil Nadu,11.12,78.66,92000.0,907000.0,447000.0
2020-12-22,WR,West India,Gujarat,23.02,72.57,31340.0,1221000.0,1352000.0
2020-12-23,ER,East India,Odisha,20.95,85.09,4420.0,369000.0,483000.0
2020-12-23,NER,NE India,Assam,26.2,92.93,60.0,43000.0,7000.0
2020-12-23,NR,North India,Rajasthan,26.91,74.22,35530.0,1048000.0,529000.0
2020-12-23,SR,South India,Tamil Nadu,11.12,78.66,89410.0,927000.0,444000.0
2020-12-23,WR,West India,Gujarat,23.02,72.57,31160.0,1223000.0,1332000.0
2020-12-24,ER,East India,Odisha,20.95,85.09,4480.0,368000.0,483000.0
2020-12-24,NER,NE India,Assam,26.2,92.93,30.0,44000.0,7000.0
2020-12-24,NR,North India,Rajasthan,26.91,74.22,34770.0,1050000.0,531000.0
2020-12-24,SR,South India,Tamil Nadu,11.12,78.66,95920.0,934000.0,454000.0
2020-12-24,WR,West India,Gujarat,23.02,72.57,30840.0,1232000.0,1314000.0
2020-12-25,ER,East India,Odisha,20.95,85.09,4470.0,362000.0,473000.0
2020-12-25,NER,NE India,Assam,26.2,92.93,40.0,44000.0,7000.0
2020-12-25,NR,North India,Rajasthan,26.91,74.22,30550.0,1051000.0,544000.0
2020-12-25,SR,South India,Tamil Nadu,11.12,78.66,95400.0,921000.0,426000.0
2020-12-25,WR,West India,Gujarat,23.02,72.57,30520.0,1237000.0,1295000.0
2020-12-26,ER,East India,Odisha,20.95,85.09,4490.0,362000.0,476000.0
2020-12-26,NER,NE India,Assam,26.2,92.93,40.0,43000.0,7000.0
2020-12-26,NR,North India,Rajasthan,26.91,74.22,31660.0,1042000.0,554000.0
2020-12-26,SR,South India,Tamil Nadu,11.12,78.66,101420.0,929000.0,422000.0
2020-12-26,WR,West India,Gujarat,23.02,72.57,30700.0,1244000.0,1342000.0
2020-12-27,ER,East India,Odisha,20.95,85.09,4490.0,357000.0,461000.0
2020-12-27,NER,NE India,Assam,26.2,92.93,70.0,44000.0,6000.0
2020-12-27,NR,North India,Rajasthan,26.91,74.22,33300.0,983000.0,507000.0
2020-12-27,SR,South India,Tamil Nadu,11.12,78.66,97070.0,885000.0,409000.0
2020-12-27,WR,West India,Gujarat,23.02,72.57,31040.0,1222000.0,1303000.0
2020-12-28,ER,East India,Odisha,20.95,85.09,4490.0,364000.0,470000.0
2020-12-28,NER,NE India,Assam,26.2,92.93,110.0,44000.0,7000.0
2020-12-28,NR,North India,Rajasthan,26.91,74.22,36780.0,1014000.0,529000.0
2020-12-28,SR,South India,Tamil Nadu,11.12,78.66,90750.0,936000.0,449000.0
2020-12-28,WR,West India,Gujarat,23.02,72.57,32430.0,1236000.0,1318000.0
2020-12-29,ER,East India,Odisha,20.95,85.09,4640.0,372000.0,467000.0
2020-12-29,NER,NE India,Assam,26.2,92.93,120.0,43000.0,7000.0
2020-12-29,NR,North India,Rajasthan,26.91,74.22,37290.0,1043000.0,524000.0
2020-12-29,SR,South India,Tamil Nadu,11.12,78.66,86880.0,950000.0,472000.0
2020-12-29,WR,West India,Gujarat,23.02,72.57,30880.0,1234000.0,1337000.0
2020-12-30,ER,East India,Odisha,20.95,85.09,4620.0,379000.0,463000.0
2020-12-30,NER,NE India,Assam,26.2,92.93,140.0,44000.0,7000.0
2020-12-30,NR,North India,Rajasthan,26.91,74.22,34950.0,1058000.0,520000.0
2020-12-30,SR,South India,Tamil Nadu,11.12,78.66,91730.0,956000.0,459000.0
2020-12-30,WR,West India,Gujarat,23.02,72.57,29160.0,1230000.0,1320000.0
2020-12-31,ER,East India,Odisha,20.95,85.09,4420.0,381000.0,465000.0
2020-12-31,NER,NE India,Assam,26.2,92.93,140.0,44000.0,7000.0
2020-12-31,NR,North India,Rajasthan,26.91,74.22,30110.0,1039000.0,518000.0
2020-12-31,SR,South India,Tamil Nadu,11.12,78.66,63830.0,928000.0,472000.0
2020-12-31,WR,West India,Gujarat,23.02,72.57,27600.0,1235000.0,1318000.0
2021-01-01,ER,East India,Odisha,20.95,85.09,4440.0,364000.0,449000.0
2021-01-01,NER,NE India,Assam,26.2,92.93,20.0,43000.0,7000.0
2021-01-01,NR,North India,Rajasthan,26.91,74.22,33670.0,1043000.0,529000.0
2021-01-01,SR,South India,Tamil Nadu,11.12,78.66,81640.0,890000.0,448000.0
2021-01-01,WR,West India,Gujarat,23.02,72.57,26230.0,1209000.0,1295000.0
2021-01-02,ER,East India,Odisha,20.95,85.09,4490.0,358000.0,460000.0
2021-01-02,NER,NE India,Assam,26.2,92.93,140.0,43000.0,7000.0
2021-01-02,NR,North India,Rajasthan,26.91,74.22,23180.0,1008000.0,520000.0
2021-01-02,SR,South India,Tamil Nadu,11.12,78.66,74820.0,905000.0,445000.0
2021-01-02,WR,West India,Gujarat,23.02,72.57,26610.0,1222000.0,1288000.0
2021-01-03,ER,East India,Odisha,20.95,85.09,4430.0,352000.0,450000.0
2021-01-03,NER,NE India,Assam,26.2,92.93,140.0,43000.0,6000.0
2021-01-03,NR,North India,Rajasthan,26.91,74.22,21940.0,916000.0,491000.0
2021-01-03,SR,South India,Tamil Nadu,11.12,78.66,76870.0,863000.0,417000.0
2021-01-03,WR,West India,Gujarat,23.02,72.57,25560.0,1206000.0,1263000.0
2021-01-04,ER,East India,Odisha,20.95,85.09,4250.0,356000.0,454000.0
2021-01-04,NER,NE India,Assam,26.2,92.93,150.0,44000.0,7000.0
2021-01-04,NR,North India,Rajasthan,26.91,74.22,16700.0,923000.0,510000.0
2021-01-04,SR,South India,Tamil Nadu,11.12,78.66,84430.0,908000.0,437000.0
2021-01-04,WR,West India,Gujarat,23.02,72.57,21280.0,1214000.0,1260000.0
2021-01-05,ER,East India,Odisha,20.95,85.09,4390.0,369000.0,455000.0
2021-01-05,NER,NE India,Assam,26.2,92.93,140.0,43000.0,6000.0
2021-01-05,NR,North India,Rajasthan,26.91,74.22,9950.0,896000.0,485000.0
2021-01-05,SR,South India,Tamil Nadu,11.12,78.66,74790.0,925000.0,451000.0
2021-01-05,WR,West India,Gujarat,23.02,72.57,22000.0,1203000.0,1274000.0
2021-01-06,ER,East India,Odisha,20.95,85.09,4450.0,382000.0,473000.0
2021-01-06,NER,NE India,Assam,26.2,92.93,140.0,44000.0,7000.0
2021-01-06,NR,North India,Rajasthan,26.91,74.22,24240.0,897000.0,495000.0
2021-01-06,SR,South India,Tamil Nadu,11.12,78.66,45170.0,914000.0,457000.0
2021-01-06,WR,West India,Gujarat,23.02,72.57,27610.0,1215000.0,1279000.0
2021-01-07,ER,East India,Odisha,20.95,85.09,4700.0,384000.0,482000.0
2021-01-07,NER,NE India,Assam,26.2,92.93,130.0,43000.0,7000.0
2021-01-07,NR,North India,Rajasthan,26.91,74.22,30260.0,941000.0,507000.0
2021-01-07,SR,South India,Tamil Nadu,11.12,78.66,44740.0,860000.0,463000.0
2021-01-07,WR,West India,Gujarat,23.02,72.57,24050.0,1226000.0,1237000.0
2021-01-08,ER,East India,Odisha,20.95,85.09,4330.0,375000.0,477000.0
2021-01-08,NER,NE India,Assam,26.2,92.93,110.0,43000.0,7000.0
2021-01-08,NR,North India,Rajasthan,26.91,74.22,34320.0,959000.0,508000.0
2021-01-08,SR,South India,Tamil Nadu,11.12,78.66,66620.0,888000.0,486000.0
2021-01-08,WR,West India,Gujarat,23.02,72.57,26610.0,1205000.0,1565000.0
2021-01-09,ER,East India,Odisha,20.95,85.09,4850.0,370000.0,466000.0
2021-01-09,NER,NE India,Assam,26.2,92.93,110.0,43000.0,7000.0
2021-01-09,NR,North India,Rajasthan,26.91,74.22,25140.0,945000.0,496000.0
2021-01-09,SR,South India,Tamil Nadu,11.12,78.66,64129.99999999999,878000.0,462000.0
2021-01-09,WR,West India,Gujarat,23.02,72.57,18970.0,1185000.0,1230000.0
2021-01-10,ER,East India,Odisha,20.95,85.09,4500.0,363000.0,452000.0
2021-01-10,NER,NE India,Assam,26.2,92.93,100.0,43000.0,7000.0
2021-01-10,NR,North India,Rajasthan,26.91,74.22,35710.0,923000.0,482000.0
2021-01-10,SR,South India,Tamil Nadu,11.12,78.66,80380.0,848000.0,460000.0
2021-01-10,WR,West India,Gujarat,23.02,72.57,23640.0,1179000.0,1227000.0
2021-01-11,ER,East India,Odisha,20.95,85.09,4380.0,383000.0,481000.0
2021-01-11,NER,NE India,Assam,26.2,92.93,70.0,44000.0,7000.0
2021-01-11,NR,North India,Rajasthan,26.91,74.22,38590.0,977000.0,524000.0
2021-01-11,SR,South India,Tamil Nadu,11.12,78.66,65230.00000000001,893000.0,498000.0
2021-01-11,WR,West India,Gujarat,23.02,72.57,31280.0,1218000.0,1276000.0
2021-01-12,ER,East India,Odisha,20.95,85.09,4400.0,387000.0,490000.0
2021-01-12,NER,NE India,Assam,26.2,92.93,60.0,44000.0,7000.0
2021-01-12,NR,North India,Rajasthan,26.91,74.22,40840.0,1004000.0,527000.0
2021-01-12,SR,South India,Tamil Nadu,11.12,78.66,73020.0,901000.0,494000.0
2021-01-12,WR,West India,Gujarat,23.02,72.57,33530.0,1238000.0,1291000.0
2021-01-13,ER,East India,Odisha,20.95,85.09,4820.0,386000.0,473000.0
2021-01-13,NER,NE India,Assam,26.2,92.93,30.0,44000.0,7000.0
2021-01-13,NR,North India,Rajasthan,26.91,74.22,40460.0,1009000.0,534000.0
2021-01-13,SR,South India,Tamil Nadu,11.12,78.66,77050.0,899000.0,494000.0
2021-01-13,WR,West India,Gujarat,23.02,72.57,35990.0,1238000.0,1313000.0
2021-01-14,ER,East India,Odisha,20.95,85.09,4650.0,384000.0,450000.0
2021-01-14,NER,NE India,Assam,26.2,92.93,60.0,43000.0,7000.0
2021-01-14,NR,North India,Rajasthan,26.91,74.22,31310.0,1010000.0,536000.0
2021-01-14,SR,South India,Tamil Nadu,11.12,78.66,83100.0,830000.0,441000.0
2021-01-14,WR,West India,Gujarat,23.02,72.57,35010.0,1167000.0,1280000.0
2021-01-15,ER,East India,Odisha,20.95,85.09,4450.0,375000.0,442000.0
2021-01-15,NER,NE India,Assam,26.2,92.93,70.0,42000.0,7000.0
2021-01-15,NR,North India,Rajasthan,26.91,74.22,35660.0,1017000.0,540000.0
2021-01-15,SR,South India,Tamil Nadu,11.12,78.66,90080.0,839000.0,439000.0
2021-01-15,WR,West India,Gujarat,23.02,72.57,32820.0,1188000.0,1284000.0
2021-01-16,ER,East India,Odisha,20.95,85.09,4330.0,387000.0,473000.0
2021-01-16,NER,NE India,Assam,26.2,92.93,60.0,44000.0,7000.0
2021-01-16,NR,North India,Rajasthan,26.91,74.22,36080.0,1013000.0,536000.0
2021-01-16,SR,South India,Tamil Nadu,11.12,78.66,86560.0,866000.0,447000.0
2021-01-16,WR,West India,Gujarat,23.02,72.57,31690.0,1238000.0,1314000.0
2021-01-17,ER,East India,Odisha,20.95,85.09,4290.0,375000.0,479000.0
2021-01-17,NER,NE India,Assam,26.2,92.93,70.0,42000.0,7000.0
2021-01-17,NR,North India,Rajasthan,26.91,74.22,34800.0,995000.0,534000.0
2021-01-17,SR,South India,Tamil Nadu,11.12,78.66,103640.0,860000.0,448000.0
2021-01-17,WR,West India,Gujarat,23.02,72.57,29750.0,1239000.0,1295000.0
2021-01-18,ER,East India,Odisha,20.95,85.09,4600.0,396000.0,481000.0
2021-01-18,NER,NE India,Assam,26.2,92.93,120.0,43000.0,7000.0
2021-01-18,NR,North India,Rajasthan,26.91,74.22,15000.0,1009000.0,561000.0
2021-01-18,SR,South India,Tamil Nadu,11.12,78.66,108640.0,925000.0,491000.0
2021-01-18,WR,West India,Gujarat,23.02,72.57,30250.0,1263000.0,1298000.0
2021-01-19,ER,East India,Odisha,20.95,85.09,4270.0,396000.0,495000.0
2021-01-19,NER,NE India,Assam,26.2,92.93,30.0,44000.0,8000.0
2021-01-19,NR,North India,Rajasthan,26.91,74.22,28870.0,1030000.0,590000.0
2021-01-19,SR,South India,Tamil Nadu,11.12,78.66,103470.0,959000.0,524000.0
2021-01-19,WR,West India,Gujarat,23.02,72.57,30650.0,1276000.0,1352000.0
2021-01-20,ER,East India,Odisha,20.95,85.09,4320.0,396000.0,508000.0
2021-01-20,NER,NE India,Assam,26.2,92.93,70.0,43000.0,7000.0
2021-01-20,NR,North India,Rajasthan,26.91,74.22,37090.0,1048000.0,581000.0
2021-01-20,SR,South India,Tamil Nadu,11.12,78.66,102890.0,988000.0,550000.0
2021-01-20,WR,West India,Gujarat,23.02,72.57,32920.0,1280000.0,1372000.0
2021-01-21,ER,East India,Odisha,20.95,85.09,4460.0,390000.0,509000.0
2021-01-21,NER,NE India,Assam,26.2,92.93,60.0,43000.0,7000.0
2021-01-21,NR,North India,Rajasthan,26.91,74.22,40850.0,1038000.0,583000.0
2021-01-21,SR,South India,Tamil Nadu,11.12,78.66,97230.0,1014000.0,578000.0
2021-01-21,WR,West India,Gujarat,23.02,72.57,34890.0,1277000.0,1373000.0
2021-01-22,ER,East India,Odisha,20.95,85.09,4660.0,394000.0,514000.0
2021-01-22,NER,NE India,Assam,26.2,92.93,170.0,45000.0,7000.0
2021-01-22,NR,North India,Rajasthan,26.91,74.22,37190.0,1054000.0,588000.0
2021-01-22,SR,South India,Tamil Nadu,11.12,78.66,89140.0,1035000.0,591000.0
2021-01-22,WR,West India,Gujarat,23.02,72.57,34150.0,1283000.0,1372000.0
2021-01-23,ER,East India,Odisha,20.95,85.09,4640.0,388000.0,515000.0
2021-01-23,NER,NE India,Assam,26.2,92.93,150.0,43000.0,7000.0
2021-01-23,NR,North India,Rajasthan,26.91,74.22,30740.0,1042000.0,588000.0
2021-01-23,SR,South India,Tamil Nadu,11.12,78.66,97310.0,1037000.0,568000.0
2021-01-23,WR,West India,Gujarat,23.02,72.57,33330.0,1285000.0,1355000.0
2021-01-24,ER,East India,Odisha,20.95,85.09,4320.0,380000.0,500000.0
2021-01-24,NER,NE India,Assam,26.2,92.93,120.0,43000.0,7000.0
2021-01-24,NR,North India,Rajasthan,26.91,74.22,35830.0,1018000.0,559000.0
2021-01-24,SR,South India,Tamil Nadu,11.12,78.66,104610.0,985000.0,529000.0
2021-01-24,WR,West India,Gujarat,23.02,72.57,33420.0,1256000.0,1329000.0
2021-01-25,ER,East India,Odisha,20.95,85.09,4590.0,379000.0,480000.0
2021-01-25,NER,NE India,Assam,26.2,92.93,150.0,43000.0,7000.0
2021-01-25,NR,North India,Rajasthan,26.91,74.22,36460.0,1036000.0,570000.0
2021-01-25,SR,South India,Tamil Nadu,11.12,78.66,108470.0,1005000.0,552000.0
2021-01-25,WR,West India,Gujarat,23.02,72.57,33230.0,1266000.0,1335000.0
2021-01-26,ER,East India,Odisha,20.95,85.09,4750.0,380000.0,464000.0
2021-01-26,NER,NE India,Assam,26.2,92.93,150.0,42000.0,7000.0
2021-01-26,NR,North India,Rajasthan,26.91,74.22,37790.0,999000.0,552000.0
2021-01-26,SR,South India,Tamil Nadu,11.12,78.66,109170.0,971000.0,497000.0
2021-01-26,WR,West India,Gujarat,23.02,72.57,34220.0,1198000.0,1312000.0
2021-01-27,ER,East India,Odisha,20.95,85.09,4260.0,393000.0,488000.0
2021-01-27,NER,NE India,Assam,26.2,92.93,130.0,44000.0,7000.0
2021-01-27,NR,North India,Rajasthan,26.91,74.22,39510.0,1040000.0,580000.0
2021-01-27,SR,South India,Tamil Nadu,11.12,78.66,103650.0,1010000.0,521000.0
2021-01-27,WR,West India,Gujarat,23.02,72.57,36590.0,1236000.0,1333000.0
2021-01-28,ER,East India,Odisha,20.95,85.09,4440.0,398000.0,512000.0
2021-01-28,NER,NE India,Assam,26.2,92.93,100.0,45000.0,7000.0
2021-01-28,NR,North India,Rajasthan,26.91,74.22,39080.0,1069000.0,591000.0
2021-01-28,SR,South India,Tamil Nadu,11.12,78.66,101730.0,1026000.0,525000.0
2021-01-28,WR,West India,Gujarat,23.02,72.57,35150.0,1256000.0,1362000.0
2021-01-29,ER,East India,Odisha,20.95,85.09,4230.0,401000.0,512000.0
2021-01-29,NER,NE India,Assam,26.2,92.93,140.0,44000.0,7000.0
2021-01-29,NR,North India,Rajasthan,26.91,74.22,39890.0,1077000.0,597000.0
2021-01-29,SR,South India,Tamil Nadu,11.12,78.66,96540.0,1046000.0,566000.0
2021-01-29,WR,West India,Gujarat,23.02,72.57,36370.0,1247000.0,1362000.0
2021-01-30,ER,East India,Odisha,20.95,85.09,4620.0,394000.0,509000.0
2021-01-30,NER,NE India,Assam,26.2,92.93,170.0,43000.0,8000.0
2021-01-30,NR,North India,Rajasthan,26.91,74.22,42340.0,1078000.0,620000.0
2021-01-30,SR,South India,Tamil Nadu,11.12,78.66,97830.0,1049000.0,564000.0
2021-01-30,WR,West India,Gujarat,23.02,72.57,36460.0,1249000.0,1353000.0
2021-01-31,ER,East India,Odisha,20.95,85.09,4750.0,390000.0,496000.0
2021-01-31,NER,NE India,Assam,26.2,92.93,140.0,44000.0,7000.0
2021-01-31,NR,North India,Rajasthan,26.91,74.22,43280.0,1045000.0,590000.0
2021-01-31,SR,South India,Tamil Nadu,11.12,78.66,98020.0,999000.0,538000.0
2021-01-31,WR,West India,Gujarat,23.02,72.57,36000.0,1229000.0,1333000.0
2021-02-01,ER,East India,Odisha,20.95,85.09,4500.0,390000.0,486000.0
2021-02-01,NER,NE India,Assam,26.2,92.93,160.0,43000.0,7000.0
2021-02-01,NR,North India,Rajasthan,26.91,74.22,41700.0,1061000.0,612000.0
2021-02-01,SR,South India,Tamil Nadu,11.12,78.66,105090.0,1029000.0,562000.0
2021-02-01,WR,West India,Gujarat,23.02,72.57,35700.0,1256000.0,1328000.0
2021-02-02,ER,East India,Odisha,20.95,85.09,4950.0,396000.0,496000.0
2021-02-02,NER,NE India,Assam,26.2,92.93,230.0,45000.0,7000.0
2021-02-02,NR,North India,Rajasthan,26.91,74.22,41100.0,1063000.0,611000.0
2021-02-02,SR,South India,Tamil Nadu,11.12,78.66,101850.0,1038000.0,564000.0
2021-02-02,WR,West India,Gujarat,23.02,72.57,35730.0,1270000.0,1353000.0
2021-02-03,ER,East India,Odisha,20.95,85.09,4770.0,393000.0,513000.0
2021-02-03,NER,NE India,Assam,26.2,92.93,180.0,44000.0,7000.0
2021-02-03,NR,North India,Rajasthan,26.91,74.22,37540.0,1052000.0,603000.0
2021-02-03,SR,South India,Tamil Nadu,11.12,78.66,104220.0,1044000.0,573000.0
2021-02-03,WR,West India,Gujarat,23.02,72.57,34540.0,1275000.0,1408000.0
2021-02-04,ER,East India,Odisha,20.95,85.09,4600.0,387000.0,524000.0
2021-02-04,NER,NE India,Assam,26.2,92.93,200.0,45000.0,7000.0
2021-02-04,NR,North India,Rajasthan,26.91,74.22,34020.0,994000.0,546000.0
2021-02-04,SR,South India,Tamil Nadu,11.12,78.66,109590.0,1040000.0,536000.0
2021-02-04,WR,West India,Gujarat,23.02,72.57,34920.0,1275000.0,1321000.0
2021-02-05,ER,East India,Odisha,20.95,85.09,4310.0,388000.0,507000.0
2021-02-05,NER,NE India,Assam,26.2,92.93,210.0,44000.0,7000.0
2021-02-05,NR,North India,Rajasthan,26.91,74.22,38840.0,1003000.0,561000.0
2021-02-05,SR,South India,Tamil Nadu,11.12,78.66,111060.0,1052000.0,543000.0
2021-02-05,WR,West India,Gujarat,23.02,72.57,33900.0,1269000.0,1295000.0
2021-02-06,ER,East India,Odisha,20.95,85.09,4240.0,382000.0,515000.0
2021-02-06,NER,NE India,Assam,26.2,92.93,190.0,44000.0,7000.0
2021-02-06,NR,North India,Rajasthan,26.91,74.22,44130.0,1015000.0,567000.0
2021-02-06,SR,South India,Tamil Nadu,11.12,78.66,108380.0,1043000.0,535000.0
2021-02-06,WR,West India,Gujarat,23.02,72.57,37130.0,1262000.0,1267000.0
2021-02-07,ER,East India,Odisha,20.95,85.09,4970.0,387000.0,504000.0
2021-02-07,NER,NE India,Assam,26.2,92.93,160.0,41000.0,7000.0
2021-02-07,NR,North India,Rajasthan,26.91,74.22,44580.0,982000.0,546000.0
2021-02-07,SR,South India,Tamil Nadu,11.12,78.66,102490.0,980000.0,503000.0
2021-02-07,WR,West India,Gujarat,23.02,72.57,38230.0,1230000.0,1260000.0
2021-02-08,ER,East India,Odisha,20.95,85.09,4800.0,409000.0,514000.0
2021-02-08,NER,NE India,Assam,26.2,92.93,190.0,42000.0,7000.0
2021-02-08,NR,North India,Rajasthan,26.91,74.22,45640.0,1013000.0,579000.0
2021-02-08,SR,South India,Tamil Nadu,11.12,78.66,110250.0,1017000.0,501000.0
2021-02-08,WR,West India,Gujarat,23.02,72.57,38890.0,1258000.0,1282000.0
2021-02-09,ER,East India,Odisha,20.95,85.09,4540.0,411000.0,522000.0
2021-02-09,NER,NE India,Assam,26.2,92.93,190.0,44000.0,7000.0
2021-02-09,NR,North India,Rajasthan,26.91,74.22,42420.0,1026000.0,602000.0
2021-02-09,SR,South India,Tamil Nadu,11.12,78.66,111130.0,1041000.0,525000.0
2021-02-09,WR,West India,Gujarat,23.02,72.57,36700.0,1273000.0,1329000.0
2021-02-10,ER,East India,Odisha,20.95,85.09,5260.0,405000.0,527000.0
2021-02-10,NER,NE India,Assam,26.2,92.93,190.0,44000.0,7000.0
2021-02-10,NR,North India,Rajasthan,26.91,74.22,43590.0,1026000.0,587000.0
2021-02-10,SR,South India,Tamil Nadu,11.12,78.66,115650.0,1050000.0,538000.0
2021-02-10,WR,West India,Gujarat,23.02,72.57,36750.0,1266000.0,1357000.0
2021-02-11,ER,East India,Odisha,20.95,85.09,5230.0,399000.0,518000.0
2021-02-11,NER,NE India,Assam,26.2,92.93,160.0,44000.0,7000.0
2021-02-11,NR,North India,Rajasthan,26.91,74.22,40010.0,1015000.0,577000.0
2021-02-11,SR,South India,Tamil Nadu,11.12,78.66,111360.0,1046000.0,542000.0
2021-02-11,WR,West India,Gujarat,23.02,72.57,34850.0,1269000.0,1351000.0
2021-02-12,ER,East India,Odisha,20.95,85.09,4530.0,385000.0,508000.0
2021-02-12,NER,NE India,Assam,26.2,92.93,180.0,44000.0,6000.0
2021-02-12,NR,North India,Rajasthan,26.91,74.22,42250.0,1028000.0,568000.0
2021-02-12,SR,South India,Tamil Nadu,11.12,78.66,116470.0,1059000.0,558000.0
2021-02-12,WR,West India,Gujarat,23.02,72.57,36560.0,1270000.0,1357000.0
2021-02-13,ER,East India,Odisha,20.95,85.09,4520.0,387000.0,524000.0
2021-02-13,NER,NE India,Assam,26.2,92.93,190.0,44000.0,6000.0
2021-02-13,NR,North India,Rajasthan,26.91,74.22,42070.0,1003000.0,553000.0
2021-02-13,SR,South India,Tamil Nadu,11.12,78.66,118650.0,1054000.0,553000.0
2021-02-13,WR,West India,Gujarat,23.02,72.57,36130.0,1271000.0,1357000.0
2021-02-14,ER,East India,Odisha,20.95,85.09,4550.0,386000.0,519000.0
2021-02-14,NER,NE India,Assam,26.2,92.93,150.0,41000.0,6000.0
2021-02-14,NR,North India,Rajasthan,26.91,74.22,43130.0,965000.0,517000.0
2021-02-14,SR,South India,Tamil Nadu,11.12,78.66,109530.0,1013000.0,524000.0
2021-02-14,WR,West India,Gujarat,23.02,72.57,35370.0,1244000.0,1311000.0
2021-02-15,ER,East India,Odisha,20.95,85.09,3510.0,396000.0,525000.0
2021-02-15,NER,NE India,Assam,26.2,92.93,120.0,42000.0,7000.0
2021-02-15,NR,North India,Rajasthan,26.91,74.22,42680.0,990000.0,537000.0
2021-02-15,SR,South India,Tamil Nadu,11.12,78.66,109000.0,1063000.0,540000.0
2021-02-15,WR,West India,Gujarat,23.02,72.57,33740.0,1266000.0,1369000.0
2021-02-16,ER,East India,Odisha,20.95,85.09,4720.0,393000.0,529000.0
2021-02-16,NER,NE India,Assam,26.2,92.93,160.0,42000.0,7000.0
2021-02-16,NR,North India,Rajasthan,26.91,74.22,39690.0,992000.0,526000.0
2021-02-16,SR,South India,Tamil Nadu,11.12,78.66,105780.0,1083000.0,546000.0
2021-02-16,WR,West India,Gujarat,23.02,72.57,30600.0,1240000.0,1371000.0
2021-02-17,ER,East India,Odisha,20.95,85.09,4540.0,378000.0,510000.0
2021-02-17,NER,NE India,Assam,26.2,92.93,140.0,44000.0,7000.0
2021-02-17,NR,North India,Rajasthan,26.91,74.22,43790.0,994000.0,528000.0
2021-02-17,SR,South India,Tamil Nadu,11.12,78.66,105750.0,1090000.0,543000.0
2021-02-17,WR,West India,Gujarat,23.02,72.57,34410.0,1212000.0,1350000.0
2021-02-18,ER,East India,Odisha,20.95,85.09,4570.0,382000.0,507000.0
2021-02-18,NER,NE India,Assam,26.2,92.93,190.0,43000.0,8000.0
2021-02-18,NR,North India,Rajasthan,26.91,74.22,42890.0,992000.0,527000.0
2021-02-18,SR,South India,Tamil Nadu,11.12,78.66,94460.0,1085000.0,551000.0
2021-02-18,WR,West India,Gujarat,23.02,72.57,33220.0,1196000.0,1299000.0
2021-02-19,ER,East India,Odisha,20.95,85.09,4680.0,386000.0,497000.0
2021-02-19,NER,NE India,Assam,26.2,92.93,140.0,43000.0,8000.0
2021-02-19,NR,North India,Rajasthan,26.91,74.22,42250.0,1006000.0,526000.0
2021-02-19,SR,South India,Tamil Nadu,11.12,78.66,66160.0,1052000.0,550000.0
2021-02-19,WR,West India,Gujarat,23.02,72.57,35140.0,1159000.0,1251000.0
2021-02-20,ER,East India,Odisha,20.95,85.09,4510.0,384000.0,490000.0
2021-02-20,NER,NE India,Assam,26.2,92.93,180.0,43000.0,6000.0
2021-02-20,NR,North India,Rajasthan,26.91,74.22,41160.0,991000.0,531000.0
2021-02-20,SR,South India,Tamil Nadu,11.12,78.66,90790.0,1001000.0,517000.0
2021-02-20,WR,West India,Gujarat,23.02,72.57,38220.0,1198000.0,1263000.0
2021-02-21,ER,East India,Odisha,20.95,85.09,4560.0,373000.0,486000.0
2021-02-21,NER,NE India,Assam,26.2,92.93,180.0,42000.0,6000.0
2021-02-21,NR,North India,Rajasthan,26.91,74.22,40680.0,958000.0,512000.0
2021-02-21,SR,South India,Tamil Nadu,11.12,78.66,73540.0,927000.0,465000.0
2021-02-21,WR,West India,Gujarat,23.02,72.57,37960.0,1184000.0,1245000.0
2021-02-22,ER,East India,Odisha,20.95,85.09,4550.0,382000.0,516000.0
2021-02-22,NER,NE India,Assam,26.2,92.93,170.0,43000.0,8000.0
2021-02-22,NR,North India,Rajasthan,26.91,74.22,43210.0,982000.0,525000.0
2021-02-22,SR,South India,Tamil Nadu,11.12,78.66,98130.0,987000.0,512000.0
2021-02-22,WR,West India,Gujarat,23.02,72.57,38500.0,1236000.0,1302000.0
2021-02-23,ER,East India,Odisha,20.95,85.09,5430.0,390000.0,548000.0
2021-02-23,NER,NE India,Assam,26.2,92.93,180.0,43000.0,8000.0
2021-02-23,NR,North India,Rajasthan,26.91,74.22,40820.0,997000.0,538000.0
2021-02-23,SR,South India,Tamil Nadu,11.12,78.66,112790.0,1032000.0,531000.0
2021-02-23,WR,West India,Gujarat,23.02,72.57,37350.0,1260000.0,1306000.0
2021-02-24,ER,East India,Odisha,20.95,85.09,4510.0,407000.0,572000.0
2021-02-24,NER,NE India,Assam,26.2,92.93,140.0,42000.0,9000.0
2021-02-24,NR,North India,Rajasthan,26.91,74.22,43900.0,1006000.0,547000.0
2021-02-24,SR,South India,Tamil Nadu,11.12,78.66,114000.0,1057000.0,555000.0
2021-02-24,WR,West India,Gujarat,23.02,72.57,38720.0,1278000.0,1301000.0
2021-02-25,ER,East India,Odisha,20.95,85.09,4620.0,414000.0,578000.0
2021-02-25,NER,NE India,Assam,26.2,92.93,110.0,43000.0,10000.0
2021-02-25,NR,North India,Rajasthan,26.91,74.22,44860.0,1008000.0,559000.0
2021-02-25,SR,South India,Tamil Nadu,11.12,78.66,115360.0,1084000.0,572000.0
2021-02-25,WR,West India,Gujarat,23.02,72.57,38310.0,1290000.0,1287000.0
2021-02-26,ER,East India,Odisha,20.95,85.09,4770.0,410000.0,575000.0
2021-02-26,NER,NE India,Assam,26.2,92.93,50.0,43000.0,10000.0
2021-02-26,NR,North India,Rajasthan,26.91,74.22,47090.0,1028000.0,568000.0
2021-02-26,SR,South India,Tamil Nadu,11.12,78.66,108730.0,1113000.0,592000.0
2021-02-26,WR,West India,Gujarat,23.02,72.57,38610.0,1296000.0,1274000.0
2021-02-27,ER,East India,Odisha,20.95,85.09,5130.0,409000.0,581000.0
2021-02-27,NER,NE India,Assam,26.2,92.93,80.0,43000.0,11000.0
2021-02-27,NR,North India,Rajasthan,26.91,74.22,46970.0,1011000.0,566000.0
2021-02-27,SR,South India,Tamil Nadu,11.12,78.66,105510.0,1119000.0,597000.0
2021-02-27,WR,West India,Gujarat,23.02,72.57,39460.0,1295000.0,1276000.0
2021-02-28,ER,East India,Odisha,20.95,85.09,4620.0,406000.0,567000.0
2021-02-28,NER,NE India,Assam,26.2,92.93,100.0,42000.0,10000.0
2021-02-28,NR,North India,Rajasthan,26.91,74.22,48800.0,983000.0,542000.0
2021-02-28,SR,South India,Tamil Nadu,11.12,78.66,113790.0,1068000.0,571000.0
2021-02-28,WR,West India,Gujarat,23.02,72.57,38950.0,1274000.0,1297000.0
2021-03-01,ER,East India,Odisha,20.95,85.09,4650.0,417000.0,536000.0
2021-03-01,NER,NE India,Assam,26.2,92.93,190.0,44000.0,9000.0
2021-03-01,NR,North India,Rajasthan,26.91,74.22,49610.0,1022000.0,588000.0
2021-03-01,SR,South India,Tamil Nadu,11.12,78.66,109210.0,1113000.0,585000.0
2021-03-01,WR,West India,Gujarat,23.02,72.57,39360.0,1303000.0,1329000.0
2021-03-02,ER,East India,Odisha,20.95,85.09,4620.0,424000.0,548000.0
2021-03-02,NER,NE India,Assam,26.2,92.93,210.0,43000.0,9000.0
2021-03-02,NR,North India,Rajasthan,26.91,74.22,50610.0,1023000.0,584000.0
2021-03-02,SR,South India,Tamil Nadu,11.12,78.66,108630.0,1138000.0,622000.0
2021-03-02,WR,West India,Gujarat,23.02,72.57,40740.0,1321000.0,1342000.0
2021-03-03,ER,East India,Odisha,20.95,85.09,4880.0,419000.0,566000.0
2021-03-03,NER,NE India,Assam,26.2,92.93,190.0,42000.0,12000.0
2021-03-03,NR,North India,Rajasthan,26.91,74.22,49580.0,1036000.0,596000.0
2021-03-03,SR,South India,Tamil Nadu,11.12,78.66,112320.0,1128000.0,611000.0
2021-03-03,WR,West India,Gujarat,23.02,72.57,40360.0,1322000.0,1350000.0
2021-03-04,ER,East India,Odisha,20.95,85.09,4870.0,419000.0,573000.0
2021-03-04,NER,NE India,Assam,26.2,92.93,190.0,43000.0,12000.0
2021-03-04,NR,North India,Rajasthan,26.91,74.22,49320.0,1050000.0,600000.0
2021-03-04,SR,South India,Tamil Nadu,11.12,78.66,112470.0,1132000.0,609000.0
2021-03-04,WR,West India,Gujarat,23.02,72.57,39530.0,1316000.0,1324000.0
2021-03-05,ER,East India,Odisha,20.95,85.09,4620.0,428000.0,567000.0
2021-03-05,NER,NE India,Assam,26.2,92.93,100.0,41000.0,13000.0
2021-03-05,NR,North India,Rajasthan,26.91,74.22,49110.0,1052000.0,603000.0
2021-03-05,SR,South India,Tamil Nadu,11.12,78.66,120400.0,1160000.0,632000.0
2021-03-05,WR,West India,Gujarat,23.02,72.57,39120.0,1327000.0,1357000.0
2021-03-06,ER,East India,Odisha,20.95,85.09,5160.0,428000.0,565000.0
2021-03-06,NER,NE India,Assam,26.2,92.93,160.0,38000.0,13000.0
2021-03-06,NR,North India,Rajasthan,26.91,74.22,48040.0,1039000.0,595000.0
2021-03-06,SR,South India,Tamil Nadu,11.12,78.66,116820.0,1157000.0,623000.0
2021-03-06,WR,West India,Gujarat,23.02,72.57,38690.0,1335000.0,1344000.0
2021-03-07,ER,East India,Odisha,20.95,85.09,4970.0,427000.0,542000.0
2021-03-07,NER,NE India,Assam,26.2,92.93,180.0,39000.0,12000.0
2021-03-07,NR,North India,Rajasthan,26.91,74.22,42680.0,984000.0,549000.0
2021-03-07,SR,South India,Tamil Nadu,11.12,78.66,110890.0,1111000.0,609000.0
2021-03-07,WR,West India,Gujarat,23.02,72.57,39600.0,1289000.0,1312000.0
2021-03-08,ER,East India,Odisha,20.95,85.09,4550.0,442000.0,560000.0
2021-03-08,NER,NE India,Assam,26.2,92.93,210.0,41000.0,13000.0
2021-03-08,NR,North India,Rajasthan,26.91,74.22,43080.0,1001000.0,563000.0
2021-03-08,SR,South India,Tamil Nadu,11.12,78.66,110450.0,1162000.0,628000.0
2021-03-08,WR,West India,Gujarat,23.02,72.57,38760.0,1330000.0,1371000.0
2021-03-09,ER,East India,Odisha,20.95,85.09,4540.0,445000.0,575000.0
2021-03-09,NER,NE India,Assam,26.2,92.93,190.0,43000.0,15000.0
2021-03-09,NR,North India,Rajasthan,26.91,74.22,41920.0,1045000.0,590000.0
2021-03-09,SR,South India,Tamil Nadu,11.12,78.66,122100.0,1185000.0,631000.0
2021-03-09,WR,West India,Gujarat,23.02,72.57,38460.0,1345000.0,1418000.0
2021-03-10,ER,East India,Odisha,20.95,85.09,4520.0,445000.0,568000.0
2021-03-10,NER,NE India,Assam,26.2,92.93,180.0,43000.0,15000.0
2021-03-10,NR,North India,Rajasthan,26.91,74.22,43820.0,1057000.0,609000.0
2021-03-10,SR,South India,Tamil Nadu,11.12,78.66,116150.0,1184000.0,634000.0
2021-03-10,WR,West India,Gujarat,23.02,72.57,37450.0,1336000.0,1434000.0
2021-03-11,ER,East India,Odisha,20.95,85.09,5340.0,444000.0,575000.0
2021-03-11,NER,NE India,Assam,26.2,92.93,80.0,43000.0,15000.0
2021-03-11,NR,North India,Rajasthan,26.91,74.22,48390.0,1069000.0,632000.0
2021-03-11,SR,South India,Tamil Nadu,11.12,78.66,112930.0,1173000.0,609000.0
2021-03-11,WR,West India,Gujarat,23.02,72.57,34570.0,1322000.0,1402000.0
2021-03-12,ER,East India,Odisha,20.95,85.09,5290.0,446000.0,571000.0
2021-03-12,NER,NE India,Assam,26.2,92.93,210.0,44000.0,10000.0
2021-03-12,NR,North India,Rajasthan,26.91,74.22,40080.0,979000.0,565000.0
2021-03-12,SR,South India,Tamil Nadu,11.12,78.66,113310.0,1163000.0,572000.0
2021-03-12,WR,West India,Gujarat,23.02,72.57,29370.0,1286000.0,1383000.0
2021-03-13,ER,East India,Odisha,20.95,85.09,4760.0,401000.0,547000.0
2021-03-13,NER,NE India,Assam,26.2,92.93,20.0,44000.0,11000.0
2021-03-13,NR,North India,Rajasthan,26.91,74.22,42630.0,980000.0,546000.0
2021-03-13,SR,South India,Tamil Nadu,11.12,78.66,112740.0,1150000.0,568000.0
2021-03-13,WR,West India,Gujarat,23.02,72.57,38570.0,1252000.0,1348000.0
2021-03-14,ER,East India,Odisha,20.95,85.09,4800.0,401000.0,562000.0
2021-03-14,NER,NE India,Assam,26.2,92.93,200.0,43000.0,10000.0
2021-03-14,NR,North India,Rajasthan,26.91,74.22,47670.0,986000.0,552000.0
2021-03-14,SR,South India,Tamil Nadu,11.12,78.66,109530.0,1115000.0,553000.0
2021-03-14,WR,West India,Gujarat,23.02,72.57,37630.0,1267000.0,1332000.0
2021-03-15,ER,East India,Odisha,20.95,85.09,5090.0,426000.0,581000.0
2021-03-15,NER,NE India,Assam,26.2,92.93,210.0,45000.0,14000.0
2021-03-15,NR,North India,Rajasthan,26.91,74.22,42290.0,1031000.0,590000.0
2021-03-15,SR,South India,Tamil Nadu,11.12,78.66,115560.0,1168000.0,583000.0
2021-03-15,WR,West India,Gujarat,23.02,72.57,36950.0,1309000.0,1373000.0
2021-03-16,ER,East India,Odisha,20.95,85.09,5170.0,441000.0,579000.0
2021-03-16,NER,NE India,Assam,26.2,92.93,160.0,46000.0,17000.0
2021-03-16,NR,North India,Rajasthan,26.91,74.22,43120.0,1040000.0,619000.0
2021-03-16,SR,South India,Tamil Nadu,11.12,78.66,111130.0,1196000.0,590000.0
2021-03-16,WR,West India,Gujarat,23.02,72.57,36010.0,1335000.0,1382000.0
2021-03-17,ER,East India,Odisha,20.95,85.09,5080.0,464000.0,573000.0
2021-03-17,NER,NE India,Assam,26.2,92.93,170.0,47000.0,17000.0
2021-03-17,NR,North India,Rajasthan,26.91,74.22,44010.0,1046000.0,620000.0
2021-03-17,SR,South India,Tamil Nadu,11.12,78.66,102770.0,1200000.0,616000.0
2021-03-17,WR,West India,Gujarat,23.02,72.57,35310.0,1342000.0,1398000.0
2021-03-18,ER,East India,Odisha,20.95,85.09,5150.0,458000.0,591000.0
2021-03-18,NER,NE India,Assam,26.2,92.93,170.0,47000.0,18000.0
2021-03-18,NR,North India,Rajasthan,26.91,74.22,39990.0,1042000.0,594000.0
2021-03-18,SR,South India,Tamil Nadu,11.12,78.66,101370.0,1199000.0,644000.0
2021-03-18,WR,West India,Gujarat,23.02,72.57,31400.0,1344000.0,1421000.0
2021-03-19,ER,East India,Odisha,20.95,85.09,5270.0,459000.0,594000.0
2021-03-19,NER,NE India,Assam,26.2,92.93,170.0,46000.0,17000.0
2021-03-19,NR,North India,Rajasthan,26.91,74.22,37950.0,1042000.0,621000.0
2021-03-19,SR,South India,Tamil Nadu,11.12,78.66,102650.0,1195000.0,640000.0
2021-03-19,WR,West India,Gujarat,23.02,72.57,31950.0,1302000.0,1385000.0
2021-03-20,ER,East India,Odisha,20.95,85.09,5390.0,470000.0,580000.0
2021-03-20,NER,NE India,Assam,26.2,92.93,160.0,46000.0,18000.0
2021-03-20,NR,North India,Rajasthan,26.91,74.22,47120.0,1056000.0,640000.0
2021-03-20,SR,South India,Tamil Nadu,11.12,78.66,104950.0,1186000.0,613000.0
2021-03-20,WR,West India,Gujarat,23.02,72.57,34470.0,1275000.0,1374000.0
2021-03-21,ER,East India,Odisha,20.95,85.09,5020.0,470000.0,567000.0
2021-03-21,NER,NE India,Assam,26.2,92.93,160.0,45000.0,15000.0
2021-03-21,NR,North India,Rajasthan,26.91,74.22,42310.0,1016000.0,607000.0
2021-03-21,SR,South India,Tamil Nadu,11.12,78.66,104720.0,1130000.0,590000.0
2021-03-21,WR,West India,Gujarat,23.02,72.57,31200.0,1244000.0,1369000.0
2021-03-22,ER,East India,Odisha,20.95,85.09,5020.0,484000.0,571000.0
2021-03-22,NER,NE India,Assam,26.2,92.93,120.0,46000.0,15000.0
2021-03-22,NR,North India,Rajasthan,26.91,74.22,34910.0,963000.0,576000.0
2021-03-22,SR,South India,Tamil Nadu,11.12,78.66,100530.0,1189000.0,604000.0
2021-03-22,WR,West India,Gujarat,23.02,72.57,34630.0,1280000.0,1418000.0
2021-03-23,ER,East India,Odisha,20.95,85.09,4480.0,497000.0,551000.0
2021-03-23,NER,NE India,Assam,26.2,92.93,180.0,48000.0,16000.0
2021-03-23,NR,North India,Rajasthan,26.91,74.22,46960.0,898000.0,544000.0
2021-03-23,SR,South India,Tamil Nadu,11.12,78.66,113610.0,1209000.0,604000.0
2021-03-23,WR,West India,Gujarat,23.02,72.57,34380.0,1273000.0,1390000.0
2021-03-24,ER,East India,Odisha,20.95,85.09,5090.0,501000.0,564000.0
2021-03-24,NER,NE India,Assam,26.2,92.93,160.0,49000.0,15000.0
2021-03-24,NR,North India,Rajasthan,26.91,74.22,48420.0,943000.0,570000.0
2021-03-24,SR,South India,Tamil Nadu,11.12,78.66,108230.0,1216000.0,626000.0
2021-03-24,WR,West India,Gujarat,23.02,72.57,37220.0,1291000.0,1400000.0
2021-03-25,ER,East India,Odisha,20.95,85.09,5210.0,496000.0,542000.0
2021-03-25,NER,NE India,Assam,26.2,92.93,180.0,46000.0,16000.0
2021-03-25,NR,North India,Rajasthan,26.91,74.22,43530.0,981000.0,610000.0
2021-03-25,SR,South India,Tamil Nadu,11.12,78.66,101480.0,1222000.0,632000.0
2021-03-25,WR,West India,Gujarat,23.02,72.57,37770.0,1314000.0,1423000.0
2021-03-26,ER,East India,Odisha,20.95,85.09,5200.0,488000.0,546000.0
2021-03-26,NER,NE India,Assam,26.2,92.93,180.0,47000.0,14000.0
2021-03-26,NR,North India,Rajasthan,26.91,74.22,50560.0,971000.0,600000.0
2021-03-26,SR,South India,Tamil Nadu,11.12,78.66,103110.0,1229000.0,631000.0
2021-03-26,WR,West India,Gujarat,23.02,72.57,39920.0,1327000.0,1410000.0
2021-03-27,ER,East India,Odisha,20.95,85.09,5440.0,470000.0,578000.0
2021-03-27,NER,NE India,Assam,26.2,92.93,180.0,47000.0,11000.0
2021-03-27,NR,North India,Rajasthan,26.91,74.22,47990.0,977000.0,602000.0
2021-03-27,SR,South India,Tamil Nadu,11.12,78.66,101740.0,1236000.0,635000.0
2021-03-27,WR,West India,Gujarat,23.02,72.57,38790.0,1339000.0,1399000.0
2021-03-28,ER,East India,Odisha,20.95,85.09,5400.0,462000.0,589000.0
2021-03-28,NER,NE India,Assam,26.2,92.93,160.0,46000.0,9000.0
2021-03-28,NR,North India,Rajasthan,26.91,74.22,49510.0,944000.0,543000.0
2021-03-28,SR,South India,Tamil Nadu,11.12,78.66,99800.0,1175000.0,615000.0
2021-03-28,WR,West India,Gujarat,23.02,72.57,38460.0,1305000.0,1373000.0
2021-03-29,ER,East India,Odisha,20.95,85.09,5090.0,444000.0,504000.0
2021-03-29,NER,NE India,Assam,26.2,92.93,160.0,42000.0,10000.0
2021-03-29,NR,North India,Rajasthan,26.91,74.22,49540.0,851000.0,492000.0
2021-03-29,SR,South India,Tamil Nadu,11.12,78.66,101730.0,1181000.0,604000.0
2021-03-29,WR,West India,Gujarat,23.02,72.57,38750.0,1165000.0,1251000.0
2021-03-30,ER,East India,Odisha,20.95,85.09,4710.0,470000.0,531000.0
2021-03-30,NER,NE India,Assam,26.2,92.93,40.0,36000.0,10000.0
2021-03-30,NR,North India,Rajasthan,26.91,74.22,46500.0,875000.0,510000.0
2021-03-30,SR,South India,Tamil Nadu,11.12,78.66,101740.0,1203000.0,594000.0
2021-03-30,WR,West India,Gujarat,23.02,72.57,39100.0,1248000.0,1311000.0
2021-03-31,ER,East India,Odisha,20.95,85.09,5030.0,483000.0,569000.0
2021-03-31,NER,NE India,Assam,26.2,92.93,130.0,37000.0,11000.0
2021-03-31,NR,North India,Rajasthan,26.91,74.22,53010.0,925000.0,537000.0
2021-03-31,SR,South India,Tamil Nadu,11.12,78.66,112660.0,1232000.0,613000.0
2021-03-31,WR,West India,Gujarat,23.02,72.57,39610.0,1321000.0,1357000.0
2021-04-01,ER,East India,Odisha,20.95,85.09,5190.0,478000.0,522000.0
2021-04-01,NER,NE India,Assam,26.2,92.93,170.0,41000.0,13000.0
2021-04-01,NR,North India,Rajasthan,26.91,74.22,53970.0,907000.0,528000.0
2021-04-01,SR,South India,Tamil Nadu,11.12,78.66,119390.0,1239000.0,633000.0
2021-04-01,WR,West India,Gujarat,23.02,72.57,41910.0,1333000.0,1395000.0
2021-04-02,ER,East India,Odisha,20.95,85.09,5460.0,483000.0,507000.0
2021-04-02,NER,NE India,Assam,26.2,92.93,230.0,44000.0,14000.0
2021-04-02,NR,North India,Rajasthan,26.91,74.22,51200.0,938000.0,562000.0
2021-04-02,SR,South India,Tamil Nadu,11.12,78.66,117560.0,1248000.0,631000.0
2021-04-02,WR,West India,Gujarat,23.02,72.57,39900.0,1337000.0,1426000.0
2021-04-03,ER,East India,Odisha,20.95,85.09,5420.0,496000.0,528000.0
2021-04-03,NER,NE India,Assam,26.2,92.93,210.0,46000.0,15000.0
2021-04-03,NR,North India,Rajasthan,26.91,74.22,52610.0,940000.0,564000.0
2021-04-03,SR,South India,Tamil Nadu,11.12,78.66,113220.0,1255000.0,625000.0
2021-04-03,WR,West India,Gujarat,23.02,72.57,41110.0,1350000.0,1424000.0
2021-04-04,ER,East India,Odisha,20.95,85.09,5460.0,474000.0,533000.0
2021-04-04,NER,NE India,Assam,26.2,92.93,40.0,43000.0,13000.0
2021-04-04,NR,North India,Rajasthan,26.91,74.22,51020.0,910000.0,534000.0
2021-04-04,SR,South India,Tamil Nadu,11.12,78.66,108340.0,1201000.0,607000.0
2021-04-04,WR,West India,Gujarat,23.02,72.57,39880.0,1325000.0,1416000.0
2021-04-05,ER,East India,Odisha,20.95,85.09,5400.0,473000.0,540000.0
2021-04-05,NER,NE India,Assam,26.2,92.93,220.0,44000.0,15000.0
2021-04-05,NR,North India,Rajasthan,26.91,74.22,47500.0,963000.0,553000.0
2021-04-05,SR,South India,Tamil Nadu,11.12,78.66,102580.0,1231000.0,653000.0
2021-04-05,WR,West India,Gujarat,23.02,72.57,39660.0,1360000.0,1436000.0
2021-04-06,ER,East India,Odisha,20.95,85.09,5090.0,494000.0,536000.0
2021-04-06,NER,NE India,Assam,26.2,92.93,210.0,45000.0,16000.0
2021-04-06,NR,North India,Rajasthan,26.91,74.22,43830.0,982000.0,561000.0
2021-04-06,SR,South India,Tamil Nadu,11.12,78.66,98160.0,1171000.0,645000.0
2021-04-06,WR,West India,Gujarat,23.02,72.57,37890.0,1372000.0,1424000.0
2021-04-07,ER,East India,Odisha,20.95,85.09,5010.0,505000.0,533000.0
2021-04-07,NER,NE India,Assam,26.2,92.93,180.0,47000.0,17000.0
2021-04-07,NR,North India,Rajasthan,26.91,74.22,48610.0,973000.0,570000.0
2021-04-07,SR,South India,Tamil Nadu,11.12,78.66,107090.0,1217000.0,681000.0
2021-04-07,WR,West India,Gujarat,23.02,72.57,38390.0,1377000.0,1425000.0
2021-04-08,ER,East India,Odisha,20.95,85.09,4310.0,506000.0,554000.0
2021-04-08,NER,NE India,Assam,26.2,92.93,160.0,45000.0,17000.0
2021-04-08,NR,North India,Rajasthan,26.91,74.22,51720.0,1007000.0,596000.0
2021-04-08,SR,South India,Tamil Nadu,11.12,78.66,99700.0,1215000.0,684000.0
2021-04-08,WR,West India,Gujarat,23.02,72.57,35350.0,1388000.0,1426000.0
2021-04-09,ER,East India,Odisha,20.95,85.09,4900.0,487000.0,569000.0
2021-04-09,NER,NE India,Assam,26.2,92.93,150.0,46000.0,16000.0
2021-04-09,NR,North India,Rajasthan,26.91,74.22,50450.0,1001000.0,583000.0
2021-04-09,SR,South India,Tamil Nadu,11.12,78.66,108220.0,1218000.0,659000.0
2021-04-09,WR,West India,Gujarat,23.02,72.57,36740.0,1370000.0,1428000.0
2021-04-10,ER,East India,Odisha,20.95,85.09,5060.0,489000.0,569000.0
2021-04-10,NER,NE India,Assam,26.2,92.93,180.0,44000.0,15000.0
2021-04-10,NR,North India,Rajasthan,26.91,74.22,50510.0,1005000.0,584000.0
2021-04-10,SR,South India,Tamil Nadu,11.12,78.66,109800.0,1208000.0,655000.0
2021-04-10,WR,West India,Gujarat,23.02,72.57,36970.0,1340000.0,1411000.0
2021-04-11,ER,East India,Odisha,20.95,85.09,5040.0,486000.0,561000.0
2021-04-11,NER,NE India,Assam,26.2,92.93,180.0,42000.0,13000.0
2021-04-11,NR,North India,Rajasthan,26.91,74.22,50750.0,963000.0,583000.0
2021-04-11,SR,South India,Tamil Nadu,11.12,78.66,108190.0,1158000.0,632000.0
2021-04-11,WR,West India,Gujarat,23.02,72.57,35660.0,1295000.0,1361000.0
2021-04-12,ER,East India,Odisha,20.95,85.09,5220.0,496000.0,541000.0
2021-04-12,NER,NE India,Assam,26.2,92.93,210.0,47000.0,14000.0
2021-04-12,NR,North India,Rajasthan,26.91,74.22,51550.0,1017000.0,605000.0
2021-04-12,SR,South India,Tamil Nadu,11.12,78.66,100420.0,1157000.0,665000.0
2021-04-12,WR,West India,Gujarat,23.02,72.57,37380.0,1328000.0,1415000.0
2021-04-13,ER,East India,Odisha,20.95,85.09,5310.0,508000.0,551000.0
2021-04-13,NER,NE India,Assam,26.2,92.93,190.0,47000.0,15000.0
2021-04-13,NR,North India,Rajasthan,26.91,74.22,48090.0,1049000.0,629000.0
2021-04-13,SR,South India,Tamil Nadu,11.12,78.66,95010.0,1117000.0,653000.0
2021-04-13,WR,West India,Gujarat,23.02,72.57,37320.0,1326000.0,1445000.0
2021-04-14,ER,East India,Odisha,20.95,85.09,5010.0,507000.0,546000.0
2021-04-14,NER,NE India,Assam,26.2,92.93,190.0,45000.0,12000.0
2021-04-14,NR,North India,Rajasthan,26.91,74.22,48360.0,1063000.0,595000.0
2021-04-14,SR,South India,Tamil Nadu,11.12,78.66,89550.0,1039000.0,599000.0
2021-04-14,WR,West India,Gujarat,23.02,72.57,33830.0,1304000.0,1413000.0
2021-04-15,ER,East India,Odisha,20.95,85.09,5080.0,507000.0,551000.0
2021-04-15,NER,NE India,Assam,26.2,92.93,200.0,46000.0,13000.0
2021-04-15,NR,North India,Rajasthan,26.91,74.22,50900.0,1075000.0,592000.0
2021-04-15,SR,South India,Tamil Nadu,11.12,78.66,108660.0,988000.0,568000.0
2021-04-15,WR,West India,Gujarat,23.02,72.57,37200.0,1304000.0,1427000.0
2021-04-16,ER,East India,Odisha,20.95,85.09,4600.0,505000.0,559000.0
2021-04-16,NER,NE India,Assam,26.2,92.93,190.0,45000.0,15000.0
2021-04-16,NR,North India,Rajasthan,26.91,74.22,42910.0,1006000.0,568000.0
2021-04-16,SR,South India,Tamil Nadu,11.12,78.66,111440.0,1055000.0,593000.0
2021-04-16,WR,West India,Gujarat,23.02,72.57,38650.0,1331000.0,1427000.0
2021-04-17,ER,East India,Odisha,20.95,85.09,4990.0,463000.0,547000.0
2021-04-17,NER,NE India,Assam,26.2,92.93,90.0,39000.0,11000.0
2021-04-17,NR,North India,Rajasthan,26.91,74.22,50000.0,964000.0,542000.0
2021-04-17,SR,South India,Tamil Nadu,11.12,78.66,108540.0,1080000.0,552000.0
2021-04-17,WR,West India,Gujarat,23.02,72.57,38810.0,1334000.0,1424000.0
2021-04-18,ER,East India,Odisha,20.95,85.09,5020.0,459000.0,551000.0
2021-04-18,NER,NE India,Assam,26.2,92.93,180.0,42000.0,12000.0
2021-04-18,NR,North India,Rajasthan,26.91,74.22,51350.0,973000.0,558000.0
2021-04-18,SR,South India,Tamil Nadu,11.12,78.66,105690.0,1048000.0,540000.0
2021-04-18,WR,West India,Gujarat,23.02,72.57,40180.0,1314000.0,1387000.0
2021-04-19,ER,East India,Odisha,20.95,85.09,5640.0,470000.0,576000.0
2021-04-19,NER,NE India,Assam,26.2,92.93,180.0,41000.0,15000.0
2021-04-19,NR,North India,Rajasthan,26.91,74.22,44460.0,1029000.0,582000.0
2021-04-19,SR,South India,Tamil Nadu,11.12,78.66,111420.0,1095000.0,542000.0
2021-04-19,WR,West India,Gujarat,23.02,72.57,39230.0,1355000.0,1389000.0
2021-04-20,ER,East India,Odisha,20.95,85.09,5340.0,508000.0,583000.0
2021-04-20,NER,NE India,Assam,26.2,92.93,210.0,46000.0,15000.0
2021-04-20,NR,North India,Rajasthan,26.91,74.22,42430.0,1010000.0,582000.0
2021-04-20,SR,South India,Tamil Nadu,11.12,78.66,92980.0,1093000.0,571000.0
2021-04-20,WR,West India,Gujarat,23.02,72.57,35340.0,1336000.0,1403000.0
2021-04-21,ER,East India,Odisha,20.95,85.09,5090.0,498000.0,570000.0
2021-04-21,NER,NE India,Assam,26.2,92.93,210.0,49000.0,11000.0
2021-04-21,NR,North India,Rajasthan,26.91,74.22,49160.0,955000.0,547000.0
2021-04-21,SR,South India,Tamil Nadu,11.12,78.66,103870.0,1091000.0,560000.0
2021-04-21,WR,West India,Gujarat,23.02,72.57,35900.0,1316000.0,1403000.0
2021-04-22,ER,East India,Odisha,20.95,85.09,4950.0,451000.0,537000.0
2021-04-22,NER,NE India,Assam,26.2,92.93,210.0,46000.0,8000.0
2021-04-22,NR,North India,Rajasthan,26.91,74.22,53430.0,939000.0,517000.0
2021-04-22,SR,South India,Tamil Nadu,11.12,78.66,95990.0,1070000.0,533000.0
2021-04-22,WR,West India,Gujarat,23.02,72.57,40140.0,1318000.0,1394000.0
2021-04-23,ER,East India,Odisha,20.95,85.09,5130.0,474000.0,543000.0
2021-04-23,NER,NE India,Assam,26.2,92.93,230.0,48000.0,9000.0
2021-04-23,NR,North India,Rajasthan,26.91,74.22,40590.0,945000.0,511000.0
2021-04-23,SR,South India,Tamil Nadu,11.12,78.66,94160.0,1033000.0,522000.0
2021-04-23,WR,West India,Gujarat,23.02,72.57,38410.0,1309000.0,1359000.0
2021-04-24,ER,East India,Odisha,20.95,85.09,5100.0,497000.0,547000.0
2021-04-24,NER,NE India,Assam,26.2,92.93,220.0,49000.0,12000.0
2021-04-24,NR,North India,Rajasthan,26.91,74.22,51780.0,961000.0,518000.0
2021-04-24,SR,South India,Tamil Nadu,11.12,78.66,106200.0,1024000.0,520000.0
2021-04-24,WR,West India,Gujarat,23.02,72.57,36650.0,1307000.0,1390000.0
2021-04-25,ER,East India,Odisha,20.95,85.09,4940.0,504000.0,532000.0
2021-04-25,NER,NE India,Assam,26.2,92.93,210.0,49000.0,12000.0
2021-04-25,NR,North India,Rajasthan,26.91,74.22,53250.0,947000.0,512000.0
2021-04-25,SR,South India,Tamil Nadu,11.12,78.66,108030.0,982000.0,501000.0
2021-04-25,WR,West India,Gujarat,23.02,72.57,39560.0,1268000.0,1349000.0
2021-04-26,ER,East India,Odisha,20.95,85.09,5010.0,508000.0,563000.0
2021-04-26,NER,NE India,Assam,26.2,92.93,210.0,49000.0,13000.0
2021-04-26,NR,North India,Rajasthan,26.91,74.22,53520.0,1024000.0,549000.0
2021-04-26,SR,South India,Tamil Nadu,11.12,78.66,107620.0,1046000.0,542000.0
2021-04-26,WR,West India,Gujarat,23.02,72.57,39210.0,1291000.0,1406000.0
2021-04-27,ER,East India,Odisha,20.95,85.09,5930.0,514000.0,566000.0
2021-04-27,NER,NE India,Assam,26.2,92.93,220.0,53000.0,13000.0
2021-04-27,NR,North India,Rajasthan,26.91,74.22,51680.0,1053000.0,555000.0
2021-04-27,SR,South India,Tamil Nadu,11.12,78.66,104830.0,1063000.0,571000.0
2021-04-27,WR,West India,Gujarat,23.02,72.57,39220.0,1287000.0,1397000.0
2021-04-28,ER,East India,Odisha,20.95,85.09,5660.0,525000.0,574000.0
2021-04-28,NER,NE India,Assam,26.2,92.93,200.0,47000.0,13000.0
2021-04-28,NR,North India,Rajasthan,26.91,74.22,48360.0,1086000.0,584000.0
2021-04-28,SR,South India,Tamil Nadu,11.12,78.66,104230.0,1070000.0,562000.0
2021-04-28,WR,West India,Gujarat,23.02,72.57,37290.0,1286000.0,1383000.0
2021-04-29,ER,East India,Odisha,20.95,85.09,5230.0,508000.0,569000.0
2021-04-29,NER,NE India,Assam,26.2,92.93,230.0,50000.0,13000.0
2021-04-29,NR,North India,Rajasthan,26.91,74.22,42750.0,1104000.0,577000.0
2021-04-29,SR,South India,Tamil Nadu,11.12,78.66,102100.0,1073000.0,567000.0
2021-04-29,WR,West India,Gujarat,23.02,72.57,34470.0,1286000.0,1391000.0
2021-04-30,ER,East India,Odisha,20.95,85.09,4980.0,481000.0,566000.0
2021-04-30,NER,NE India,Assam,26.2,92.93,200.0,52000.0,12000.0
2021-04-30,NR,North India,Rajasthan,26.91,74.22,44610.0,1097000.0,565000.0
2021-04-30,SR,South India,Tamil Nadu,11.12,78.66,106600.0,1050000.0,563000.0
2021-04-30,WR,West India,Gujarat,23.02,72.57,36050.0,1277000.0,1382000.0
2021-05-01,ER,East India,Odisha,20.95,85.09,5080.0,443000.0,548000.0
2021-05-01,NER,NE India,Assam,26.2,92.93,190.0,45000.0,12000.0
2021-05-01,NR,North India,Rajasthan,26.91,74.22,43980.0,1104000.0,541000.0
2021-05-01,SR,South India,Tamil Nadu,11.12,78.66,97670.0,981000.0,515000.0
2021-05-01,WR,West India,Gujarat,23.02,72.57,31020.0,1205000.0,1336000.0
2021-05-02,ER,East India,Odisha,20.95,85.09,4910.0,440000.0,539000.0
2021-05-02,NER,NE India,Assam,26.2,92.93,130.0,46000.0,11000.0
2021-05-02,NR,North India,Rajasthan,26.91,74.22,37360.0,1063000.0,521000.0
2021-05-02,SR,South India,Tamil Nadu,11.12,78.66,102420.0,962000.0,511000.0
2021-05-02,WR,West India,Gujarat,23.02,72.57,32200.000000000004,1175000.0,1292000.0
2021-05-03,ER,East India,Odisha,20.95,85.09,4850.0,418000.0,530000.0
2021-05-03,NER,NE India,Assam,26.2,92.93,120.0,43000.0,10000.0
2021-05-03,NR,North India,Rajasthan,26.91,74.22,48120.0,1072000.0,524000.0
2021-05-03,SR,South India,Tamil Nadu,11.12,78.66,102720.0,1006000.0,529000.0
2021-05-03,WR,West India,Gujarat,23.02,72.57,37010.0,1207000.0,1292000.0
2021-05-04,ER,East India,Odisha,20.95,85.09,4980.0,383000.0,512000.0
2021-05-04,NER,NE India,Assam,26.2,92.93,110.0,42000.0,10000.0
2021-05-04,NR,North India,Rajasthan,26.91,74.22,47640.0,1092000.0,525000.0
2021-05-04,SR,South India,Tamil Nadu,11.12,78.66,97080.0,1020000.0,528000.0
2021-05-04,WR,West India,Gujarat,23.02,72.57,36330.0,1231000.0,1325000.0
2021-05-05,ER,East India,Odisha,20.95,85.09,4870.0,387000.0,503000.0
2021-05-05,NER,NE India,Assam,26.2,92.93,150.0,43000.0,10000.0
2021-05-05,NR,North India,Rajasthan,26.91,74.22,50530.0,1088000.0,501000.0
2021-05-05,SR,South India,Tamil Nadu,11.12,78.66,103810.0,1010000.0,520000.0
2021-05-05,WR,West India,Gujarat,23.02,72.57,39160.0,1260000.0,1317000.0
2021-05-06,ER,East India,Odisha,20.95,85.09,5420.0,398000.0,501000.0
2021-05-06,NER,NE India,Assam,26.2,92.93,160.0,43000.0,10000.0
2021-05-06,NR,North India,Rajasthan,26.91,74.22,39030.0,1053000.0,518000.0
2021-05-06,SR,South India,Tamil Nadu,11.12,78.66,103160.0,1013000.0,507000.0
2021-05-06,WR,West India,Gujarat,23.02,72.57,37150.0,1258000.0,1267000.0
2021-05-07,ER,East India,Odisha,20.95,85.09,5200.0,404000.0,519000.0
2021-05-07,NER,NE India,Assam,26.2,92.93,140.0,43000.0,11000.0
2021-05-07,NR,North India,Rajasthan,26.91,74.22,50550.0,1005000.0,497000.0
2021-05-07,SR,South India,Tamil Nadu,11.12,78.66,99430.0,1008000.0,518000.0
2021-05-07,WR,West India,Gujarat,23.02,72.57,35450.0,1247000.0,1236000.0
2021-05-08,ER,East India,Odisha,20.95,85.09,5100.0,422000.0,544000.0
2021-05-08,NER,NE India,Assam,26.2,92.93,160.0,44000.0,13000.0
2021-05-08,NR,North India,Rajasthan,26.91,74.22,49630.0,1070000.0,539000.0
2021-05-08,SR,South India,Tamil Nadu,11.12,78.66,108730.0,992000.0,519000.0
2021-05-08,WR,West India,Gujarat,23.02,72.57,35910.0,1246000.0,1248000.0
2021-05-09,ER,East India,Odisha,20.95,85.09,4910.0,408000.0,531000.0
2021-05-09,NER,NE India,Assam,26.2,92.93,320.0,45000.0,11000.0
2021-05-09,NR,North India,Rajasthan,26.91,74.22,48640.0,1022000.0,503000.0
2021-05-09,SR,South India,Tamil Nadu,11.12,78.66,101680.0,960000.0,497000.0
2021-05-09,WR,West India,Gujarat,23.02,72.57,34540.0,1199000.0,1196000.0
2021-05-10,ER,East India,Odisha,20.95,85.09,5110.0,413000.0,537000.0
2021-05-10,NER,NE India,Assam,26.2,92.93,200.0,44000.0,10000.0
2021-05-10,NR,North India,Rajasthan,26.91,74.22,47250.0,1037000.0,498000.0
2021-05-10,SR,South India,Tamil Nadu,11.12,78.66,96670.0,972000.0,491000.0
2021-05-10,WR,West India,Gujarat,23.02,72.57,40240.0,1215000.0,1238000.0
2021-05-11,ER,East India,Odisha,20.95,85.09,4940.0,403000.0,517000.0
2021-05-11,NER,NE India,Assam,26.2,92.93,180.0,45000.0,10000.0
2021-05-11,NR,North India,Rajasthan,26.91,74.22,46040.0,1051000.0,493000.0
2021-05-11,SR,South India,Tamil Nadu,11.12,78.66,95010.0,962000.0,452000.0
2021-05-11,WR,West India,Gujarat,23.02,72.57,42580.0,1214000.0,1230000.0
2021-05-12,ER,East India,Odisha,20.95,85.09,4930.0,376000.0,484000.0
2021-05-12,NER,NE India,Assam,26.2,92.93,200.0,43000.0,9000.0
2021-05-12,NR,North India,Rajasthan,26.91,74.22,43540.0,1015000.0,459000.0
2021-05-12,SR,South India,Tamil Nadu,11.12,78.66,101010.0,930000.0,423000.0
2021-05-12,WR,West India,Gujarat,23.02,72.57,40930.0,1222000.0,1185000.0
2021-05-13,ER,East India,Odisha,20.95,85.09,4860.0,373000.0,443000.0
2021-05-13,NER,NE India,Assam,26.2,92.93,210.0,42000.0,6000.0
2021-05-13,NR,North India,Rajasthan,26.91,74.22,47630.0,953000.0,412000.0
2021-05-13,SR,South India,Tamil Nadu,11.12,78.66,90620.0,916000.0,396000.0
2021-05-13,WR,West India,Gujarat,23.02,72.57,40020.0,1222000.0,1158000.0
2021-05-14,ER,East India,Odisha,20.95,85.09,5290.0,419000.0,502000.0
2021-05-14,NER,NE India,Assam,26.2,92.93,220.0,42000.0,7000.0
2021-05-14,NR,North India,Rajasthan,26.91,74.22,49700.0,1006000.0,462000.0
2021-05-14,SR,South India,Tamil Nadu,11.12,78.66,106160.0,894000.0,424000.0
2021-05-14,WR,West India,Gujarat,23.02,72.57,40050.0,1210000.0,1197000.0
2021-05-15,ER,East India,Odisha,20.95,85.09,5340.0,460000.0,512000.0
2021-05-15,NER,NE India,Assam,26.2,92.93,180.0,41000.0,7000.0
2021-05-15,NR,North India,Rajasthan,26.91,74.22,47390.0,1027000.0,476000.0
2021-05-15,SR,South India,Tamil Nadu,11.12,78.66,86760.0,838000.0,398000.0
2021-05-15,WR,West India,Gujarat,23.02,72.57,34770.0,1198000.0,1213000.0
2021-05-16,ER,East India,Odisha,20.95,85.09,5100.0,467000.0,478000.0
2021-05-16,NER,NE India,Assam,26.2,92.93,210.0,41000.0,6000.0
2021-05-16,NR,North India,Rajasthan,26.91,74.22,49520.0,1047000.0,471000.0
2021-05-16,SR,South India,Tamil Nadu,11.12,78.66,83040.0,795000.0,340000.0
2021-05-16,WR,West India,Gujarat,23.02,72.57,26850.0,1070000.0,1070000.0
2021-05-17,ER,East India,Odisha,20.95,85.09,5020.0,486000.0,486000.0
2021-05-17,NER,NE India,Assam,26.2,92.93,210.0,41000.0,7000.0
2021-05-17,NR,North India,Rajasthan,26.91,74.22,38780.0,1097000.0,482000.0
2021-05-17,SR,South India,Tamil Nadu,11.12,78.66,109780.0,860000.0,347000.0
2021-05-17,WR,West India,Gujarat,23.02,72.57,24290.0,971000.0,1009000.0
2021-05-18,ER,East India,Odisha,20.95,85.09,5010.0,475000.0,471000.0
2021-05-18,NER,NE India,Assam,26.2,92.93,120.0,43000.0,7000.0
2021-05-18,NR,North India,Rajasthan,26.91,74.22,24380.0,993000.0,449000.0
2021-05-18,SR,South India,Tamil Nadu,11.12,78.66,111920.0,895000.0,343000.0
2021-05-18,WR,West India,Gujarat,23.02,72.57,18160.0,895000.0,983000.0
2021-05-19,ER,East India,Odisha,20.95,85.09,5060.0,482000.0,471000.0
2021-05-19,NER,NE India,Assam,26.2,92.93,130.0,46000.0,7000.0
2021-05-19,NR,North India,Rajasthan,26.91,74.22,32680.0,793000.0,391000.0
2021-05-19,SR,South India,Tamil Nadu,11.12,78.66,106900.0,898000.0,327000.0
2021-05-19,WR,West India,Gujarat,23.02,72.57,29430.0,931000.0,959000.0
2021-05-20,ER,East India,Odisha,20.95,85.09,4760.0,455000.0,452000.0
2021-05-20,NER,NE India,Assam,26.2,92.93,180.0,43000.0,6000.0
2021-05-20,NR,North India,Rajasthan,26.91,74.22,45550.0,784000.0,353000.0
2021-05-20,SR,South India,Tamil Nadu,11.12,78.66,92020.0,873000.0,347000.0
2021-05-20,WR,West India,Gujarat,23.02,72.57,38180.0,1030000.0,972000.0
2021-05-21,ER,East India,Odisha,20.95,85.09,5010.0,455000.0,463000.0
2021-05-21,NER,NE India,Assam,26.2,92.93,150.0,46000.0,3000.0
2021-05-21,NR,North India,Rajasthan,26.91,74.22,49060.0,852000.0,356000.0
2021-05-21,SR,South India,Tamil Nadu,11.12,78.66,90410.0,837000.0,342000.0
2021-05-21,WR,West India,Gujarat,23.02,72.57,40030.0,1090000.0,1003000.0
2021-05-22,ER,East India,Odisha,20.95,85.09,5340.0,483000.0,493000.0
2021-05-22,NER,NE India,Assam,26.2,92.93,230.0,50000.0,6000.0
2021-05-22,NR,North India,Rajasthan,26.91,74.22,40350.0,903000.0,377000.0
2021-05-22,SR,South India,Tamil Nadu,11.12,78.66,86070.0,816000.0,358000.0
2021-05-22,WR,West India,Gujarat,23.02,72.57,38770.0,1114000.0,1056000.0
2021-05-23,ER,East India,Odisha,20.95,85.09,5170.0,497000.0,499000.0
2021-05-23,NER,NE India,Assam,26.2,92.93,230.0,52000.0,8000.0
2021-05-23,NR,North India,Rajasthan,26.91,74.22,53050.0,922000.0,395000.0
2021-05-23,SR,South India,Tamil Nadu,11.12,78.66,105760.0,801000.0,360000.0
2021-05-23,WR,West India,Gujarat,23.02,72.57,39240.0,1106000.0,1049000.0
2021-05-24,ER,East India,Odisha,20.95,85.09,5110.0,483000.0,523000.0
2021-05-24,NER,NE India,Assam,26.2,92.93,300.0,50000.0,7000.0
2021-05-24,NR,North India,Rajasthan,26.91,74.22,56000.0,980000.0,420000.0
2021-05-24,SR,South India,Tamil Nadu,11.12,78.66,88140.0,828000.0,369000.0
2021-05-24,WR,West India,Gujarat,23.02,72.57,38170.0,1160000.0,1080000.0
2021-05-25,ER,East India,Odisha,20.95,85.09,4700.0,411000.0,486000.0
2021-05-25,NER,NE India,Assam,26.2,92.93,120.0,48000.0,7000.0
2021-05-25,NR,North India,Rajasthan,26.91,74.22,57660.0,1039000.0,429000.0
2021-05-25,SR,South India,Tamil Nadu,11.12,78.66,91920.0,829000.0,365000.0
2021-05-25,WR,West India,Gujarat,23.02,72.57,38950.0,1173000.0,1075000.0
2021-05-26,ER,East India,Odisha,20.95,85.09,4590.0,339000.0,435000.0
2021-05-26,NER,NE India,Assam,26.2,92.93,180.0,51000.0,7000.0
2021-05-26,NR,North India,Rajasthan,26.91,74.22,52840.0,1103000.0,439000.0
2021-05-26,SR,South India,Tamil Nadu,11.12,78.66,91460.0,806000.0,329000.0
2021-05-26,WR,West India,Gujarat,23.02,72.57,36870.0,1176000.0,1063000.0
2021-05-27,ER,East India,Odisha,20.95,85.09,4610.0,310000.0,416000.0
2021-05-27,NER,NE India,Assam,26.2,92.93,150.0,50000.0,7000.0
2021-05-27,NR,North India,Rajasthan,26.91,74.22,50870.0,1128000.0,432000.0
2021-05-27,SR,South India,Tamil Nadu,11.12,78.66,96260.0,841000.0,318000.0
2021-05-27,WR,West India,Gujarat,23.02,72.57,35990.0,1177000.0,1077000.0
2021-05-28,ER,East India,Odisha,20.95,85.09,4640.0,366000.0,429000.0
2021-05-28,NER,NE India,Assam,26.2,92.93,200.0,53000.0,8000.0
2021-05-28,NR,North India,Rajasthan,26.91,74.22,49800.0,1130000.0,431000.0
2021-05-28,SR,South India,Tamil Nadu,11.12,78.66,109760.0,891000.0,339000.0
2021-05-28,WR,West India,Gujarat,23.02,72.57,34210.0,1193000.0,1122000.0
2021-05-29,ER,East India,Odisha,20.95,85.09,5090.0,432000.0,481000.0
2021-05-29,NER,NE India,Assam,26.2,92.93,220.0,54000.0,11000.0
2021-05-29,NR,North India,Rajasthan,26.91,74.22,50530.0,1136000.0,450000.0
2021-05-29,SR,South India,Tamil Nadu,11.12,78.66,106620.0,911000.0,359000.0
2021-05-29,WR,West India,Gujarat,23.02,72.57,38340.0,1196000.0,1153000.0
2021-05-30,ER,East India,Odisha,20.95,85.09,5280.0,453000.0,473000.0
2021-05-30,NER,NE India,Assam,26.2,92.93,250.0,52000.0,11000.0
2021-05-30,NR,North India,Rajasthan,26.91,74.22,48250.0,1069000.0,418000.0
2021-05-30,SR,South India,Tamil Nadu,11.12,78.66,106650.0,899000.0,343000.0
2021-05-30,WR,West India,Gujarat,23.02,72.57,37920.0,1137000.0,1109000.0
2021-05-31,ER,East India,Odisha,20.95,85.09,5280.0,454000.0,494000.0
2021-05-31,NER,NE India,Assam,26.2,92.93,60.0,46000.0,8000.0
2021-05-31,NR,North India,Rajasthan,26.91,74.22,51210.0,1155000.0,469000.0
2021-05-31,SR,South India,Tamil Nadu,11.12,78.66,112890.0,932000.0,358000.0
2021-05-31,WR,West India,Gujarat,23.02,72.57,38040.0,1166000.0,1106000.0
2021-06-01,ER,East India,Odisha,20.95,85.09,4960.0,431000.0,465000.0
2021-06-01,NER,NE India,Assam,26.2,92.93,110.0,49000.0,7000.0
2021-06-01,NR,North India,Rajasthan,26.91,74.22,47230.0,952000.0,379000.0
2021-06-01,SR,South India,Tamil Nadu,11.12,78.66,106030.0,938000.0,354000.0
2021-06-01,WR,West India,Gujarat,23.02,72.57,36860.0,1164000.0,1075000.0
2021-06-02,ER,East India,Odisha,20.95,85.09,5090.0,425000.0,534000.0
2021-06-02,NER,NE India,Assam,26.2,92.93,200.0,50000.0,8000.0
2021-06-02,NR,North India,Rajasthan,26.91,74.22,49730.0,1069000.0,425000.0
2021-06-02,SR,South India,Tamil Nadu,11.12,78.66,104590.0,938000.0,427000.0
2021-06-02,WR,West India,Gujarat,23.02,72.57,37620.0,1147000.0,1090000.0
2021-06-03,ER,East India,Odisha,20.95,85.09,5070.0,481000.0,554000.0
2021-06-03,NER,NE India,Assam,26.2,92.93,230.0,51000.0,12000.0
2021-06-03,NR,North India,Rajasthan,26.91,74.22,54030.0,1094000.0,445000.0
2021-06-03,SR,South India,Tamil Nadu,11.12,78.66,74890.0,866000.0,468000.0
2021-06-03,WR,West India,Gujarat,23.02,72.57,38400.0,1137000.0,1113000.0
2021-06-04,ER,East India,Odisha,20.95,85.09,5150.0,498000.0,546000.0
2021-06-04,NER,NE India,Assam,26.2,92.93,220.0,50000.0,16000.0
2021-06-04,NR,North India,Rajasthan,26.91,74.22,51420.0,1138000.0,469000.0
2021-06-04,SR,South India,Tamil Nadu,11.12,78.66,84530.0,847000.0,472000.0
2021-06-04,WR,West India,Gujarat,23.02,72.57,33780.0,1143000.0,1159000.0
2021-06-05,ER,East India,Odisha,20.95,85.09,5140.0,490000.0,522000.0
2021-06-05,NER,NE India,Assam,26.2,92.93,70.0,44000.0,11000.0
2021-06-05,NR,North India,Rajasthan,26.91,74.22,44790.0,1124000.0,469000.0
2021-06-05,SR,South India,Tamil Nadu,11.12,78.66,92510.0,818000.0,437000.0
2021-06-05,WR,West India,Gujarat,23.02,72.57,33810.0,1119000.0,1148000.0
2021-06-06,ER,East India,Odisha,20.95,85.09,4950.0,467000.0,492000.0
2021-06-06,NER,NE India,Assam,26.2,92.93,70.0,41000.0,11000.0
2021-06-06,NR,North India,Rajasthan,26.91,74.22,51710.0,1132000.0,474000.0
2021-06-06,SR,South India,Tamil Nadu,11.12,78.66,95960.0,778000.0,399000.0
2021-06-06,WR,West India,Gujarat,23.02,72.57,34160.0,1097000.0,1119000.0
2021-06-07,ER,East India,Odisha,20.95,85.09,5580.0,475000.0,512000.0
2021-06-07,NER,NE India,Assam,26.2,92.93,70.0,43000.0,12000.0
2021-06-07,NR,North India,Rajasthan,26.91,74.22,52830.0,1261000.0,506000.0
2021-06-07,SR,South India,Tamil Nadu,11.12,78.66,111270.0,863000.0,417000.0
2021-06-07,WR,West India,Gujarat,23.02,72.57,35580.0,1141000.0,1111000.0
2021-06-08,ER,East India,Odisha,20.95,85.09,5320.0,472000.0,530000.0
2021-06-08,NER,NE India,Assam,26.2,92.93,140.0,48000.0,12000.0
2021-06-08,NR,North India,Rajasthan,26.91,74.22,51610.0,1327000.0,517000.0
2021-06-08,SR,South India,Tamil Nadu,11.12,78.66,109410.0,897000.0,399000.0
2021-06-08,WR,West India,Gujarat,23.02,72.57,38040.0,1159000.0,1118000.0
2021-06-09,ER,East India,Odisha,20.95,85.09,4880.0,454000.0,512000.0
2021-06-09,NER,NE India,Assam,26.2,92.93,180.0,52000.0,11000.0
2021-06-09,NR,North India,Rajasthan,26.91,74.22,51120.0,1397000.0,545000.0
2021-06-09,SR,South India,Tamil Nadu,11.12,78.66,87670.0,899000.0,368000.0
2021-06-09,WR,West India,Gujarat,23.02,72.57,34760.0,1134000.0,1078000.0
2021-06-10,ER,East India,Odisha,20.95,85.09,4900.0,479000.0,519000.0
2021-06-10,NER,NE India,Assam,26.2,92.93,260.0,55000.0,12000.0
2021-06-10,NR,North India,Rajasthan,26.91,74.22,50540.0,1357000.0,530000.0
2021-06-10,SR,South India,Tamil Nadu,11.12,78.66,94040.0,902000.0,359000.0
2021-06-10,WR,West India,Gujarat,23.02,72.57,33200.0,1114000.0,1041000.0
2021-06-11,ER,East India,Odisha,20.95,85.09,4930.0,458000.0,470000.0
2021-06-11,NER,NE India,Assam,26.2,92.93,130.0,51000.0,11000.0
2021-06-11,NR,North India,Rajasthan,26.91,74.22,49080.0,1296000.0,498000.0
2021-06-11,SR,South India,Tamil Nadu,11.12,78.66,93220.0,891000.0,333000.0
2021-06-11,WR,West India,Gujarat,23.02,72.57,35010.0,1118000.0,1006000.0
2021-06-12,ER,East India,Odisha,20.95,85.09,4850.0,443000.0,478000.0
2021-06-12,NER,NE India,Assam,26.2,92.93,140.0,53000.0,9000.0
2021-06-12,NR,North India,Rajasthan,26.91,74.22,50090.0,1280000.0,485000.0
2021-06-12,SR,South India,Tamil Nadu,11.12,78.66,87930.0,875000.0,318000.0
2021-06-12,WR,West India,Gujarat,23.02,72.57,34190.0,1120000.0,994000.0
2021-06-13,ER,East India,Odisha,20.95,85.09,4820.0,451000.0,436000.0
2021-06-13,NER,NE India,Assam,26.2,92.93,190.0,53000.0,10000.0
2021-06-13,NR,North India,Rajasthan,26.91,74.22,48450.0,1163000.0,444000.0
2021-06-13,SR,South India,Tamil Nadu,11.12,78.66,80770.0,820000.0,288000.0
2021-06-13,WR,West India,Gujarat,23.02,72.57,32960.0,1100000.0,955000.0
2021-06-14,ER,East India,Odisha,20.95,85.09,4690.0,452000.0,492000.0
2021-06-14,NER,NE India,Assam,26.2,92.93,220.0,54000.0,11000.0
2021-06-14,NR,North India,Rajasthan,26.91,74.22,48200.0,1281000.0,475000.0
2021-06-14,SR,South India,Tamil Nadu,11.12,78.66,73080.0,838000.0,309000.0
2021-06-14,WR,West India,Gujarat,23.02,72.57,33240.0,1164000.0,1037000.0
2021-06-15,ER,East India,Odisha,20.95,85.09,4960.0,434000.0,482000.0
2021-06-15,NER,NE India,Assam,26.2,92.93,240.0,55000.0,10000.0
2021-06-15,NR,North India,Rajasthan,26.91,74.22,46860.0,1264000.0,456000.0
2021-06-15,SR,South India,Tamil Nadu,11.12,78.66,83860.0,876000.0,335000.0
2021-06-15,WR,West India,Gujarat,23.02,72.57,34840.0,1169000.0,1021000.0
2021-06-16,ER,East India,Odisha,20.95,85.09,4840.0,430000.0,479000.0
2021-06-16,NER,NE India,Assam,26.2,92.93,240.0,55000.0,10000.0
2021-06-16,NR,North India,Rajasthan,26.91,74.22,49290.0,1251000.0,454000.0
2021-06-16,SR,South India,Tamil Nadu,11.12,78.66,87030.0,885000.0,350000.0
2021-06-16,WR,West India,Gujarat,23.02,72.57,33960.0,1151000.0,1052000.0
2021-06-17,ER,East India,Odisha,20.95,85.09,4840.0,415000.0,479000.0
2021-06-17,NER,NE India,Assam,26.2,92.93,220.0,56000.0,11000.0
2021-06-17,NR,North India,Rajasthan,26.91,74.22,35520.0,1288000.0,484000.0
2021-06-17,SR,South India,Tamil Nadu,11.12,78.66,83220.0,901000.0,358000.0
2021-06-17,WR,West India,Gujarat,23.02,72.57,27660.0,1116000.0,1058000.0
2021-06-18,ER,East India,Odisha,20.95,85.09,4770.0,415000.0,479000.0
2021-06-18,NER,NE India,Assam,26.2,92.93,80.0,53000.0,11000.0
2021-06-18,NR,North India,Rajasthan,26.91,74.22,42450.0,1287000.0,489000.0
2021-06-18,SR,South India,Tamil Nadu,11.12,78.66,87740.0,931000.0,378000.0
2021-06-18,WR,West India,Gujarat,23.02,72.57,24280.0,1080000.0,1063000.0
2021-06-19,ER,East India,Odisha,20.95,85.09,4700.0,412000.0,488000.0
2021-06-19,NER,NE India,Assam,26.2,92.93,190.0,54000.0,10000.0
2021-06-19,NR,North India,Rajasthan,26.91,74.22,48520.0,1253000.0,477000.0
2021-06-19,SR,South India,Tamil Nadu,11.12,78.66,89170.0,930000.0,383000.0
2021-06-19,WR,West India,Gujarat,23.02,72.57,22730.0,1033000.0,999000.0
2021-06-20,ER,East India,Odisha,20.95,85.09,5090.0,413000.0,449000.0
2021-06-20,NER,NE India,Assam,26.2,92.93,190.0,53000.0,7000.0
2021-06-20,NR,North India,Rajasthan,26.91,74.22,50130.0,1205000.0,453000.0
2021-06-20,SR,South India,Tamil Nadu,11.12,78.66,111090.0,920000.0,368000.0
2021-06-20,WR,West India,Gujarat,23.02,72.57,28400.0,995000.0,908000.0
2021-06-21,ER,East India,Odisha,20.95,85.09,5290.0,438000.0,482000.0
2021-06-21,NER,NE India,Assam,26.2,92.93,230.0,54000.0,8000.0
2021-06-21,NR,North India,Rajasthan,26.91,74.22,49510.0,1313000.0,517000.0
2021-06-21,SR,South India,Tamil Nadu,11.12,78.66,109680.0,993000.0,393000.0
2021-06-21,WR,West India,Gujarat,23.02,72.57,32479.999999999996,1070000.0,1055000.0
2021-06-22,ER,East India,Odisha,20.95,85.09,4070.0000000000005,451000.0,515000.0
2021-06-22,NER,NE India,Assam,26.2,92.93,250.0,57000.0,14000.0
2021-06-22,NR,North India,Rajasthan,26.91,74.22,52170.0,1414000.0,598000.0
2021-06-22,SR,South India,Tamil Nadu,11.12,78.66,97960.0,1014000.0,438000.0
2021-06-22,WR,West India,Gujarat,23.02,72.57,30980.0,1111000.0,1108000.0
2021-06-23,ER,East India,Odisha,20.95,85.09,4710.0,460000.0,522000.0
2021-06-23,NER,NE India,Assam,26.2,92.93,230.0,56000.0,16000.0
2021-06-23,NR,North India,Rajasthan,26.91,74.22,51790.0,1460000.0,638000.0
2021-06-23,SR,South India,Tamil Nadu,11.12,78.66,91360.0,1025000.0,482000.0
2021-06-23,WR,West India,Gujarat,23.02,72.57,28300.0,1115000.0,1102000.0
2021-06-24,ER,East India,Odisha,20.95,85.09,5250.0,473000.0,487000.0
2021-06-24,NER,NE India,Assam,26.2,92.93,230.0,56000.0,11000.0
2021-06-24,NR,North India,Rajasthan,26.91,74.22,51320.0,1417000.0,628000.0
2021-06-24,SR,South India,Tamil Nadu,11.12,78.66,88500.0,998000.0,465000.0
2021-06-24,WR,West India,Gujarat,23.02,72.57,28510.0,1102000.0,1089000.0
2021-06-25,ER,East India,Odisha,20.95,85.09,4960.0,477000.0,479000.0
2021-06-25,NER,NE India,Assam,26.2,92.93,240.0,56000.0,10000.0
2021-06-25,NR,North India,Rajasthan,26.91,74.22,53350.0,1420000.0,630000.0
2021-06-25,SR,South India,Tamil Nadu,11.12,78.66,95740.0,1021000.0,481000.0
2021-06-25,WR,West India,Gujarat,23.02,72.57,32030.0,1103000.0,1061000.0
2021-06-26,ER,East India,Odisha,20.95,85.09,5060.0,462000.0,458000.0
2021-06-26,NER,NE India,Assam,26.2,92.93,220.0,56000.0,11000.0
2021-06-26,NR,North India,Rajasthan,26.91,74.22,52380.0,1383000.0,628000.0
2021-06-26,SR,South India,Tamil Nadu,11.12,78.66,78920.0,1025000.0,476000.0
2021-06-26,WR,West India,Gujarat,23.02,72.57,32820.0,1124000.0,1075000.0
2021-06-27,ER,East India,Odisha,20.95,85.09,5080.0,464000.0,489000.0
2021-06-27,NER,NE India,Assam,26.2,92.93,250.0,54000.0,11000.0
2021-06-27,NR,North India,Rajasthan,26.91,74.22,49530.0,1406000.0,629000.0
2021-06-27,SR,South India,Tamil Nadu,11.12,78.66,55510.0,911000.0,473000.0
2021-06-27,WR,West India,Gujarat,23.02,72.57,31900.0,1092000.0,1083000.0
2021-06-28,ER,East India,Odisha,20.95,85.09,5270.0,487000.0,536000.0
2021-06-28,NER,NE India,Assam,26.2,92.93,190.0,52000.0,13000.0
2021-06-28,NR,North India,Rajasthan,26.91,74.22,50620.0,1509000.0,695000.0
2021-06-28,SR,South India,Tamil Nadu,11.12,78.66,91030.0,959000.0,542000.0
2021-06-28,WR,West India,Gujarat,23.02,72.57,30570.0,1127000.0,1135000.0
2021-06-29,ER,East India,Odisha,20.95,85.09,5150.0,489000.0,541000.0
2021-06-29,NER,NE India,Assam,26.2,92.93,100.0,52000.0,16000.0
2021-06-29,NR,North India,Rajasthan,26.91,74.22,55320.0,1566000.0,719000.0
2021-06-29,SR,South India,Tamil Nadu,11.12,78.66,108450.0,1046000.0,580000.0
2021-06-29,WR,West India,Gujarat,23.02,72.57,37540.0,1149000.0,1184000.0
2021-06-30,ER,East India,Odisha,20.95,85.09,4280.0,488000.0,548000.0
2021-06-30,NER,NE India,Assam,26.2,92.93,80.0,50000.0,13000.0
2021-06-30,NR,North India,Rajasthan,26.91,74.22,54400.0,1590000.0,688000.0
2021-06-30,SR,South India,Tamil Nadu,11.12,78.66,109410.0,1078000.0,556000.0
2021-06-30,WR,West India,Gujarat,23.02,72.57,37570.0,1178000.0,1155000.0
2021-07-01,ER,East India,Odisha,20.95,85.09,4710.0,457000.0,518000.0
2021-07-01,NER,NE India,Assam,26.2,92.93,110.0,50000.0,11000.0
2021-07-01,NR,North India,Rajasthan,26.91,74.22,49160.0,1607000.0,657000.0
2021-07-01,SR,South India,Tamil Nadu,11.12,78.66,78530.0,1055000.0,541000.0
2021-07-01,WR,West India,Gujarat,23.02,72.57,35250.0,1152000.0,1132000.0
2021-07-02,ER,East India,Odisha,20.95,85.09,5280.0,446000.0,500000.0
2021-07-02,NER,NE India,Assam,26.2,92.93,80.0,49000.0,10000.0
2021-07-02,NR,North India,Rajasthan,26.91,74.22,52320.0,1599000.0,644000.0
2021-07-02,SR,South India,Tamil Nadu,11.12,78.66,74940.0,1004000.0,511000.0
2021-07-02,WR,West India,Gujarat,23.02,72.57,34640.0,1189000.0,1060000.0
2021-07-03,ER,East India,Odisha,20.95,85.09,5040.0,476000.0,500000.0
2021-07-03,NER,NE India,Assam,26.2,92.93,90.0,51000.0,11000.0
2021-07-03,NR,North India,Rajasthan,26.91,74.22,50960.0,1466000.0,600000.0
2021-07-03,SR,South India,Tamil Nadu,11.12,78.66,97000.0,1010000.0,531000.0
2021-07-03,WR,West India,Gujarat,23.02,72.57,35760.0,1217000.0,1154000.0
2021-07-04,ER,East India,Odisha,20.95,85.09,4760.0,482000.0,515000.0
2021-07-04,NER,NE India,Assam,26.2,92.93,60.0,52000.0,13000.0
2021-07-04,NR,North India,Rajasthan,26.91,74.22,54280.0,1488000.0,610000.0
2021-07-04,SR,South India,Tamil Nadu,11.12,78.66,89500.0,959000.0,572000.0
2021-07-04,WR,West India,Gujarat,23.02,72.57,37190.0,1210000.0,1164000.0
2021-07-05,ER,East India,Odisha,20.95,85.09,5730.0,490000.0,555000.0
2021-07-05,NER,NE India,Assam,26.2,92.93,180.0,54000.0,15000.0
2021-07-05,NR,North India,Rajasthan,26.91,74.22,53420.0,1558000.0,650000.0
2021-07-05,SR,South India,Tamil Nadu,11.12,78.66,87370.0,968000.0,597000.0
2021-07-05,WR,West India,Gujarat,23.02,72.57,35830.0,1267000.0,1242000.0
2021-07-06,ER,East India,Odisha,20.95,85.09,5270.0,504000.0,549000.0
2021-07-06,NER,NE India,Assam,26.2,92.93,190.0,56000.0,17000.0
2021-07-06,NR,North India,Rajasthan,26.91,74.22,53580.0,1612000.0,701000.0
2021-07-06,SR,South India,Tamil Nadu,11.12,78.66,98720.0,999000.0,616000.0
2021-07-06,WR,West India,Gujarat,23.02,72.57,37320.0,1298000.0,1292000.0
2021-07-07,ER,East India,Odisha,20.95,85.09,5040.0,496000.0,531000.0
2021-07-07,NER,NE India,Assam,26.2,92.93,210.0,55000.0,17000.0
2021-07-07,NR,North India,Rajasthan,26.91,74.22,48620.0,1642000.0,726000.0
2021-07-07,SR,South India,Tamil Nadu,11.12,78.66,100960.0,996000.0,606000.0
2021-07-07,WR,West India,Gujarat,23.02,72.57,38280.0,1319000.0,1249000.0
2021-07-08,ER,East India,Odisha,20.95,85.09,3890.0,474000.0,510000.0
2021-07-08,NER,NE India,Assam,26.2,92.93,190.0,56000.0,12000.0
2021-07-08,NR,North India,Rajasthan,26.91,74.22,52180.0,1623000.0,668000.0
2021-07-08,SR,South India,Tamil Nadu,11.12,78.66,81120.0,946000.0,581000.0
2021-07-08,WR,West India,Gujarat,23.02,72.57,30610.0,1261000.0,1280000.0
2021-07-09,ER,East India,Odisha,20.95,85.09,4490.0,492000.0,520000.0
2021-07-09,NER,NE India,Assam,26.2,92.93,230.0,58000.0,10000.0
2021-07-09,NR,North India,Rajasthan,26.91,74.22,54860.0,1594000.0,668000.0
2021-07-09,SR,South India,Tamil Nadu,11.12,78.66,73480.0,929000.0,562000.0
2021-07-09,WR,West India,Gujarat,23.02,72.57,29450.0,1236000.0,1257000.0
2021-07-10,ER,East India,Odisha,20.95,85.09,4790.0,505000.0,534000.0
2021-07-10,NER,NE India,Assam,26.2,92.93,140.0,56000.0,10000.0
2021-07-10,NR,North India,Rajasthan,26.91,74.22,52320.0,1622000.0,666000.0
2021-07-10,SR,South India,Tamil Nadu,11.12,78.66,74200.0,879000.0,544000.0
2021-07-10,WR,West India,Gujarat,23.02,72.57,32970.0,1217000.0,1260000.0
2021-07-11,ER,East India,Odisha,20.95,85.09,4530.0,491000.0,529000.0
2021-07-11,NER,NE India,Assam,26.2,92.93,180.0,55000.0,10000.0
2021-07-11,NR,North India,Rajasthan,26.91,74.22,43290.0,1534000.0,629000.0
2021-07-11,SR,South India,Tamil Nadu,11.12,78.66,50670.0,807000.0,493000.0
2021-07-11,WR,West India,Gujarat,23.02,72.57,23400.0,1149000.0,1175000.0
2021-07-12,ER,East India,Odisha,20.95,85.09,4670.0,507000.0,519000.0
2021-07-12,NER,NE India,Assam,26.2,92.93,260.0,57000.0,11000.0
2021-07-12,NR,North India,Rajasthan,26.91,74.22,42570.0,1472000.0,619000.0
2021-07-12,SR,South India,Tamil Nadu,11.12,78.66,66910.0,866000.0,489000.0
2021-07-12,WR,West India,Gujarat,23.02,72.57,30560.0,1137000.0,1148000.0
2021-07-13,ER,East India,Odisha,20.95,85.09,4610.0,510000.0,513000.0
2021-07-13,NER,NE India,Assam,26.2,92.93,150.0,55000.0,11000.0
2021-07-13,NR,North India,Rajasthan,26.91,74.22,46680.0,1437000.0,615000.0
2021-07-13,SR,South India,Tamil Nadu,11.12,78.66,62330.0,881000.0,484000.0
2021-07-13,WR,West India,Gujarat,23.02,72.57,34730.0,1152000.0,1134000.0
2021-07-14,ER,East India,Odisha,20.95,85.09,4840.0,516000.0,503000.0
2021-07-14,NER,NE India,Assam,26.2,92.93,170.0,55000.0,11000.0
2021-07-14,NR,North India,Rajasthan,26.91,74.22,50760.0,1389000.0,606000.0
2021-07-14,SR,South India,Tamil Nadu,11.12,78.66,62130.0,860000.0,458000.0
2021-07-14,WR,West India,Gujarat,23.02,72.57,33560.0,1157000.0,1124000.0
2021-07-15,ER,East India,Odisha,20.95,85.09,4900.0,523000.0,512000.0
2021-07-15,NER,NE India,Assam,26.2,92.93,200.0,55000.0,11000.0
2021-07-15,NR,North India,Rajasthan,26.91,74.22,55160.0,1433000.0,612000.0
2021-07-15,SR,South India,Tamil Nadu,11.12,78.66,65010.00000000001,833000.0,467000.0
2021-07-15,WR,West India,Gujarat,23.02,72.57,34420.0,1180000.0,1161000.0
2021-07-16,ER,East India,Odisha,20.95,85.09,5190.0,542000.0,532000.0
2021-07-16,NER,NE India,Assam,26.2,92.93,210.0,55000.0,13000.0
2021-07-16,NR,North India,Rajasthan,26.91,74.22,53010.0,1544000.0,671000.0
2021-07-16,SR,South India,Tamil Nadu,11.12,78.66,79220.0,870000.0,496000.0
2021-07-16,WR,West India,Gujarat,23.02,72.57,35470.0,1186000.0,1213000.0
2021-07-17,ER,East India,Odisha,20.95,85.09,5400.0,532000.0,531000.0
2021-07-17,NER,NE India,Assam,26.2,92.93,110.0,54000.0,14000.0
2021-07-17,NR,North India,Rajasthan,26.91,74.22,49100.0,1568000.0,668000.0
2021-07-17,SR,South India,Tamil Nadu,11.12,78.66,82760.0,873000.0,510000.0
2021-07-17,WR,West India,Gujarat,23.02,72.57,33540.0,1210000.0,1235000.0
2021-07-18,ER,East India,Odisha,20.95,85.09,4650.0,504000.0,467000.0
2021-07-18,NER,NE India,Assam,26.2,92.93,160.0,54000.0,10000.0
2021-07-18,NR,North India,Rajasthan,26.91,74.22,47580.0,1426000.0,585000.0
2021-07-18,SR,South India,Tamil Nadu,11.12,78.66,57380.0,806000.0,426000.0
2021-07-18,WR,West India,Gujarat,23.02,72.57,22890.0,1143000.0,1097000.0
2021-07-19,ER,East India,Odisha,20.95,85.09,4740.0,522000.0,443000.0
2021-07-19,NER,NE India,Assam,26.2,92.93,240.0,55000.0,10000.0
2021-07-19,NR,North India,Rajasthan,26.91,74.22,42890.0,1263000.0,529000.0
2021-07-19,SR,South India,Tamil Nadu,11.12,78.66,90000.0,860000.0,398000.0
2021-07-19,WR,West India,Gujarat,23.02,72.57,27740.0,1151000.0,990000.0
2021-07-20,ER,East India,Odisha,20.95,85.09,4210.0,498000.0,457000.0
2021-07-20,NER,NE India,Assam,26.2,92.93,50.0,59000.0,10000.0
2021-07-20,NR,North India,Rajasthan,26.91,74.22,37120.0,1205000.0,471000.0
2021-07-20,SR,South India,Tamil Nadu,11.12,78.66,82120.0,887000.0,393000.0
2021-07-20,WR,West India,Gujarat,23.02,72.57,19860.0,1134000.0,961000.0
2021-07-21,ER,East India,Odisha,20.95,85.09,4370.0,505000.0,462000.0
2021-07-21,NER,NE India,Assam,26.2,92.93,220.0,59000.0,10000.0
2021-07-21,NR,North India,Rajasthan,26.91,74.22,41780.0,1244000.0,453000.0
2021-07-21,SR,South India,Tamil Nadu,11.12,78.66,51060.0,836000.0,379000.0
2021-07-21,WR,West India,Gujarat,23.02,72.57,20620.0,1098000.0,964000.0
2021-07-22,ER,East India,Odisha,20.95,85.09,4620.0,512000.0,475000.0
2021-07-22,NER,NE India,Assam,26.2,92.93,280.0,59000.0,10000.0
2021-07-22,NR,North India,Rajasthan,26.91,74.22,45820.0,1322000.0,470000.0
2021-07-22,SR,South India,Tamil Nadu,11.12,78.66,44210.0,803000.0,356000.0
2021-07-22,WR,West India,Gujarat,23.02,72.57,24300.0,1110000.0,1020000.0
2021-07-23,ER,East India,Odisha,20.95,85.09,4400.0,498000.0,506000.0
2021-07-23,NER,NE India,Assam,26.2,92.93,270.0,56000.0,11000.0
2021-07-23,NR,North India,Rajasthan,26.91,74.22,47260.0,1385000.0,514000.0
2021-07-23,SR,South India,Tamil Nadu,11.12,78.66,69320.0,827000.0,367000.0
2021-07-23,WR,West India,Gujarat,23.02,72.57,21400.0,1121000.0,1069000.0
2021-07-24,ER,East India,Odisha,20.95,85.09,4570.0,483000.0,493000.0
2021-07-24,NER,NE India,Assam,26.2,92.93,280.0,59000.0,12000.0
2021-07-24,NR,North India,Rajasthan,26.91,74.22,49040.0,1418000.0,521000.0
2021-07-24,SR,South India,Tamil Nadu,11.12,78.66,91350.0,858000.0,373000.0
2021-07-24,WR,West India,Gujarat,23.02,72.57,24110.0,1080000.0,1049000.0
2021-07-25,ER,East India,Odisha,20.95,85.09,4910.0,505000.0,481000.0
2021-07-25,NER,NE India,Assam,26.2,92.93,200.0,57000.0,10000.0
2021-07-25,NR,North India,Rajasthan,26.91,74.22,45030.0,1438000.0,544000.0
2021-07-25,SR,South India,Tamil Nadu,11.12,78.66,94060.0,843000.0,355000.0
2021-07-25,WR,West India,Gujarat,23.02,72.57,17240.0,1027000.0,1007000.0
2021-07-26,ER,East India,Odisha,20.95,85.09,4230.0,521000.0,492000.0
2021-07-26,NER,NE India,Assam,26.2,92.93,210.0,59000.0,11000.0
2021-07-26,NR,North India,Rajasthan,26.91,74.22,45110.0,1462000.0,553000.0
2021-07-26,SR,South India,Tamil Nadu,11.12,78.66,96580.0,911000.0,384000.0
2021-07-26,WR,West India,Gujarat,23.02,72.57,19640.0,1060000.0,1033000.0
2021-07-27,ER,East India,Odisha,20.95,85.09,3990.0,510000.0,480000.0
2021-07-27,NER,NE India,Assam,26.2,92.93,180.0,59000.0,10000.0
2021-07-27,NR,North India,Rajasthan,26.91,74.22,28390.0,1365000.0,510000.0
2021-07-27,SR,South India,Tamil Nadu,11.12,78.66,97850.0,966000.0,408000.0
2021-07-27,WR,West India,Gujarat,23.02,72.57,17620.0,1059000.0,1008000.0
2021-07-28,ER,East India,Odisha,20.95,85.09,4030.0000000000005,495000.0,434000.0
2021-07-28,NER,NE India,Assam,26.2,92.93,230.0,59000.0,10000.0
2021-07-28,NR,North India,Rajasthan,26.91,74.22,26020.0,1146000.0,415000.0
2021-07-28,SR,South India,Tamil Nadu,11.12,78.66,98230.0,994000.0,393000.0
2021-07-28,WR,West India,Gujarat,23.02,72.57,16710.0,1051000.0,932000.0
2021-07-29,ER,East India,Odisha,20.95,85.09,3960.0,465000.0,422000.0
2021-07-29,NER,NE India,Assam,26.2,92.93,230.0,54000.0,10000.0
2021-07-29,NR,North India,Rajasthan,26.91,74.22,32759.999999999996,1141000.0,397000.0
2021-07-29,SR,South India,Tamil Nadu,11.12,78.66,83590.0,1004000.0,398000.0
2021-07-29,WR,West India,Gujarat,23.02,72.57,12540.0,1061000.0,959000.0
2021-07-30,ER,East India,Odisha,20.95,85.09,3910.0,419000.0,405000.0
2021-07-30,NER,NE India,Assam,26.2,92.93,130.0,56000.0,9000.0
2021-07-30,NR,North India,Rajasthan,26.91,74.22,43000.0,1169000.0,398000.0
2021-07-30,SR,South India,Tamil Nadu,11.12,78.66,91970.0,1022000.0,399000.0
2021-07-30,WR,West India,Gujarat,23.02,72.57,16219.999999999998,1063000.0,928000.0
2021-07-31,ER,East India,Odisha,20.95,85.09,3810.0,428000.0,415000.0
2021-07-31,NER,NE India,Assam,26.2,92.93,160.0,54000.0,7000.0
2021-07-31,NR,North India,Rajasthan,26.91,74.22,41720.0,1193000.0,412000.0
2021-07-31,SR,South India,Tamil Nadu,11.12,78.66,78220.0,1012000.0,398000.0
2021-07-31,WR,West India,Gujarat,23.02,72.57,18120.0,1054000.0,913000.0
2021-08-01,ER,East India,Odisha,20.95,85.09,4350.0,459000.0,420000.0
2021-08-01,NER,NE India,Assam,26.2,92.93,150.0,53000.0,6000.0
2021-08-01,NR,North India,Rajasthan,26.91,74.22,37360.0,1129000.0,364000.0
2021-08-01,SR,South India,Tamil Nadu,11.12,78.66,87970.0,968000.0,372000.0
2021-08-01,WR,West India,Gujarat,23.02,72.57,16690.0,1013000.0,867000.0
2021-08-02,ER,East India,Odisha,20.95,85.09,5090.0,480000.0,472000.0
2021-08-02,NER,NE India,Assam,26.2,92.93,240.0,55000.0,7000.0
2021-08-02,NR,North India,Rajasthan,26.91,74.22,41510.0,1228000.0,409000.0
2021-08-02,SR,South India,Tamil Nadu,11.12,78.66,98570.0,1038000.0,418000.0
2021-08-02,WR,West India,Gujarat,23.02,72.57,14930.0,1051000.0,938000.0
2021-08-03,ER,East India,Odisha,20.95,85.09,4750.0,493000.0,486000.0
2021-08-03,NER,NE India,Assam,26.2,92.93,200.0,59000.0,9000.0
2021-08-03,NR,North India,Rajasthan,26.91,74.22,48460.0,1260000.0,425000.0
2021-08-03,SR,South India,Tamil Nadu,11.12,78.66,96180.0,1060000.0,442000.0
2021-08-03,WR,West India,Gujarat,23.02,72.57,20800.0,1087000.0,967000.0
2021-08-04,ER,East India,Odisha,20.95,85.09,4380.0,475000.0,479000.0
2021-08-04,NER,NE India,Assam,26.2,92.93,280.0,58000.0,12000.0
2021-08-04,NR,North India,Rajasthan,26.91,74.22,48180.0,1307000.0,450000.0
2021-08-04,SR,South India,Tamil Nadu,11.12,78.66,94240.0,1073000.0,461000.0
2021-08-04,WR,West India,Gujarat,23.02,72.57,22390.0,1127000.0,1008000.0
2021-08-05,ER,East India,Odisha,20.95,85.09,4360.0,495000.0,486000.0
2021-08-05,NER,NE India,Assam,26.2,92.93,260.0,60000.0,13000.0
2021-08-05,NR,North India,Rajasthan,26.91,74.22,53370.0,1344000.0,499000.0
2021-08-05,SR,South India,Tamil Nadu,11.12,78.66,86600.0,1086000.0,466000.0
2021-08-05,WR,West India,Gujarat,23.02,72.57,24760.0,1171000.0,1097000.0
2021-08-06,ER,East India,Odisha,20.95,85.09,4630.0,505000.0,501000.0
2021-08-06,NER,NE India,Assam,26.2,92.93,250.0,57000.0,14000.0
2021-08-06,NR,North India,Rajasthan,26.91,74.22,51630.0,1372000.0,536000.0
2021-08-06,SR,South India,Tamil Nadu,11.12,78.66,91860.0,1078000.0,469000.0
2021-08-06,WR,West India,Gujarat,23.02,72.57,23170.0,1200000.0,1153000.0
2021-08-07,ER,East India,Odisha,20.95,85.09,4740.0,495000.0,511000.0
2021-08-07,NER,NE India,Assam,26.2,92.93,180.0,55000.0,16000.0
2021-08-07,NR,North India,Rajasthan,26.91,74.22,49440.0,1377000.0,614000.0
2021-08-07,SR,South India,Tamil Nadu,11.12,78.66,100100.0,1067000.0,490000.0
2021-08-07,WR,West India,Gujarat,23.02,72.57,28970.0,1244000.0,1161000.0
2021-08-08,ER,East India,Odisha,20.95,85.09,4200.0,473000.0,466000.0
2021-08-08,NER,NE India,Assam,26.2,92.93,220.0,55000.0,13000.0
2021-08-08,NR,North India,Rajasthan,26.91,74.22,52360.0,1312000.0,595000.0
2021-08-08,SR,South India,Tamil Nadu,11.12,78.66,100210.0,1022000.0,485000.0
2021-08-08,WR,West India,Gujarat,23.02,72.57,29100.0,1233000.0,1186000.0
2021-08-09,ER,East India,Odisha,20.95,85.09,4900.0,500000.0,484000.0
2021-08-09,NER,NE India,Assam,26.2,92.93,190.0,56000.0,12000.0
2021-08-09,NR,North India,Rajasthan,26.91,74.22,50510.0,1325000.0,615000.0
2021-08-09,SR,South India,Tamil Nadu,11.12,78.66,101660.0,1077000.0,524000.0
2021-08-09,WR,West India,Gujarat,23.02,72.57,26980.0,1288000.0,1213000.0
2021-08-10,ER,East India,Odisha,20.95,85.09,4890.0,503000.0,495000.0
2021-08-10,NER,NE India,Assam,26.2,92.93,180.0,57000.0,12000.0
2021-08-10,NR,North India,Rajasthan,26.91,74.22,54990.0,1383000.0,619000.0
2021-08-10,SR,South India,Tamil Nadu,11.12,78.66,86300.0,1079000.0,532000.0
2021-08-10,WR,West India,Gujarat,23.02,72.57,27980.0,1304000.0,1239000.0
2021-08-11,ER,East India,Odisha,20.95,85.09,4390.0,507000.0,515000.0
2021-08-11,NER,NE India,Assam,26.2,92.93,200.0,58000.0,11000.0
2021-08-11,NR,North India,Rajasthan,26.91,74.22,56460.0,1433000.0,638000.0
2021-08-11,SR,South India,Tamil Nadu,11.12,78.66,101200.0,1082000.0,535000.0
2021-08-11,WR,West India,Gujarat,23.02,72.57,28050.0,1298000.0,1229000.0
2021-08-12,ER,East India,Odisha,20.95,85.09,4160.0,502000.0,521000.0
2021-08-12,NER,NE India,Assam,26.2,92.93,170.0,59000.0,10000.0
2021-08-12,NR,North India,Rajasthan,26.91,74.22,57620.0,1464000.0,660000.0
2021-08-12,SR,South India,Tamil Nadu,11.12,78.66,81620.0,1075000.0,551000.0
2021-08-12,WR,West India,Gujarat,23.02,72.57,32610.0,1328000.0,1246000.0
2021-08-13,ER,East India,Odisha,20.95,85.09,4180.0,504000.0,513000.0
2021-08-13,NER,NE India,Assam,26.2,92.93,140.0,57000.0,11000.0
2021-08-13,NR,North India,Rajasthan,26.91,74.22,57600.0,1507000.0,675000.0
2021-08-13,SR,South India,Tamil Nadu,11.12,78.66,78880.0,1055000.0,565000.0
2021-08-13,WR,West India,Gujarat,23.02,72.57,34330.0,1332000.0,1256000.0
2021-08-14,ER,East India,Odisha,20.95,85.09,4220.0,509000.0,512000.0
2021-08-14,NER,NE India,Assam,26.2,92.93,170.0,56000.0,9000.0
2021-08-14,NR,North India,Rajasthan,26.91,74.22,57880.0,1519000.0,683000.0
2021-08-14,SR,South India,Tamil Nadu,11.12,78.66,87930.0,1034000.0,549000.0
2021-08-14,WR,West India,Gujarat,23.02,72.57,35390.0,1323000.0,1220000.0
2021-08-15,ER,East India,Odisha,20.95,85.09,4260.0,496000.0,477000.0
2021-08-15,NER,NE India,Assam,26.2,92.93,220.0,54000.0,9000.0
2021-08-15,NR,North India,Rajasthan,26.91,74.22,57480.0,1496000.0,665000.0
2021-08-15,SR,South India,Tamil Nadu,11.12,78.66,76990.0,956000.0,518000.0
2021-08-15,WR,West India,Gujarat,23.02,72.57,34870.0,1259000.0,1162000.0
2021-08-16,ER,East India,Odisha,20.95,85.09,4210.0,506000.0,495000.0
2021-08-16,NER,NE India,Assam,26.2,92.93,120.0,56000.0,11000.0
2021-08-16,NR,North India,Rajasthan,26.91,74.22,59370.0,1541000.0,719000.0
2021-08-16,SR,South India,Tamil Nadu,11.12,78.66,67000.0,963000.0,546000.0
2021-08-16,WR,West India,Gujarat,23.02,72.57,34640.0,1306000.0,1258000.0
2021-08-17,ER,East India,Odisha,20.95,85.09,3970.0,503000.0,483000.0
2021-08-17,NER,NE India,Assam,26.2,92.93,170.0,56000.0,17000.0
2021-08-17,NR,North India,Rajasthan,26.91,74.22,60450.0,1608000.0,742000.0
2021-08-17,SR,South India,Tamil Nadu,11.12,78.66,61050.0,953000.0,599000.0
2021-08-17,WR,West India,Gujarat,23.02,72.57,31030.0,1306000.0,1260000.0
2021-08-18,ER,East India,Odisha,20.95,85.09,4300.0,500000.0,481000.0
2021-08-18,NER,NE India,Assam,26.2,92.93,280.0,56000.0,14000.0
2021-08-18,NR,North India,Rajasthan,26.91,74.22,59640.0,1635000.0,721000.0
2021-08-18,SR,South India,Tamil Nadu,11.12,78.66,83340.0,953000.0,562000.0
2021-08-18,WR,West India,Gujarat,23.02,72.57,22940.0,1239000.0,1225000.0
2021-08-19,ER,East India,Odisha,20.95,85.09,4400.0,494000.0,483000.0
2021-08-19,NER,NE India,Assam,26.2,92.93,190.0,56000.0,11000.0
2021-08-19,NR,North India,Rajasthan,26.91,74.22,57270.0,1617000.0,711000.0
2021-08-19,SR,South India,Tamil Nadu,11.12,78.66,90630.0,981000.0,538000.0
2021-08-19,WR,West India,Gujarat,23.02,72.57,24450.0,1216000.0,1183000.0
2021-08-20,ER,East India,Odisha,20.95,85.09,4190.0,482000.0,508000.0
2021-08-20,NER,NE India,Assam,26.2,92.93,200.0,56000.0,10000.0
2021-08-20,NR,North India,Rajasthan,26.91,74.22,52230.0,1471000.0,648000.0
2021-08-20,SR,South India,Tamil Nadu,11.12,78.66,79840.0,997000.0,578000.0
2021-08-20,WR,West India,Gujarat,23.02,72.57,24090.0,1199000.0,1149000.0
2021-08-21,ER,East India,Odisha,20.95,85.09,4350.0,491000.0,500000.0
2021-08-21,NER,NE India,Assam,26.2,92.93,240.0,58000.0,9000.0
2021-08-21,NR,North India,Rajasthan,26.91,74.22,48220.0,1326000.0,593000.0
2021-08-21,SR,South India,Tamil Nadu,11.12,78.66,65300.0,962000.0,577000.0
2021-08-21,WR,West India,Gujarat,23.02,72.57,21920.0,1177000.0,1124000.0
2021-08-22,ER,East India,Odisha,20.95,85.09,4280.0,493000.0,468000.0
2021-08-22,NER,NE India,Assam,26.2,92.93,220.0,55000.0,9000.0
2021-08-22,NR,North India,Rajasthan,26.91,74.22,38190.0,1198000.0,543000.0
2021-08-22,SR,South India,Tamil Nadu,11.12,78.66,93890.0,899000.0,544000.0
2021-08-22,WR,West India,Gujarat,23.02,72.57,30080.0,1088000.0,1093000.0
2021-08-23,ER,East India,Odisha,20.95,85.09,5000.0,498000.0,450000.0
2021-08-23,NER,NE India,Assam,26.2,92.93,140.0,55000.0,10000.0
2021-08-23,NR,North India,Rajasthan,26.91,74.22,54040.0,1285000.0,563000.0
2021-08-23,SR,South India,Tamil Nadu,11.12,78.66,98340.0,957000.0,556000.0
2021-08-23,WR,West India,Gujarat,23.02,72.57,34910.0,1193000.0,1149000.0
2021-08-24,ER,East India,Odisha,20.95,85.09,3900.0,510000.0,464000.0
2021-08-24,NER,NE India,Assam,26.2,92.93,180.0,56000.0,17000.0
2021-08-24,NR,North India,Rajasthan,26.91,74.22,55500.0,1382000.0,628000.0
2021-08-24,SR,South India,Tamil Nadu,11.12,78.66,103500.0,1003000.0,550000.0
2021-08-24,WR,West India,Gujarat,23.02,72.57,35410.0,1257000.0,1171000.0
2021-08-25,ER,East India,Odisha,20.95,85.09,4770.0,513000.0,451000.0
2021-08-25,NER,NE India,Assam,26.2,92.93,180.0,57000.0,15000.0
2021-08-25,NR,North India,Rajasthan,26.91,74.22,57020.0,1411000.0,649000.0
2021-08-25,SR,South India,Tamil Nadu,11.12,78.66,88980.0,1021000.0,543000.0
2021-08-25,WR,West India,Gujarat,23.02,72.57,34850.0,1291000.0,1172000.0
2021-08-26,ER,East India,Odisha,20.95,85.09,4540.0,495000.0,462000.0
2021-08-26,NER,NE India,Assam,26.2,92.93,80.0,56000.0,11000.0
2021-08-26,NR,North India,Rajasthan,26.91,74.22,56060.0,1442000.0,627000.0
2021-08-26,SR,South India,Tamil Nadu,11.12,78.66,89240.0,999000.0,525000.0
2021-08-26,WR,West India,Gujarat,23.02,72.57,33030.0,1302000.0,1164000.0
2021-08-27,ER,East India,Odisha,20.95,85.09,4200.0,487000.0,487000.0
2021-08-27,NER,NE India,Assam,26.2,92.93,110.0,55000.0,6000.0
2021-08-27,NR,North India,Rajasthan,26.91,74.22,58790.0,1435000.0,605000.0
2021-08-27,SR,South India,Tamil Nadu,11.12,78.66,78920.0,978000.0,556000.0
2021-08-27,WR,West India,Gujarat,23.02,72.57,34320.0,1318000.0,1181000.0
2021-08-28,ER,East India,Odisha,20.95,85.09,4270.0,484000.0,503000.0
2021-08-28,NER,NE India,Assam,26.2,92.93,250.0,54000.0,6000.0
2021-08-28,NR,North India,Rajasthan,26.91,74.22,57810.0,1444000.0,605000.0
2021-08-28,SR,South India,Tamil Nadu,11.12,78.66,55930.0,926000.0,537000.0
2021-08-28,WR,West India,Gujarat,23.02,72.57,34350.0,1310000.0,1193000.0
2021-08-29,ER,East India,Odisha,20.95,85.09,4320.0,464000.0,496000.0
2021-08-29,NER,NE India,Assam,26.2,92.93,160.0,54000.0,5000.0
2021-08-29,NR,North India,Rajasthan,26.91,74.22,53630.0,1431000.0,606000.0
2021-08-29,SR,South India,Tamil Nadu,11.12,78.66,64450.0,827000.0,499000.0
2021-08-29,WR,West India,Gujarat,23.02,72.57,31700.0,1256000.0,1125000.0
2021-08-30,ER,East India,Odisha,20.95,85.09,4480.0,470000.0,502000.0
2021-08-30,NER,NE India,Assam,26.2,92.93,200.0,54000.0,9000.0
2021-08-30,NR,North India,Rajasthan,26.91,74.22,39170.0,1426000.0,622000.0
2021-08-30,SR,South India,Tamil Nadu,11.12,78.66,61480.0,868000.0,518000.0
2021-08-30,WR,West India,Gujarat,23.02,72.57,26640.0,1210000.0,1102000.0
2021-08-31,ER,East India,Odisha,20.95,85.09,4890.0,483000.0,505000.0
2021-08-31,NER,NE India,Assam,26.2,92.93,250.0,58000.0,9000.0
2021-08-31,NR,North India,Rajasthan,26.91,74.22,54030.0,1387000.0,599000.0
2021-08-31,SR,South India,Tamil Nadu,11.12,78.66,82480.0,905000.0,535000.0
2021-08-31,WR,West India,Gujarat,23.02,72.57,27030.0,1149000.0,1072000.0
2021-09-01,ER,East India,Odisha,20.95,85.09,4930.0,500000.0,515000.0
2021-09-01,NER,NE India,Assam,26.2,92.93,160.0,57000.0,12000.0
2021-09-01,NR,North India,Rajasthan,26.91,74.22,52800.0,1326000.0,598000.0
2021-09-01,SR,South India,Tamil Nadu,11.12,78.66,96620.0,929000.0,521000.0
2021-09-01,WR,West India,Gujarat,23.02,72.57,29380.0,1137000.0,1063000.0
2021-09-02,ER,East India,Odisha,20.95,85.09,5130.0,505000.0,519000.0
2021-09-02,NER,NE India,Assam,26.2,92.93,50.0,54000.0,15000.0
2021-09-02,NR,North India,Rajasthan,26.91,74.22,45260.0,1337000.0,618000.0
2021-09-02,SR,South India,Tamil Nadu,11.12,78.66,80150.0,933000.0,528000.0
2021-09-02,WR,West India,Gujarat,23.02,72.57,31300.0,1156000.0,1064000.0
2021-09-03,ER,East India,Odisha,20.95,85.09,5140.0,518000.0,538000.0
2021-09-03,NER,NE India,Assam,26.2,92.93,270.0,57000.0,11000.0
2021-09-03,NR,North India,Rajasthan,26.91,74.22,35000.0,1294000.0,612000.0
2021-09-03,SR,South India,Tamil Nadu,11.12,78.66,65519.99999999999,904000.0,515000.0
2021-09-03,WR,West India,Gujarat,23.02,72.57,32380.000000000004,1175000.0,1064000.0
2021-09-04,ER,East India,Odisha,20.95,85.09,4790.0,529000.0,528000.0
2021-09-04,NER,NE India,Assam,26.2,92.93,230.0,61000.0,11000.0
2021-09-04,NR,North India,Rajasthan,26.91,74.22,51150.0,1266000.0,569000.0
2021-09-04,SR,South India,Tamil Nadu,11.12,78.66,79740.0,880000.0,476000.0
2021-09-04,WR,West India,Gujarat,23.02,72.57,34430.0,1165000.0,1042000.0
2021-09-05,ER,East India,Odisha,20.95,85.09,4530.0,527000.0,534000.0
2021-09-05,NER,NE India,Assam,26.2,92.93,270.0,59000.0,12000.0
2021-09-05,NR,North India,Rajasthan,26.91,74.22,56760.0,1284000.0,573000.0
2021-09-05,SR,South India,Tamil Nadu,11.12,78.66,80430.0,801000.0,427000.0
2021-09-05,WR,West India,Gujarat,23.02,72.57,31290.0,1124000.0,1024000.0
2021-09-06,ER,East India,Odisha,20.95,85.09,4240.0,515000.0,548000.0
2021-09-06,NER,NE India,Assam,26.2,92.93,230.0,56000.0,13000.0
2021-09-06,NR,North India,Rajasthan,26.91,74.22,51600.0,1391000.0,607000.0
2021-09-06,SR,South India,Tamil Nadu,11.12,78.66,65740.0,828000.0,448000.0
2021-09-06,WR,West India,Gujarat,23.02,72.57,32360.0,1164000.0,1072000.0
2021-09-07,ER,East India,Odisha,20.95,85.09,4260.0,480000.0,523000.0
2021-09-07,NER,NE India,Assam,26.2,92.93,180.0,55000.0,14000.0
2021-09-07,NR,North India,Rajasthan,26.91,74.22,58320.0,1379000.0,578000.0
2021-09-07,SR,South India,Tamil Nadu,11.12,78.66,74130.0,841000.0,417000.0
2021-09-07,WR,West India,Gujarat,23.02,72.57,29270.0,1131000.0,1035000.0
2021-09-08,ER,East India,Odisha,20.95,85.09,4680.0,496000.0,529000.0
2021-09-08,NER,NE India,Assam,26.2,92.93,240.0,57000.0,12000.0
2021-09-08,NR,North India,Rajasthan,26.91,74.22,57080.0,1362000.0,571000.0
2021-09-08,SR,South India,Tamil Nadu,11.12,78.66,90030.0,883000.0,396000.0
2021-09-08,WR,West India,Gujarat,23.02,72.57,28520.0,1117000.0,996000.0
2021-09-09,ER,East India,Odisha,20.95,85.09,4360.0,515000.0,543000.0
2021-09-09,NER,NE India,Assam,26.2,92.93,260.0,59000.0,14000.0
2021-09-09,NR,North India,Rajasthan,26.91,74.22,54470.0,1376000.0,597000.0
2021-09-09,SR,South India,Tamil Nadu,11.12,78.66,103160.0,936000.0,432000.0
2021-09-09,WR,West India,Gujarat,23.02,72.57,23240.0,1091000.0,1017000.0
2021-09-10,ER,East India,Odisha,20.95,85.09,4310.0,528000.0,527000.0
2021-09-10,NER,NE India,Assam,26.2,92.93,330.0,59000.0,13000.0
2021-09-10,NR,North India,Rajasthan,26.91,74.22,50270.0,1292000.0,552000.0
2021-09-10,SR,South India,Tamil Nadu,11.12,78.66,98610.0,934000.0,426000.0
2021-09-10,WR,West India,Gujarat,23.02,72.57,25880.0,1054000.0,993000.0
2021-09-11,ER,East India,Odisha,20.95,85.09,5000.0,497000.0,486000.0
2021-09-11,NER,NE India,Assam,26.2,92.93,280.0,60000.0,11000.0
2021-09-11,NR,North India,Rajasthan,26.91,74.22,43890.0,1107000.0,467000.0
2021-09-11,SR,South India,Tamil Nadu,11.12,78.66,88540.0,955000.0,412000.0
2021-09-11,WR,West India,Gujarat,23.02,72.57,28090.0,1069000.0,959000.0
2021-09-12,ER,East India,Odisha,20.95,85.09,4630.0,474000.0,433000.0
2021-09-12,NER,NE India,Assam,26.2,92.93,410.0,61000.0,10000.0
2021-09-12,NR,North India,Rajasthan,26.91,74.22,48380.0,1054000.0,461000.0
2021-09-12,SR,South India,Tamil Nadu,11.12,78.66,88700.0,923000.0,360000.0
2021-09-12,WR,West India,Gujarat,23.02,72.57,27920.0,1054000.0,868000.0
2021-09-13,ER,East India,Odisha,20.95,85.09,3570.0,455000.0,451000.0
2021-09-13,NER,NE India,Assam,26.2,92.93,260.0,61000.0,11000.0
2021-09-13,NR,North India,Rajasthan,26.91,74.22,51880.0,1140000.0,480000.0
2021-09-13,SR,South India,Tamil Nadu,11.12,78.66,80790.0,975000.0,379000.0
2021-09-13,WR,West India,Gujarat,23.02,72.57,29130.0,1081000.0,894000.0
2021-09-14,ER,East India,Odisha,20.95,85.09,3810.0,422000.0,457000.0
2021-09-14,NER,NE India,Assam,26.2,92.93,270.0,61000.0,12000.0
2021-09-14,NR,North India,Rajasthan,26.91,74.22,47470.0,1124000.0,463000.0
2021-09-14,SR,South India,Tamil Nadu,11.12,78.66,89470.0,998000.0,394000.0
2021-09-14,WR,West India,Gujarat,23.02,72.57,30380.0,1068000.0,904000.0
2021-09-15,ER,East India,Odisha,20.95,85.09,4000.0,428000.0,505000.0
2021-09-15,NER,NE India,Assam,26.2,92.93,310.0,61000.0,12000.0
2021-09-15,NR,North India,Rajasthan,26.91,74.22,56910.0,1135000.0,464000.0
2021-09-15,SR,South India,Tamil Nadu,11.12,78.66,95450.0,1042000.0,435000.0
2021-09-15,WR,West India,Gujarat,23.02,72.57,24920.0,1065000.0,950000.0
2021-09-16,ER,East India,Odisha,20.95,85.09,4380.0,461000.0,498000.0
2021-09-16,NER,NE India,Assam,26.2,92.93,90.0,56000.0,12000.0
2021-09-16,NR,North India,Rajasthan,26.91,74.22,60490.0,1091000.0,471000.0
2021-09-16,SR,South India,Tamil Nadu,11.12,78.66,102860.0,1064000.0,466000.0
2021-09-16,WR,West India,Gujarat,23.02,72.57,28870.0,1072000.0,960000.0
2021-09-17,ER,East India,Odisha,20.95,85.09,4420.0,458000.0,507000.0
2021-09-17,NER,NE India,Assam,26.2,92.93,200.0,53000.0,12000.0
2021-09-17,NR,North India,Rajasthan,26.91,74.22,55380.0,1089000.0,468000.0
2021-09-17,SR,South India,Tamil Nadu,11.12,78.66,104230.0,1091000.0,510000.0
2021-09-17,WR,West India,Gujarat,23.02,72.57,29200.0,1066000.0,984000.0
2021-09-18,ER,East India,Odisha,20.95,85.09,4550.0,467000.0,533000.0
2021-09-18,NER,NE India,Assam,26.2,92.93,150.0,51000.0,13000.0
2021-09-18,NR,North India,Rajasthan,26.91,74.22,58050.0,1172000.0,522000.0
2021-09-18,SR,South India,Tamil Nadu,11.12,78.66,98520.0,1070000.0,541000.0
2021-09-18,WR,West India,Gujarat,23.02,72.57,26910.0,1098000.0,1022000.0
2021-09-19,ER,East India,Odisha,20.95,85.09,4640.0,476000.0,514000.0
2021-09-19,NER,NE India,Assam,26.2,92.93,240.0,53000.0,16000.0
2021-09-19,NR,North India,Rajasthan,26.91,74.22,48290.0,1222000.0,583000.0
2021-09-19,SR,South India,Tamil Nadu,11.12,78.66,96880.0,1031000.0,565000.0
2021-09-19,WR,West India,Gujarat,23.02,72.57,29670.0,1072000.0,1014000.0
2021-09-20,ER,East India,Odisha,20.95,85.09,4500.0,469000.0,499000.0
2021-09-20,NER,NE India,Assam,26.2,92.93,260.0,57000.0,16000.0
2021-09-20,NR,North India,Rajasthan,26.91,74.22,49440.0,1308000.0,631000.0
2021-09-20,SR,South India,Tamil Nadu,11.12,78.66,98990.0,1036000.0,561000.0
2021-09-20,WR,West India,Gujarat,23.02,72.57,28450.0,1124000.0,1031000.0
2021-09-21,ER,East India,Odisha,20.95,85.09,4550.0,464000.0,492000.0
2021-09-21,NER,NE India,Assam,26.2,92.93,240.0,55000.0,12000.0
2021-09-21,NR,North India,Rajasthan,26.91,74.22,37250.0,1283000.0,605000.0
2021-09-21,SR,South India,Tamil Nadu,11.12,78.66,87300.0,1003000.0,536000.0
2021-09-21,WR,West India,Gujarat,23.02,72.57,29160.0,1125000.0,998000.0
2021-09-22,ER,East India,Odisha,20.95,85.09,4490.0,461000.0,483000.0
2021-09-22,NER,NE India,Assam,26.2,92.93,270.0,56000.0,10000.0
2021-09-22,NR,North India,Rajasthan,26.91,74.22,41510.0,1160000.0,544000.0
2021-09-22,SR,South India,Tamil Nadu,11.12,78.66,82890.0,998000.0,522000.0
2021-09-22,WR,West India,Gujarat,23.02,72.57,32509.999999999996,1120000.0,972000.0
2021-09-23,ER,East India,Odisha,20.95,85.09,4590.0,471000.0,484000.0
2021-09-23,NER,NE India,Assam,26.2,92.93,300.0,60000.0,10000.0
2021-09-23,NR,North India,Rajasthan,26.91,74.22,41950.0,1074000.0,527000.0
2021-09-23,SR,South India,Tamil Nadu,11.12,78.66,85470.0,996000.0,536000.0
2021-09-23,WR,West India,Gujarat,23.02,72.57,26760.0,1128000.0,978000.0
2021-09-24,ER,East India,Odisha,20.95,85.09,4720.0,493000.0,493000.0
2021-09-24,NER,NE India,Assam,26.2,92.93,300.0,61000.0,10000.0
2021-09-24,NR,North India,Rajasthan,26.91,74.22,36160.0,1056000.0,541000.0
2021-09-24,SR,South India,Tamil Nadu,11.12,78.66,214490.0,996000.0,537000.0
2021-09-24,WR,West India,Gujarat,23.02,72.57,29130.0,1121000.0,989000.0
2021-09-25,ER,East India,Odisha,20.95,85.09,4800.0,505000.0,493000.0
2021-09-25,NER,NE India,Assam,26.2,92.93,330.0,61000.0,10000.0
2021-09-25,NR,North India,Rajasthan,26.91,74.22,56200.0,1092000.0,549000.0
2021-09-25,SR,South India,Tamil Nadu,11.12,78.66,97060.0,1009000.0,516000.0
2021-09-25,WR,West India,Gujarat,23.02,72.57,31750.0,1125000.0,965000.0
2021-09-26,ER,East India,Odisha,20.95,85.09,4500.0,491000.0,483000.0
2021-09-26,NER,NE India,Assam,26.2,92.93,330.0,58000.0,10000.0
2021-09-26,NR,North India,Rajasthan,26.91,74.22,58500.0,1090000.0,542000.0
2021-09-26,SR,South India,Tamil Nadu,11.12,78.66,83570.0,926000.0,487000.0
2021-09-26,WR,West India,Gujarat,23.02,72.57,29520.0,1085000.0,940000.0
2021-09-27,ER,East India,Odisha,20.95,85.09,4310.0,486000.0,482000.0
2021-09-27,NER,NE India,Assam,26.2,92.93,310.0,58000.0,10000.0
2021-09-27,NR,North India,Rajasthan,26.91,74.22,54130.0,1173000.0,557000.0
2021-09-27,SR,South India,Tamil Nadu,11.12,78.66,65260.00000000001,897000.0,488000.0
2021-09-27,WR,West India,Gujarat,23.02,72.57,26310.0,1105000.0,968000.0
2021-09-28,ER,East India,Odisha,20.95,85.09,4580.0,465000.0,469000.0
2021-09-28,NER,NE India,Assam,26.2,92.93,300.0,56000.0,10000.0
2021-09-28,NR,North India,Rajasthan,26.91,74.22,61700.0,1219000.0,562000.0
2021-09-28,SR,South India,Tamil Nadu,11.12,78.66,78600.0,922000.0,451000.0
2021-09-28,WR,West India,Gujarat,23.02,72.57,31120.0,1093000.0,952000.0
2021-09-29,ER,East India,Odisha,20.95,85.09,4390.0,441000.0,468000.0
2021-09-29,NER,NE India,Assam,26.2,92.93,120.0,55000.0,10000.0
2021-09-29,NR,North India,Rajasthan,26.91,74.22,58680.0,1252000.0,568000.0
2021-09-29,SR,South India,Tamil Nadu,11.12,78.66,94900.0,965000.0,456000.0
2021-09-29,WR,West India,Gujarat,23.02,72.57,24920.0,1080000.0,943000.0
2021-09-30,ER,East India,Odisha,20.95,85.09,4040.0,429000.0,465000.0
2021-09-30,NER,NE India,Assam,26.2,92.93,260.0,58000.0,11000.0
2021-09-30,NR,North India,Rajasthan,26.91,74.22,54790.0,1264000.0,609000.0
2021-09-30,SR,South India,Tamil Nadu,11.12,78.66,92330.0,1000000.0,481000.0
2021-09-30,WR,West India,Gujarat,23.02,72.57,28720.0,1102000.0,965000.0
2021-10-01,ER,East India,Odisha,20.95,85.09,4480.0,429000.0,465000.0
2021-10-01,NER,NE India,Assam,26.2,92.93,310.0,59000.0,11000.0
2021-10-01,NR,North India,Rajasthan,26.91,74.22,55330.0,1233000.0,622000.0
2021-10-01,SR,South India,Tamil Nadu,11.12,78.66,86500.0,982000.0,487000.0
2021-10-01,WR,West India,Gujarat,23.02,72.57,38710.0,1117000.0,1032000.0
2021-10-02,ER,East India,Odisha,20.95,85.09,4390.0,439000.0,456000.0
2021-10-02,NER,NE India,Assam,26.2,92.93,240.0,57000.0,11000.0
2021-10-02,NR,North India,Rajasthan,26.91,74.22,60690.0,1148000.0,602000.0
2021-10-02,SR,South India,Tamil Nadu,11.12,78.66,91910.0,909000.0,461000.0
2021-10-02,WR,West India,Gujarat,23.02,72.57,35100.0,1097000.0,975000.0
2021-10-03,ER,East India,Odisha,20.95,85.09,4600.0,434000.0,458000.0
2021-10-03,NER,NE India,Assam,26.2,92.93,160.0,51000.0,11000.0
2021-10-03,NR,North India,Rajasthan,26.91,74.22,65590.0,1163000.0,566000.0
2021-10-03,SR,South India,Tamil Nadu,11.12,78.66,98240.0,885000.0,467000.0
2021-10-03,WR,West India,Gujarat,23.02,72.57,39950.0,1104000.0,961000.0
2021-10-04,ER,East India,Odisha,20.95,85.09,4900.0,450000.0,476000.0
2021-10-04,NER,NE India,Assam,26.2,92.93,150.0,50000.0,11000.0
2021-10-04,NR,North India,Rajasthan,26.91,74.22,64739.99999999999,1209000.0,579000.0
2021-10-04,SR,South India,Tamil Nadu,11.12,78.66,95460.0,958000.0,508000.0
2021-10-04,WR,West India,Gujarat,23.02,72.57,38260.0,1158000.0,1018000.0
2021-10-05,ER,East India,Odisha,20.95,85.09,4620.0,466000.0,481000.0
2021-10-05,NER,NE India,Assam,26.2,92.93,160.0,52000.0,11000.0
2021-10-05,NR,North India,Rajasthan,26.91,74.22,62290.0,1201000.0,584000.0
2021-10-05,SR,South India,Tamil Nadu,11.12,78.66,83030.0,954000.0,509000.0
2021-10-05,WR,West India,Gujarat,23.02,72.57,37480.0,1157000.0,1063000.0
2021-10-06,ER,East India,Odisha,20.95,85.09,4610.0,479000.0,476000.0
2021-10-06,NER,NE India,Assam,26.2,92.93,280.0,57000.0,12000.0
2021-10-06,NR,North India,Rajasthan,26.91,74.22,59630.0,1208000.0,604000.0
2021-10-06,SR,South India,Tamil Nadu,11.12,78.66,76750.0,925000.0,517000.0
2021-10-06,WR,West India,Gujarat,23.02,72.57,39540.0,1175000.0,1078000.0
2021-10-07,ER,East India,Odisha,20.95,85.09,4680.0,488000.0,480000.0
2021-10-07,NER,NE India,Assam,26.2,92.93,270.0,60000.0,11000.0
2021-10-07,NR,North India,Rajasthan,26.91,74.22,63530.0,1192000.0,589000.0
2021-10-07,SR,South India,Tamil Nadu,11.12,78.66,86900.0,947000.0,530000.0
2021-10-07,WR,West India,Gujarat,23.02,72.57,38000.0,1201000.0,1092000.0
2021-10-08,ER,East India,Odisha,20.95,85.09,4740.0,489000.0,484000.0
2021-10-08,NER,NE India,Assam,26.2,92.93,240.0,60000.0,11000.0
2021-10-08,NR,North India,Rajasthan,26.91,74.22,63510.0,1197000.0,589000.0
2021-10-08,SR,South India,Tamil Nadu,11.12,78.66,83010.0,952000.0,527000.0
2021-10-08,WR,West India,Gujarat,23.02,72.57,39700.0,1202000.0,1114000.0
2021-10-09,ER,East India,Odisha,20.95,85.09,4710.0,493000.0,468000.0
2021-10-09,NER,NE India,Assam,26.2,92.93,240.0,59000.0,10000.0
2021-10-09,NR,North India,Rajasthan,26.91,74.22,65069.99999999999,1187000.0,576000.0
2021-10-09,SR,South India,Tamil Nadu,11.12,78.66,73340.0,898000.0,503000.0
2021-10-09,WR,West India,Gujarat,23.02,72.57,37480.0,1191000.0,1102000.0
2021-10-10,ER,East India,Odisha,20.95,85.09,4950.0,491000.0,477000.0
2021-10-10,NER,NE India,Assam,26.2,92.93,270.0,58000.0,9000.0
2021-10-10,NR,North India,Rajasthan,26.91,74.22,66300.0,1202000.0,566000.0
2021-10-10,SR,South India,Tamil Nadu,11.12,78.66,93700.0,859000.0,485000.0
2021-10-10,WR,West India,Gujarat,23.02,72.57,38000.0,1162000.0,1055000.0
2021-10-11,ER,East India,Odisha,20.95,85.09,3950.0,501000.0,475000.0
2021-10-11,NER,NE India,Assam,26.2,92.93,300.0,60000.0,10000.0
2021-10-11,NR,North India,Rajasthan,26.91,74.22,63860.0,1217000.0,599000.0
2021-10-11,SR,South India,Tamil Nadu,11.12,78.66,88640.0,912000.0,526000.0
2021-10-11,WR,West India,Gujarat,23.02,72.57,40530.0,1199000.0,1090000.0
2021-10-12,ER,East India,Odisha,20.95,85.09,5030.0,480000.0,456000.0
2021-10-12,NER,NE India,Assam,26.2,92.93,300.0,63000.0,10000.0
2021-10-12,NR,North India,Rajasthan,26.91,74.22,61300.0,1239000.0,629000.0
2021-10-12,SR,South India,Tamil Nadu,11.12,78.66,96910.0,921000.0,523000.0
2021-10-12,WR,West India,Gujarat,23.02,72.57,41210.0,1215000.0,1110000.0
2021-10-13,ER,East India,Odisha,20.95,85.09,4510.0,480000.0,485000.0
2021-10-13,NER,NE India,Assam,26.2,92.93,230.0,60000.0,11000.0
2021-10-13,NR,North India,Rajasthan,26.91,74.22,63880.0,1215000.0,617000.0
2021-10-13,SR,South India,Tamil Nadu,11.12,78.66,94640.0,925000.0,512000.0
2021-10-13,WR,West India,Gujarat,23.02,72.57,38480.0,1225000.0,1127000.0
2021-10-14,ER,East India,Odisha,20.95,85.09,4530.0,465000.0,499000.0
2021-10-14,NER,NE India,Assam,26.2,92.93,310.0,57000.0,10000.0
2021-10-14,NR,North India,Rajasthan,26.91,74.22,65300.0,1185000.0,591000.0
2021-10-14,SR,South India,Tamil Nadu,11.12,78.66,92420.0,901000.0,512000.0
2021-10-14,WR,West India,Gujarat,23.02,72.57,42560.0,1231000.0,1109000.0
2021-10-15,ER,East India,Odisha,20.95,85.09,4450.0,466000.0,491000.0
2021-10-15,NER,NE India,Assam,26.2,92.93,310.0,55000.0,10000.0
2021-10-15,NR,North India,Rajasthan,26.91,74.22,66920.0,1123000.0,571000.0
2021-10-15,SR,South India,Tamil Nadu,11.12,78.66,93750.0,893000.0,507000.0
2021-10-15,WR,West India,Gujarat,23.02,72.57,42920.0,1146000.0,1064000.0
2021-10-16,ER,East India,Odisha,20.95,85.09,4480.0,454000.0,491000.0
2021-10-16,NER,NE India,Assam,26.2,92.93,290.0,58000.0,11000.0
2021-10-16,NR,North India,Rajasthan,26.91,74.22,65530.0,1134000.0,588000.0
2021-10-16,SR,South India,Tamil Nadu,11.12,78.66,80460.0,879000.0,496000.0
2021-10-16,WR,West India,Gujarat,23.02,72.57,36600.0,1187000.0,1125000.0
2021-10-17,ER,East India,Odisha,20.95,85.09,4210.0,446000.0,469000.0
2021-10-17,NER,NE India,Assam,26.2,92.93,260.0,56000.0,11000.0
2021-10-17,NR,North India,Rajasthan,26.91,74.22,56310.0,1050000.0,521000.0
2021-10-17,SR,South India,Tamil Nadu,11.12,78.66,77010.0,835000.0,449000.0
2021-10-17,WR,West India,Gujarat,23.02,72.57,34840.0,1174000.0,1053000.0
2021-10-18,ER,East India,Odisha,20.95,85.09,4130.0,427000.0,440000.0
2021-10-18,NER,NE India,Assam,26.2,92.93,280.0,56000.0,10000.0
2021-10-18,NR,North India,Rajasthan,26.91,74.22,50550.0,960000.0,470000.0
2021-10-18,SR,South India,Tamil Nadu,11.12,78.66,99700.0,916000.0,443000.0
2021-10-18,WR,West India,Gujarat,23.02,72.57,39010.0,1177000.0,1011000.0
2021-10-19,ER,East India,Odisha,20.95,85.09,4140.0,416000.0,457000.0
2021-10-19,NER,NE India,Assam,26.2,92.93,150.0,53000.0,12000.0
2021-10-19,NR,North India,Rajasthan,26.91,74.22,55040.0,971000.0,510000.0
2021-10-19,SR,South India,Tamil Nadu,11.12,78.66,98980.0,968000.0,455000.0
2021-10-19,WR,West India,Gujarat,23.02,72.57,39920.0,1173000.0,1062000.0
2021-10-20,ER,East India,Odisha,20.95,85.09,4730.0,425000.0,484000.0
2021-10-20,NER,NE India,Assam,26.2,92.93,150.0,51000.0,14000.0
2021-10-20,NR,North India,Rajasthan,26.91,74.22,65880.0,1005000.0,523000.0
2021-10-20,SR,South India,Tamil Nadu,11.12,78.66,85010.0,978000.0,474000.0
2021-10-20,WR,West India,Gujarat,23.02,72.57,41900.0,1182000.0,1092000.0
2021-10-21,ER,East India,Odisha,20.95,85.09,4960.0,440000.0,455000.0
2021-10-21,NER,NE India,Assam,26.2,92.93,190.0,51000.0,12000.0
2021-10-21,NR,North India,Rajasthan,26.91,74.22,66850.0,1000000.0,521000.0
2021-10-21,SR,South India,Tamil Nadu,11.12,78.66,88630.0,965000.0,483000.0
2021-10-21,WR,West India,Gujarat,23.02,72.57,46050.0,1184000.0,1082000.0
2021-10-22,ER,East India,Odisha,20.95,85.09,4700.0,439000.0,456000.0
2021-10-22,NER,NE India,Assam,26.2,92.93,230.0,50000.0,11000.0
2021-10-22,NR,North India,Rajasthan,26.91,74.22,66380.0,992000.0,522000.0
2021-10-22,SR,South India,Tamil Nadu,11.12,78.66,91850.0,978000.0,463000.0
2021-10-22,WR,West India,Gujarat,23.02,72.57,45630.0,1229000.0,1110000.0
2021-10-23,ER,East India,Odisha,20.95,85.09,4760.0,435000.0,467000.0
2021-10-23,NER,NE India,Assam,26.2,92.93,260.0,50000.0,12000.0
2021-10-23,NR,North India,Rajasthan,26.91,74.22,59990.0,967000.0,491000.0
2021-10-23,SR,South India,Tamil Nadu,11.12,78.66,84140.0,968000.0,452000.0
2021-10-23,WR,West India,Gujarat,23.02,72.57,40560.0,1203000.0,1098000.0
2021-10-24,ER,East India,Odisha,20.95,85.09,4670.0,434000.0,446000.0
2021-10-24,NER,NE India,Assam,26.2,92.93,280.0,49000.0,11000.0
2021-10-24,NR,North India,Rajasthan,26.91,74.22,51830.0,875000.0,464000.0
2021-10-24,SR,South India,Tamil Nadu,11.12,78.66,84070.0,884000.0,418000.0
2021-10-24,WR,West India,Gujarat,23.02,72.57,39930.0,1184000.0,1072000.0
2021-10-25,ER,East India,Odisha,20.95,85.09,4620.0,436000.0,491000.0
2021-10-25,NER,NE India,Assam,26.2,92.93,260.0,50000.0,11000.0
2021-10-25,NR,North India,Rajasthan,26.91,74.22,68210.0,902000.0,470000.0
2021-10-25,SR,South India,Tamil Nadu,11.12,78.66,90600.0,934000.0,467000.0
2021-10-25,WR,West India,Gujarat,23.02,72.57,38120.0,1208000.0,1080000.0
2021-10-26,ER,East India,Odisha,20.95,85.09,4750.0,448000.0,520000.0
2021-10-26,NER,NE India,Assam,26.2,92.93,240.0,51000.0,11000.0
2021-10-26,NR,North India,Rajasthan,26.91,74.22,63590.0,930000.0,471000.0
2021-10-26,SR,South India,Tamil Nadu,11.12,78.66,97190.0,950000.0,465000.0
2021-10-26,WR,West India,Gujarat,23.02,72.57,39500.0,1227000.0,1119000.0
2021-10-27,ER,East India,Odisha,20.95,85.09,4720.0,449000.0,518000.0
2021-10-27,NER,NE India,Assam,26.2,92.93,280.0,51000.0,11000.0
2021-10-27,NR,North India,Rajasthan,26.91,74.22,58730.0,916000.0,459000.0
2021-10-27,SR,South India,Tamil Nadu,11.12,78.66,100940.0,957000.0,467000.0
2021-10-27,WR,West India,Gujarat,23.02,72.57,41530.0,1225000.0,1110000.0
2021-10-28,ER,East India,Odisha,20.95,85.09,4920.0,437000.0,503000.0
2021-10-28,NER,NE India,Assam,26.2,92.93,280.0,51000.0,10000.0
2021-10-28,NR,North India,Rajasthan,26.91,74.22,62930.0,912000.0,451000.0
2021-10-28,SR,South India,Tamil Nadu,11.12,78.66,95220.0,959000.0,463000.0
2021-10-28,WR,West India,Gujarat,23.02,72.57,43160.0,1223000.0,1108000.0
2021-10-29,ER,East India,Odisha,20.95,85.09,4660.0,433000.0,510000.0
2021-10-29,NER,NE India,Assam,26.2,92.93,300.0,50000.0,11000.0
2021-10-29,NR,North India,Rajasthan,26.91,74.22,65090.0,919000.0,458000.0
2021-10-29,SR,South India,Tamil Nadu,11.12,78.66,58790.0,939000.0,466000.0
2021-10-29,WR,West India,Gujarat,23.02,72.57,42600.0,1214000.0,1123000.0
2021-10-30,ER,East India,Odisha,20.95,85.09,4390.0,425000.0,513000.0
2021-10-30,NER,NE India,Assam,26.2,92.93,290.0,50000.0,10000.0
2021-10-30,NR,North India,Rajasthan,26.91,74.22,67320.0,905000.0,450000.0
2021-10-30,SR,South India,Tamil Nadu,11.12,78.66,75780.0,902000.0,437000.0
2021-10-30,WR,West India,Gujarat,23.02,72.57,42700.0,1211000.0,1103000.0
2021-10-31,ER,East India,Odisha,20.95,85.09,4490.0,408000.0,483000.0
2021-10-31,NER,NE India,Assam,26.2,92.93,280.0,47000.0,11000.0
2021-10-31,NR,North India,Rajasthan,26.91,74.22,65440.0,879000.0,424000.0
2021-10-31,SR,South India,Tamil Nadu,11.12,78.66,73010.0,855000.0,424000.0
2021-10-31,WR,West India,Gujarat,23.02,72.57,43650.0,1192000.0,1107000.0
2021-11-01,ER,East India,Odisha,20.95,85.09,4680.0,409000.0,506000.0
2021-11-01,NER,NE India,Assam,26.2,92.93,290.0,46000.0,11000.0
2021-11-01,NR,North India,Rajasthan,26.91,74.22,64440.0,908000.0,454000.0
2021-11-01,SR,South India,Tamil Nadu,11.12,78.66,59470.0,849000.0,443000.0
2021-11-01,WR,West India,Gujarat,23.02,72.57,42370.0,1213000.0,1106000.0
2021-11-02,ER,East India,Odisha,20.95,85.09,4530.0,410000.0,508000.0
2021-11-02,NER,NE India,Assam,26.2,92.93,300.0,47000.0,12000.0
2021-11-02,NR,North India,Rajasthan,26.91,74.22,55090.0,926000.0,470000.0
2021-11-02,SR,South India,Tamil Nadu,11.12,78.66,68740.0,851000.0,439000.0
2021-11-02,WR,West India,Gujarat,23.02,72.57,41500.0,1224000.0,1128000.0
2021-11-03,ER,East India,Odisha,20.95,85.09,4620.0,419000.0,513000.0
2021-11-03,NER,NE India,Assam,26.2,92.93,300.0,47000.0,11000.0
2021-11-03,NR,North India,Rajasthan,26.91,74.22,58730.0,915000.0,460000.0
2021-11-03,SR,South India,Tamil Nadu,11.12,78.66,66900.0,826000.0,432000.0
2021-11-03,WR,West India,Gujarat,23.02,72.57,41440.0,1185000.0,1077000.0
2021-11-04,ER,East India,Odisha,20.95,85.09,4850.0,416000.0,463000.0
2021-11-04,NER,NE India,Assam,26.2,92.93,290.0,45000.0,10000.0
2021-11-04,NR,North India,Rajasthan,26.91,74.22,59920.0,820000.0,415000.0
2021-11-04,SR,South India,Tamil Nadu,11.12,78.66,71180.0,732000.0,374000.0
2021-11-04,WR,West India,Gujarat,23.02,72.57,38980.0,1058000.0,952000.0
2021-11-05,ER,East India,Odisha,20.95,85.09,4860.0,406000.0,453000.0
2021-11-05,NER,NE India,Assam,26.2,92.93,310.0,44000.0,8000.0
2021-11-05,NR,North India,Rajasthan,26.91,74.22,54460.0,757000.0,385000.0
2021-11-05,SR,South India,Tamil Nadu,11.12,78.66,79630.0,746000.0,359000.0
2021-11-05,WR,West India,Gujarat,23.02,72.57,38580.0,995000.0,867000.0
2021-11-06,ER,East India,Odisha,20.95,85.09,5280.0,391000.0,491000.0
2021-11-06,NER,NE India,Assam,26.2,92.93,310.0,44000.0,6000.0
2021-11-06,NR,North India,Rajasthan,26.91,74.22,56470.0,809000.0,398000.0
2021-11-06,SR,South India,Tamil Nadu,11.12,78.66,87500.0,793000.0,370000.0
2021-11-06,WR,West India,Gujarat,23.02,72.57,36230.0,1034000.0,909000.0
2021-11-07,ER,East India,Odisha,20.95,85.09,4730.0,377000.0,507000.0
2021-11-07,NER,NE India,Assam,26.2,92.93,310.0,43000.0,7000.0
2021-11-07,NR,North India,Rajasthan,26.91,74.22,54830.0,832000.0,416000.0
2021-11-07,SR,South India,Tamil Nadu,11.12,78.66,64410.0,769000.0,371000.0
2021-11-07,WR,West India,Gujarat,23.02,72.57,36360.0,1070000.0,929000.0
2021-11-08,ER,East India,Odisha,20.95,85.09,4700.0,389000.0,537000.0
2021-11-08,NER,NE India,Assam,26.2,92.93,320.0,44000.0,10000.0
2021-11-08,NR,North India,Rajasthan,26.91,74.22,56300.0,883000.0,439000.0
2021-11-08,SR,South India,Tamil Nadu,11.12,78.66,65500.0,807000.0,413000.0
2021-11-08,WR,West India,Gujarat,23.02,72.57,39970.0,1138000.0,997000.0
2021-11-09,ER,East India,Odisha,20.95,85.09,4710.0,395000.0,524000.0
2021-11-09,NER,NE India,Assam,26.2,92.93,330.0,46000.0,13000.0
2021-11-09,NR,North India,Rajasthan,26.91,74.22,55770.0,923000.0,472000.0
2021-11-09,SR,South India,Tamil Nadu,11.12,78.66,72800.0,822000.0,431000.0
2021-11-09,WR,West India,Gujarat,23.02,72.57,41050.0,1185000.0,1072000.0
2021-11-10,ER,East India,Odisha,20.95,85.09,4650.0,392000.0,527000.0
2021-11-10,NER,NE India,Assam,26.2,92.93,310.0,46000.0,12000.0
2021-11-10,NR,North India,Rajasthan,26.91,74.22,52760.0,931000.0,501000.0
2021-11-10,SR,South India,Tamil Nadu,11.12,78.66,72130.0,828000.0,447000.0
2021-11-10,WR,West India,Gujarat,23.02,72.57,40480.0,1206000.0,1089000.0
2021-11-11,ER,East India,Odisha,20.95,85.09,4610.0,388000.0,521000.0
2021-11-11,NER,NE India,Assam,26.2,92.93,310.0,47000.0,11000.0
2021-11-11,NR,North India,Rajasthan,26.91,74.22,58290.0,928000.0,506000.0
2021-11-11,SR,South India,Tamil Nadu,11.12,78.66,45320.0,778000.0,400000.0
2021-11-11,WR,West India,Gujarat,23.02,72.57,38570.0,1219000.0,1075000.0
2021-11-12,ER,East India,Odisha,20.95,85.09,4580.0,395000.0,531000.0
2021-11-12,NER,NE India,Assam,26.2,92.93,290.0,46000.0,13000.0
2021-11-12,NR,North India,Rajasthan,26.91,74.22,57950.0,944000.0,502000.0
2021-11-12,SR,South India,Tamil Nadu,11.12,78.66,41880.0,788000.0,405000.0
2021-11-12,WR,West India,Gujarat,23.02,72.57,37130.0,1234000.0,1079000.0
2021-11-13,ER,East India,Odisha,20.95,85.09,4019.9999999999995,389000.0,530000.0
2021-11-13,NER,NE India,Assam,26.2,92.93,290.0,45000.0,13000.0
2021-11-13,NR,North India,Rajasthan,26.91,74.22,56720.0,926000.0,487000.0
2021-11-13,SR,South India,Tamil Nadu,11.12,78.66,60580.0,799000.0,424000.0
2021-11-13,WR,West India,Gujarat,23.02,72.57,34690.0,1250000.0,1115000.0
2021-11-14,ER,East India,Odisha,20.95,85.09,4730.0,379000.0,521000.0
2021-11-14,NER,NE India,Assam,26.2,92.93,240.0,43000.0,11000.0
2021-11-14,NR,North India,Rajasthan,26.91,74.22,57970.0,904000.0,463000.0
2021-11-14,SR,South India,Tamil Nadu,11.12,78.66,64569.99999999999,755000.0,415000.0
2021-11-14,WR,West India,Gujarat,23.02,72.57,33850.0,1243000.0,1113000.0
2021-11-15,ER,East India,Odisha,20.95,85.09,4500.0,381000.0,529000.0
2021-11-15,NER,NE India,Assam,26.2,92.93,240.0,43000.0,14000.0
2021-11-15,NR,North India,Rajasthan,26.91,74.22,55900.0,925000.0,476000.0
2021-11-15,SR,South India,Tamil Nadu,11.12,78.66,70670.0,802000.0,405000.0
2021-11-15,WR,West India,Gujarat,23.02,72.57,34600.0,1281000.0,1159000.0
2021-11-16,ER,East India,Odisha,20.95,85.09,4640.0,383000.0,526000.0
2021-11-16,NER,NE India,Assam,26.2,92.93,270.0,45000.0,12000.0
2021-11-16,NR,North India,Rajasthan,26.91,74.22,57340.0,946000.0,488000.0
2021-11-16,SR,South India,Tamil Nadu,11.12,78.66,67780.0,809000.0,406000.0
2021-11-16,WR,West India,Gujarat,23.02,72.57,34360.0,1283000.0,1146000.0
2021-11-17,ER,East India,Odisha,20.95,85.09,4470.0,380000.0,531000.0
2021-11-17,NER,NE India,Assam,26.2,92.93,280.0,45000.0,14000.0
2021-11-17,NR,North India,Rajasthan,26.91,74.22,52620.0,949000.0,505000.0
2021-11-17,SR,South India,Tamil Nadu,11.12,78.66,58330.0,808000.0,414000.0
2021-11-17,WR,West India,Gujarat,23.02,72.57,27430.0,1276000.0,1153000.0
2021-11-18,ER,East India,Odisha,20.95,85.09,4720.0,378000.0,540000.0
2021-11-18,NER,NE India,Assam,26.2,92.93,300.0,45000.0,14000.0
2021-11-18,NR,North India,Rajasthan,26.91,74.22,50730.0,936000.0,505000.0
2021-11-18,SR,South India,Tamil Nadu,11.12,78.66,35870.0,787000.0,393000.0
2021-11-18,WR,West India,Gujarat,23.02,72.57,20090.0,1265000.0,1177000.0
2021-11-19,ER,East India,Odisha,20.95,85.09,5230.0,380000.0,525000.0
2021-11-19,NER,NE India,Assam,26.2,92.93,300.0,45000.0,11000.0
2021-11-19,NR,North India,Rajasthan,26.91,74.22,51630.0,921000.0,488000.0
2021-11-19,SR,South India,Tamil Nadu,11.12,78.66,41870.0,768000.0,381000.0
2021-11-19,WR,West India,Gujarat,23.02,72.57,20020.0,1213000.0,1140000.0
2021-11-20,ER,East India,Odisha,20.95,85.09,4430.0,378000.0,523000.0
2021-11-20,NER,NE India,Assam,26.2,92.93,280.0,45000.0,11000.0
2021-11-20,NR,North India,Rajasthan,26.91,74.22,47220.0,935000.0,510000.0
2021-11-20,SR,South India,Tamil Nadu,11.12,78.66,59480.0,758000.0,389000.0
2021-11-20,WR,West India,Gujarat,23.02,72.57,28600.0,1225000.0,1105000.0
2021-11-21,ER,East India,Odisha,20.95,85.09,4450.0,371000.0,501000.0
2021-11-21,NER,NE India,Assam,26.2,92.93,250.0,43000.0,10000.0
2021-11-21,NR,North India,Rajasthan,26.91,74.22,54990.0,887000.0,467000.0
2021-11-21,SR,South India,Tamil Nadu,11.12,78.66,65630.0,716000.0,380000.0
2021-11-21,WR,West India,Gujarat,23.02,72.57,32800.0,1191000.0,1063000.0
2021-11-22,ER,East India,Odisha,20.95,85.09,4200.0,380000.0,536000.0
2021-11-22,NER,NE India,Assam,26.2,92.93,140.0,44000.0,11000.0
2021-11-22,NR,North India,Rajasthan,26.91,74.22,60900.0,920000.0,489000.0
2021-11-22,SR,South India,Tamil Nadu,11.12,78.66,83660.0,782000.0,396000.0
2021-11-22,WR,West India,Gujarat,23.02,72.57,35290.0,1230000.0,1151000.0
2021-11-23,ER,East India,Odisha,20.95,85.09,4460.0,382000.0,548000.0
2021-11-23,NER,NE India,Assam,26.2,92.93,140.0,45000.0,12000.0
2021-11-23,NR,North India,Rajasthan,26.91,74.22,61340.0,938000.0,508000.0
2021-11-23,SR,South India,Tamil Nadu,11.12,78.66,84260.0,804000.0,414000.0
2021-11-23,WR,West India,Gujarat,23.02,72.57,38200.0,1265000.0,1213000.0
2021-11-24,ER,East India,Odisha,20.95,85.09,4800.0,378000.0,549000.0
2021-11-24,NER,NE India,Assam,26.2,92.93,390.0,46000.0,13000.0
2021-11-24,NR,North India,Rajasthan,26.91,74.22,59780.0,959000.0,513000.0
2021-11-24,SR,South India,Tamil Nadu,11.12,78.66,74620.0,809000.0,424000.0
2021-11-24,WR,West India,Gujarat,23.02,72.57,41530.0,1272000.0,1221000.0
2021-11-25,ER,East India,Odisha,20.95,85.09,4750.0,388000.0,541000.0
2021-11-25,NER,NE India,Assam,26.2,92.93,230.0,45000.0,12000.0
2021-11-25,NR,North India,Rajasthan,26.91,74.22,60560.0,963000.0,501000.0
2021-11-25,SR,South India,Tamil Nadu,11.12,78.66,76010.0,802000.0,417000.0
2021-11-25,WR,West India,Gujarat,23.02,72.57,41890.0,1275000.0,1236000.0
2021-11-26,ER,East India,Odisha,20.95,85.09,4670.0,390000.0,527000.0
2021-11-26,NER,NE India,Assam,26.2,92.93,250.0,45000.0,12000.0
2021-11-26,NR,North India,Rajasthan,26.91,74.22,58500.0,977000.0,510000.0
2021-11-26,SR,South India,Tamil Nadu,11.12,78.66,78680.0,798000.0,410000.0
2021-11-26,WR,West India,Gujarat,23.02,72.57,40910.0,1277000.0,1263000.0
2021-11-27,ER,East India,Odisha,20.95,85.09,4720.0,386000.0,508000.0
2021-11-27,NER,NE India,Assam,26.2,92.93,280.0,44000.0,12000.0
2021-11-27,NR,North India,Rajasthan,26.91,74.22,59350.0,971000.0,522000.0
2021-11-27,SR,South India,Tamil Nadu,11.12,78.66,69340.0,785000.0,390000.0
2021-11-27,WR,West India,Gujarat,23.02,72.57,40490.0,1273000.0,1258000.0
2021-11-28,ER,East India,Odisha,20.95,85.09,4820.0,372000.0,478000.0
2021-11-28,NER,NE India,Assam,26.2,92.93,290.0,42000.0,10000.0
2021-11-28,NR,North India,Rajasthan,26.91,74.22,55180.0,938000.0,515000.0
2021-11-28,SR,South India,Tamil Nadu,11.12,78.66,45270.0,722000.0,357000.0
2021-11-28,WR,West India,Gujarat,23.02,72.57,40360.0,1237000.0,1177000.0
2021-11-29,ER,East India,Odisha,20.95,85.09,4450.0,374000.0,503000.0
2021-11-29,NER,NE India,Assam,26.2,92.93,280.0,43000.0,12000.0
2021-11-29,NR,North India,Rajasthan,26.91,74.22,57500.0,964000.0,519000.0
2021-11-29,SR,South India,Tamil Nadu,11.12,78.66,46800.0,755000.0,364000.0
2021-11-29,WR,West India,Gujarat,23.02,72.57,36640.0,1255000.0,1181000.0
2021-11-30,ER,East India,Odisha,20.95,85.09,4800.0,374000.0,509000.0
2021-11-30,NER,NE India,Assam,26.2,92.93,300.0,43000.0,12000.0
2021-11-30,NR,North India,Rajasthan,26.91,74.22,55770.0,978000.0,529000.0
2021-11-30,SR,South India,Tamil Nadu,11.12,78.66,68360.0,768000.0,370000.0
2021-11-30,WR,West India,Gujarat,23.02,72.57,29500.0,1255000.0,1169000.0
2021-12-01,ER,East India,Odisha,20.95,85.09,4890.0,367000.0,509000.0
2021-12-01,NER,NE India,Assam,26.2,92.93,20.0,44000.0,13000.0
2021-12-01,NR,North India,Rajasthan,26.91,74.22,32380.000000000004,971000.0,512000.0
2021-12-01,SR,South India,Tamil Nadu,11.12,78.66,73840.0,789000.0,374000.0
2021-12-01,WR,West India,Gujarat,23.02,72.57,15940.0,1182000.0,1146000.0
2021-12-02,ER,East India,Odisha,20.95,85.09,4870.0,366000.0,491000.0
2021-12-02,NER,NE India,Assam,26.2,92.93,290.0,44000.0,12000.0
2021-12-02,NR,North India,Rajasthan,26.91,74.22,40060.0,959000.0,498000.0
2021-12-02,SR,South India,Tamil Nadu,11.12,78.66,73790.0,808000.0,374000.0
2021-12-02,WR,West India,Gujarat,23.02,72.57,16690.0,1103000.0,1128000.0
2021-12-03,ER,East India,Odisha,20.95,85.09,4530.0,371000.0,496000.0
2021-12-03,NER,NE India,Assam,26.2,92.93,280.0,45000.0,13000.0
2021-12-03,NR,North India,Rajasthan,26.91,74.22,56940.0,957000.0,483000.0
2021-12-03,SR,South India,Tamil Nadu,11.12,78.66,79440.0,827000.0,387000.0
2021-12-03,WR,West India,Gujarat,23.02,72.57,30100.0,1139000.0,1165000.0
2021-12-04,ER,East India,Odisha,20.95,85.09,4510.0,367000.0,512000.0
2021-12-04,NER,NE India,Assam,26.2,92.93,210.0,45000.0,13000.0
2021-12-04,NR,North India,Rajasthan,26.91,74.22,56510.0,955000.0,476000.0
2021-12-04,SR,South India,Tamil Nadu,11.12,78.66,80400.0,813000.0,395000.0
2021-12-04,WR,West India,Gujarat,23.02,72.57,30180.0,1177000.0,1199000.0
2021-12-05,ER,East India,Odisha,20.95,85.09,4170.0,351000.0,509000.0
2021-12-05,NER,NE India,Assam,26.2,92.93,260.0,43000.0,11000.0
2021-12-05,NR,North India,Rajasthan,26.91,74.22,52230.0,957000.0,476000.0
2021-12-05,SR,South India,Tamil Nadu,11.12,78.66,77340.0,772000.0,391000.0
2021-12-05,WR,West India,Gujarat,23.02,72.57,30840.0,1167000.0,1160000.0
2021-12-06,ER,East India,Odisha,20.95,85.09,4230.0,364000.0,519000.0
2021-12-06,NER,NE India,Assam,26.2,92.93,210.0,43000.0,8000.0
2021-12-06,NR,North India,Rajasthan,26.91,74.22,50250.0,988000.0,490000.0
2021-12-06,SR,South India,Tamil Nadu,11.12,78.66,87250.0,824000.0,419000.0
2021-12-06,WR,West India,Gujarat,23.02,72.57,33700.0,1204000.0,1197000.0
2021-12-07,ER,East India,Odisha,20.95,85.09,4820.0,371000.0,530000.0
2021-12-07,NER,NE India,Assam,26.2,92.93,200.0,44000.0,11000.0
2021-12-07,NR,North India,Rajasthan,26.91,74.22,59160.0,1022000.0,503000.0
2021-12-07,SR,South India,Tamil Nadu,11.12,78.66,93320.0,843000.0,451000.0
2021-12-07,WR,West India,Gujarat,23.02,72.57,33170.0,1225000.0,1195000.0
2021-12-08,ER,East India,Odisha,20.95,85.09,4370.0,375000.0,522000.0
2021-12-08,NER,NE India,Assam,26.2,92.93,240.0,44000.0,8000.0
2021-12-08,NR,North India,Rajasthan,26.91,74.22,58630.0,1027000.0,492000.0
2021-12-08,SR,South India,Tamil Nadu,11.12,78.66,90110.0,866000.0,471000.0
2021-12-08,WR,West India,Gujarat,23.02,72.57,33160.0,1235000.0,1226000.0
2021-12-09,ER,East India,Odisha,20.95,85.09,4450.0,381000.0,529000.0
2021-12-09,NER,NE India,Assam,26.2,92.93,260.0,45000.0,12000.0
2021-12-09,NR,North India,Rajasthan,26.91,74.22,62640.0,1032000.0,493000.0
2021-12-09,SR,South India,Tamil Nadu,11.12,78.66,64510.00000000001,866000.0,480000.0
2021-12-09,WR,West India,Gujarat,23.02,72.57,31600.0,1246000.0,1230000.0
2021-12-10,ER,East India,Odisha,20.95,85.09,4410.0,385000.0,508000.0
2021-12-10,NER,NE India,Assam,26.2,92.93,240.0,45000.0,13000.0
2021-12-10,NR,North India,Rajasthan,26.91,74.22,62540.0,1032000.0,517000.0
2021-12-10,SR,South India,Tamil Nadu,11.12,78.66,75100.0,859000.0,442000.0
2021-12-10,WR,West India,Gujarat,23.02,72.57,35180.0,1252000.0,1211000.0
2021-12-11,ER,East India,Odisha,20.95,85.09,4640.0,385000.0,507000.0
2021-12-11,NER,NE India,Assam,26.2,92.93,200.0,44000.0,12000.0
2021-12-11,NR,North India,Rajasthan,26.91,74.22,63170.0,1017000.0,516000.0
2021-12-11,SR,South India,Tamil Nadu,11.12,78.66,83490.0,857000.0,443000.0
2021-12-11,WR,West India,Gujarat,23.02,72.57,37670.0,1251000.0,1215000.0
2021-12-12,ER,East India,Odisha,20.95,85.09,4650.0,377000.0,494000.0
2021-12-12,NER,NE India,Assam,26.2,92.93,260.0,43000.0,11000.0
2021-12-12,NR,North India,Rajasthan,26.91,74.22,63840.0,971000.0,500000.0
2021-12-12,SR,South India,Tamil Nadu,11.12,78.66,81400.0,799000.0,431000.0
2021-12-12,WR,West India,Gujarat,23.02,72.57,36800.0,1225000.0,1173000.0
2021-12-13,ER,East India,Odisha,20.95,85.09,4630.0,371000.0,528000.0
2021-12-13,NER,NE India,Assam,26.2,92.93,260.0,44000.0,12000.0
2021-12-13,NR,North India,Rajasthan,26.91,74.22,52980.0,1010000.0,513000.0
2021-12-13,SR,South India,Tamil Nadu,11.12,78.66,76130.0,853000.0,455000.0
2021-12-13,WR,West India,Gujarat,23.02,72.57,33920.0,1254000.0,1215000.0
2021-12-14,ER,East India,Odisha,20.95,85.09,4760.0,374000.0,516000.0
2021-12-14,NER,NE India,Assam,26.2,92.93,260.0,44000.0,12000.0
2021-12-14,NR,North India,Rajasthan,26.91,74.22,61860.0,1034000.0,536000.0
2021-12-14,SR,South India,Tamil Nadu,11.12,78.66,70150.0,871000.0,484000.0
2021-12-14,WR,West India,Gujarat,23.02,72.57,34770.0,1267000.0,1225000.0
2021-12-15,ER,East India,Odisha,20.95,85.09,4280.0,375000.0,503000.0
2021-12-15,NER,NE India,Assam,26.2,92.93,270.0,45000.0,13000.0
2021-12-15,NR,North India,Rajasthan,26.91,74.22,56270.0,1038000.0,556000.0
2021-12-15,SR,South India,Tamil Nadu,11.12,78.66,77090.0,877000.0,484000.0
2021-12-15,WR,West India,Gujarat,23.02,72.57,33220.0,1267000.0,1220000.0
2021-12-16,ER,East India,Odisha,20.95,85.09,4730.0,381000.0,521000.0
2021-12-16,NER,NE India,Assam,26.2,92.93,280.0,45000.0,13000.0
2021-12-16,NR,North India,Rajasthan,26.91,74.22,57420.0,1045000.0,567000.0
2021-12-16,SR,South India,Tamil Nadu,11.12,78.66,99090.0,887000.0,465000.0
2021-12-16,WR,West India,Gujarat,23.02,72.57,34110.0,1272000.0,1224000.0
2021-12-17,ER,East India,Odisha,20.95,85.09,4870.0,376000.0,531000.0
2021-12-17,NER,NE India,Assam,26.2,92.93,20.0,44000.0,12000.0
2021-12-17,NR,North India,Rajasthan,26.91,74.22,55570.0,1051000.0,548000.0
2021-12-17,SR,South India,Tamil Nadu,11.12,78.66,98100.0,901000.0,473000.0
2021-12-17,WR,West India,Gujarat,23.02,72.57,33340.0,1275000.0,1210000.0
2021-12-18,ER,East India,Odisha,20.95,85.09,4610.0,381000.0,533000.0
2021-12-18,NER,NE India,Assam,26.2,92.93,280.0,44000.0,12000.0
2021-12-18,NR,North India,Rajasthan,26.91,74.22,67210.0,1056000.0,569000.0
2021-12-18,SR,South India,Tamil Nadu,11.12,78.66,102550.0,882000.0,460000.0
2021-12-18,WR,West India,Gujarat,23.02,72.57,38180.0,1266000.0,1189000.0
2021-12-19,ER,East India,Odisha,20.95,85.09,4720.0,368000.0,515000.0
2021-12-19,NER,NE India,Assam,26.2,92.93,280.0,44000.0,10000.0
2021-12-19,NR,North India,Rajasthan,26.91,74.22,68130.0,1017000.0,558000.0
2021-12-19,SR,South India,Tamil Nadu,11.12,78.66,103870.0,838000.0,423000.0
2021-12-19,WR,West India,Gujarat,23.02,72.57,41860.0,1215000.0,1131000.0
2021-12-20,ER,East India,Odisha,20.95,85.09,4900.0,388000.0,545000.0
2021-12-20,NER,NE India,Assam,26.2,92.93,280.0,45000.0,13000.0
2021-12-20,NR,North India,Rajasthan,26.91,74.22,65820.0,1062000.0,595000.0
2021-12-20,SR,South India,Tamil Nadu,11.12,78.66,102700.0,887000.0,467000.0
2021-12-20,WR,West India,Gujarat,23.02,72.57,41820.0,1253000.0,1214000.0
2021-12-21,ER,East India,Odisha,20.95,85.09,4900.0,390000.0,549000.0
2021-12-21,NER,NE India,Assam,26.2,92.93,280.0,46000.0,14000.0
2021-12-21,NR,North India,Rajasthan,26.91,74.22,63610.0,1089000.0,607000.0
2021-12-21,SR,South India,Tamil Nadu,11.12,78.66,103070.0,909000.0,486000.0
2021-12-21,WR,West India,Gujarat,23.02,72.57,41340.0,1280000.0,1288000.0
2021-12-22,ER,East India,Odisha,20.95,85.09,4870.0,399000.0,554000.0
2021-12-22,NER,NE India,Assam,26.2,92.93,240.0,45000.0,13000.0
2021-12-22,NR,North India,Rajasthan,26.91,74.22,61170.0,1092000.0,641000.0
2021-12-22,SR,South India,Tamil Nadu,11.12,78.66,99960.0,918000.0,498000.0
2021-12-22,WR,West India,Gujarat,23.02,72.57,40340.0,1282000.0,1297000.0
2021-12-23,ER,East India,Odisha,20.95,85.09,4430.0,408000.0,552000.0
2021-12-23,NER,NE India,Assam,26.2,92.93,270.0,45000.0,14000.0
2021-12-23,NR,North India,Rajasthan,26.91,74.22,36020.0,1083000.0,648000.0
2021-12-23,SR,South India,Tamil Nadu,11.12,78.66,105600.0,932000.0,510000.0
2021-12-23,WR,West India,Gujarat,23.02,72.57,38060.0,1294000.0,1311000.0
2021-12-24,ER,East India,Odisha,20.95,85.09,5020.0,408000.0,553000.0
2021-12-24,NER,NE India,Assam,26.2,92.93,260.0,46000.0,14000.0
2021-12-24,NR,North India,Rajasthan,26.91,74.22,48220.0,1086000.0,657000.0
2021-12-24,SR,South India,Tamil Nadu,11.12,78.66,104260.0,944000.0,520000.0
2021-12-24,WR,West India,Gujarat,23.02,72.57,33670.0,1304000.0,1309000.0
2021-12-25,ER,East India,Odisha,20.95,85.09,4650.0,393000.0,567000.0
2021-12-25,NER,NE India,Assam,26.2,92.93,240.0,45000.0,13000.0
2021-12-25,NR,North India,Rajasthan,26.91,74.22,47370.0,1068000.0,603000.0
2021-12-25,SR,South India,Tamil Nadu,11.12,78.66,102550.0,920000.0,528000.0
2021-12-25,WR,West India,Gujarat,23.02,72.57,34920.0,1295000.0,1287000.0
2021-12-26,ER,East India,Odisha,20.95,85.09,4550.0,386000.0,545000.0
2021-12-26,NER,NE India,Assam,26.2,92.93,270.0,44000.0,9000.0
2021-12-26,NR,North India,Rajasthan,26.91,74.22,24200.0,1012000.0,580000.0
2021-12-26,SR,South India,Tamil Nadu,11.12,78.66,101200.0,874000.0,503000.0
2021-12-26,WR,West India,Gujarat,23.02,72.57,34020.0,1263000.0,1257000.0
2021-12-27,ER,East India,Odisha,20.95,85.09,5000.0,398000.0,545000.0
2021-12-27,NER,NE India,Assam,26.2,92.93,250.0,45000.0,9000.0
2021-12-27,NR,North India,Rajasthan,26.91,74.22,41430.0,1008000.0,579000.0
2021-12-27,SR,South India,Tamil Nadu,11.12,78.66,96830.0,933000.0,510000.0
2021-12-27,WR,West India,Gujarat,23.02,72.57,29860.0,1281000.0,1265000.0
2021-12-28,ER,East India,Odisha,20.95,85.09,4290.0,387000.0,552000.0
2021-12-28,NER,NE India,Assam,26.2,92.93,260.0,46000.0,9000.0
2021-12-28,NR,North India,Rajasthan,26.91,74.22,23410.0,1012000.0,570000.0
2021-12-28,SR,South India,Tamil Nadu,11.12,78.66,101170.0,948000.0,487000.0
2021-12-28,WR,West India,Gujarat,23.02,72.57,21240.0,1200000.0,1225000.0
2021-12-29,ER,East India,Odisha,20.95,85.09,4140.0,372000.0,536000.0
2021-12-29,NER,NE India,Assam,26.2,92.93,110.0,46000.0,8000.0
2021-12-29,NR,North India,Rajasthan,26.91,74.22,55270.0,1004000.0,555000.0
2021-12-29,SR,South India,Tamil Nadu,11.12,78.66,94710.0,960000.0,481000.0
2021-12-29,WR,West India,Gujarat,23.02,72.57,30930.0,1171000.0,1181000.0
2021-12-30,ER,East India,Odisha,20.95,85.09,4380.0,391000.0,532000.0
2021-12-30,NER,NE India,Assam,26.2,92.93,110.0,46000.0,8000.0
2021-12-30,NR,North India,Rajasthan,26.91,74.22,49160.0,1032000.0,555000.0
2021-12-30,SR,South India,Tamil Nadu,11.12,78.66,93730.0,958000.0,470000.0
2021-12-30,WR,West India,Gujarat,23.02,72.57,34240.0,1196000.0,1172000.0
2021-12-31,ER,East India,Odisha,20.95,85.09,4180.0,403000.0,545000.0
2021-12-31,NER,NE India,Assam,26.2,92.93,280.0,46000.0,10000.0
2021-12-31,NR,North India,Rajasthan,26.91,74.22,41340.0,1057000.0,572000.0
2021-12-31,SR,South India,Tamil Nadu,11.12,78.66,66680.0,943000.0,493000.0
2021-12-31,WR,West India,Gujarat,23.02,72.57,31940.0,1207000.0,1190000.0
2022-01-01,ER,East India,Odisha,20.95,85.09,4280.0,386000.0,537000.0
2022-01-01,NER,NE India,Assam,26.2,92.93,250.0,44000.0,10000.0
2022-01-01,NR,North India,Rajasthan,26.91,74.22,60980.0,1055000.0,566000.0
2022-01-01,SR,South India,Tamil Nadu,11.12,78.66,75940.0,905000.0,494000.0
2022-01-01,WR,West India,Gujarat,23.02,72.57,30770.0,1199000.0,1187000.0
2022-01-02,ER,East India,Odisha,20.95,85.09,4580.0,387000.0,536000.0
2022-01-02,NER,NE India,Assam,26.2,92.93,280.0,43000.0,8000.0
2022-01-02,NR,North India,Rajasthan,26.91,74.22,60590.0,993000.0,514000.0
2022-01-02,SR,South India,Tamil Nadu,11.12,78.66,88720.0,859000.0,466000.0
2022-01-02,WR,West India,Gujarat,23.02,72.57,32970.0,1200000.0,1162000.0
2022-01-03,ER,East India,Odisha,20.95,85.09,4800.0,392000.0,540000.0
2022-01-03,NER,NE India,Assam,26.2,92.93,260.0,46000.0,9000.0
2022-01-03,NR,North India,Rajasthan,26.91,74.22,61010.0,1038000.0,574000.0
2022-01-03,SR,South India,Tamil Nadu,11.12,78.66,97280.0,935000.0,515000.0
2022-01-03,WR,West India,Gujarat,23.02,72.57,35710.0,1255000.0,1227000.0
2022-01-04,ER,East India,Odisha,20.95,85.09,4880.0,395000.0,550000.0
2022-01-04,NER,NE India,Assam,26.2,92.93,250.0,46000.0,9000.0
2022-01-04,NR,North India,Rajasthan,26.91,74.22,37730.0,1042000.0,596000.0
2022-01-04,SR,South India,Tamil Nadu,11.12,78.66,102270.0,955000.0,539000.0
2022-01-04,WR,West India,Gujarat,23.02,72.57,33980.0,1288000.0,1295000.0
2022-01-05,ER,East India,Odisha,20.95,85.09,4810.0,394000.0,532000.0
2022-01-05,NER,NE India,Assam,26.2,92.93,260.0,46000.0,10000.0
2022-01-05,NR,North India,Rajasthan,26.91,74.22,12990.0,977000.0,603000.0
2022-01-05,SR,South India,Tamil Nadu,11.12,78.66,101810.0,969000.0,541000.0
2022-01-05,WR,West India,Gujarat,23.02,72.57,25050.0,1270000.0,1294000.0
2022-01-06,ER,East India,Odisha,20.95,85.09,4800.0,397000.0,535000.0
2022-01-06,NER,NE India,Assam,26.2,92.93,280.0,46000.0,9000.0
2022-01-06,NR,North India,Rajasthan,26.91,74.22,26800.0,923000.0,590000.0
2022-01-06,SR,South India,Tamil Nadu,11.12,78.66,101180.0,984000.0,529000.0
2022-01-06,WR,West India,Gujarat,23.02,72.57,21480.0,1230000.0,1251000.0
2022-01-07,ER,East India,Odisha,20.95,85.09,4760.0,403000.0,538000.0
2022-01-07,NER,NE India,Assam,26.2,92.93,270.0,46000.0,9000.0
2022-01-07,NR,North India,Rajasthan,26.91,74.22,11500.0,947000.0,587000.0
2022-01-07,SR,South India,Tamil Nadu,11.12,78.66,92340.0,999000.0,531000.0
2022-01-07,WR,West India,Gujarat,23.02,72.57,30760.0,1198000.0,1256000.0
2022-01-08,ER,East India,Odisha,20.95,85.09,4620.0,386000.0,541000.0
2022-01-08,NER,NE India,Assam,26.2,92.93,270.0,45000.0,7000.0
2022-01-08,NR,North India,Rajasthan,26.91,74.22,48520.0,841000.0,519000.0
2022-01-08,SR,South India,Tamil Nadu,11.12,78.66,78780.0,999000.0,518000.0
2022-01-08,WR,West India,Gujarat,23.02,72.57,36740.0,1183000.0,1190000.0
2022-01-09,ER,East India,Odisha,20.95,85.09,4610.0,385000.0,528000.0
2022-01-09,NER,NE India,Assam,26.2,92.93,260.0,44000.0,7000.0
2022-01-09,NR,North India,Rajasthan,26.91,74.22,53360.0,870000.0,508000.0
2022-01-09,SR,South India,Tamil Nadu,11.12,78.66,88830.0,945000.0,474000.0
2022-01-09,WR,West India,Gujarat,23.02,72.57,34900.0,1114000.0,1144000.0
2022-01-10,ER,East India,Odisha,20.95,85.09,4290.0,381000.0,552000.0
2022-01-10,NER,NE India,Assam,26.2,92.93,230.0,46000.0,8000.0
2022-01-10,NR,North India,Rajasthan,26.91,74.22,61100.0,949000.0,532000.0
2022-01-10,SR,South India,Tamil Nadu,11.12,78.66,96270.0,991000.0,492000.0
2022-01-10,WR,West India,Gujarat,23.02,72.57,37070.0,1146000.0,1177000.0
2022-01-11,ER,East India,Odisha,20.95,85.09,3970.0,380000.0,534000.0
2022-01-11,NER,NE India,Assam,26.2,92.93,160.0,47000.0,8000.0
2022-01-11,NR,North India,Rajasthan,26.91,74.22,60760.0,983000.0,552000.0
2022-01-11,SR,South India,Tamil Nadu,11.12,78.66,92480.0,995000.0,498000.0
2022-01-11,WR,West India,Gujarat,23.02,72.57,34110.0,1160000.0,1176000.0
2022-01-12,ER,East India,Odisha,20.95,85.09,3880.0,378000.0,533000.0
2022-01-12,NER,NE India,Assam,26.2,92.93,150.0,44000.0,8000.0
2022-01-12,NR,North India,Rajasthan,26.91,74.22,66470.0,992000.0,557000.0
2022-01-12,SR,South India,Tamil Nadu,11.12,78.66,87270.0,983000.0,512000.0
2022-01-12,WR,West India,Gujarat,23.02,72.57,39260.0,1167000.0,1183000.0
2022-01-13,ER,East India,Odisha,20.95,85.09,3930.0,383000.0,550000.0
2022-01-13,NER,NE India,Assam,26.2,92.93,230.0,42000.0,8000.0
2022-01-13,NR,North India,Rajasthan,26.91,74.22,70130.0,1011000.0,539000.0
2022-01-13,SR,South India,Tamil Nadu,11.12,78.66,93780.0,958000.0,511000.0
2022-01-13,WR,West India,Gujarat,23.02,72.57,40060.0,1180000.0,1186000.0
2022-01-14,ER,East India,Odisha,20.95,85.09,4260.0,391000.0,531000.0
2022-01-14,NER,NE India,Assam,26.2,92.93,160.0,43000.0,8000.0
2022-01-14,NR,North India,Rajasthan,26.91,74.22,62370.0,1034000.0,545000.0
2022-01-14,SR,South India,Tamil Nadu,11.12,78.66,97210.0,910000.0,493000.0
2022-01-14,WR,West India,Gujarat,23.02,72.57,39270.0,1096000.0,1110000.0
2022-01-15,ER,East India,Odisha,20.95,85.09,4290.0,388000.0,542000.0
2022-01-15,NER,NE India,Assam,26.2,92.93,300.0,43000.0,7000.0
2022-01-15,NR,North India,Rajasthan,26.91,74.22,64349.99999999999,1018000.0,539000.0
2022-01-15,SR,South India,Tamil Nadu,11.12,78.66,97070.0,872000.0,475000.0
2022-01-15,WR,West India,Gujarat,23.02,72.57,38560.0,1122000.0,1082000.0
2022-01-16,ER,East India,Odisha,20.95,85.09,4710.0,384000.0,522000.0
2022-01-16,NER,NE India,Assam,26.2,92.93,360.0,43000.0,7000.0
2022-01-16,NR,North India,Rajasthan,26.91,74.22,64950.0,993000.0,527000.0
2022-01-16,SR,South India,Tamil Nadu,11.12,78.66,90190.0,845000.0,455000.0
2022-01-16,WR,West India,Gujarat,23.02,72.57,33980.0,1142000.0,1099000.0
2022-01-17,ER,East India,Odisha,20.95,85.09,4870.0,396000.0,545000.0
2022-01-17,NER,NE India,Assam,26.2,92.93,330.0,45000.0,10000.0
2022-01-17,NR,North India,Rajasthan,26.91,74.22,67690.0,1052000.0,572000.0
2022-01-17,SR,South India,Tamil Nadu,11.12,78.66,93240.0,937000.0,492000.0
2022-01-17,WR,West India,Gujarat,23.02,72.57,35960.0,1196000.0,1189000.0
2022-01-18,ER,East India,Odisha,20.95,85.09,4760.0,409000.0,567000.0
2022-01-18,NER,NE India,Assam,26.2,92.93,230.0,45000.0,9000.0
2022-01-18,NR,North India,Rajasthan,26.91,74.22,66180.0,1072000.0,598000.0
2022-01-18,SR,South India,Tamil Nadu,11.12,78.66,105850.0,963000.0,520000.0
2022-01-18,WR,West India,Gujarat,23.02,72.57,39000.0,1224000.0,1225000.0
2022-01-19,ER,East India,Odisha,20.95,85.09,4740.0,414000.0,566000.0
2022-01-19,NER,NE India,Assam,26.2,92.93,330.0,46000.0,10000.0
2022-01-19,NR,North India,Rajasthan,26.91,74.22,62900.0,1083000.0,626000.0
2022-01-19,SR,South India,Tamil Nadu,11.12,78.66,108450.0,981000.0,538000.0
2022-01-19,WR,West India,Gujarat,23.02,72.57,43250.0,1231000.0,1245000.0
2022-01-20,ER,East India,Odisha,20.95,85.09,4840.0,421000.0,578000.0
2022-01-20,NER,NE India,Assam,26.2,92.93,200.0,46000.0,9000.0
2022-01-20,NR,North India,Rajasthan,26.91,74.22,63410.0,1081000.0,614000.0
2022-01-20,SR,South India,Tamil Nadu,11.12,78.66,110450.0,995000.0,523000.0
2022-01-20,WR,West India,Gujarat,23.02,72.57,43120.0,1246000.0,1261000.0
2022-01-21,ER,East India,Odisha,20.95,85.09,4690.0,415000.0,592000.0
2022-01-21,NER,NE India,Assam,26.2,92.93,350.0,46000.0,9000.0
2022-01-21,NR,North India,Rajasthan,26.91,74.22,55590.0,1082000.0,634000.0
2022-01-21,SR,South India,Tamil Nadu,11.12,78.66,109590.0,1012000.0,523000.0
2022-01-21,WR,West India,Gujarat,23.02,72.57,36740.0,1256000.0,1236000.0
2022-01-22,ER,East India,Odisha,20.95,85.09,4840.0,408000.0,564000.0
2022-01-22,NER,NE India,Assam,26.2,92.93,300.0,46000.0,8000.0
2022-01-22,NR,North India,Rajasthan,26.91,74.22,22500.0,996000.0,606000.0
2022-01-22,SR,South India,Tamil Nadu,11.12,78.66,110330.0,1016000.0,479000.0
2022-01-22,WR,West India,Gujarat,23.02,72.57,34640.0,1219000.0,1163000.0
2022-01-23,ER,East India,Odisha,20.95,85.09,4220.0,390000.0,555000.0
2022-01-23,NER,NE India,Assam,26.2,92.93,190.0,46000.0,7000.0
2022-01-23,NR,North India,Rajasthan,26.91,74.22,62750.0,956000.0,578000.0
2022-01-23,SR,South India,Tamil Nadu,11.12,78.66,111060.0,958000.0,470000.0
2022-01-23,WR,West India,Gujarat,23.02,72.57,35400.0,1188000.0,1153000.0
2022-01-24,ER,East India,Odisha,20.95,85.09,4250.0,398000.0,580000.0
2022-01-24,NER,NE India,Assam,26.2,92.93,300.0,47000.0,9000.0
2022-01-24,NR,North India,Rajasthan,26.91,74.22,72280.0,1030000.0,635000.0
2022-01-24,SR,South India,Tamil Nadu,11.12,78.66,106650.0,1022000.0,525000.0
2022-01-24,WR,West India,Gujarat,23.02,72.57,40800.0,1237000.0,1218000.0
2022-01-25,ER,East India,Odisha,20.95,85.09,4490.0,399000.0,592000.0
2022-01-25,NER,NE India,Assam,26.2,92.93,330.0,47000.0,9000.0
2022-01-25,NR,North India,Rajasthan,26.91,74.22,75070.0,1066000.0,653000.0
2022-01-25,SR,South India,Tamil Nadu,11.12,78.66,101800.0,1031000.0,533000.0
2022-01-25,WR,West India,Gujarat,23.02,72.57,43160.0,1251000.0,1217000.0
2022-01-26,ER,East India,Odisha,20.95,85.09,4740.0,391000.0,582000.0
2022-01-26,NER,NE India,Assam,26.2,92.93,280.0,45000.0,8000.0
2022-01-26,NR,North India,Rajasthan,26.91,74.22,78590.0,1019000.0,620000.0
2022-01-26,SR,South India,Tamil Nadu,11.12,78.66,88770.0,978000.0,515000.0
2022-01-26,WR,West India,Gujarat,23.02,72.57,44630.0,1185000.0,1146000.0
2022-01-27,ER,East India,Odisha,20.95,85.09,4860.0,398000.0,581000.0
2022-01-27,NER,NE India,Assam,26.2,92.93,340.0,46000.0,9000.0
2022-01-27,NR,North India,Rajasthan,26.91,74.22,79110.0,1045000.0,636000.0
2022-01-27,SR,South India,Tamil Nadu,11.12,78.66,85870.0,1001000.0,534000.0
2022-01-27,WR,West India,Gujarat,23.02,72.57,46520.0,1249000.0,1163000.0
2022-01-28,ER,East India,Odisha,20.95,85.09,4760.0,413000.0,591000.0
2022-01-28,NER,NE India,Assam,26.2,92.93,360.0,47000.0,9000.0
2022-01-28,NR,North India,Rajasthan,26.91,74.22,82520.0,1075000.0,634000.0
2022-01-28,SR,South India,Tamil Nadu,11.12,78.66,121060.0,1018000.0,529000.0
2022-01-28,WR,West India,Gujarat,23.02,72.57,47500.0,1282000.0,1207000.0
2022-01-29,ER,East India,Odisha,20.95,85.09,5060.0,411000.0,570000.0
2022-01-29,NER,NE India,Assam,26.2,92.93,290.0,47000.0,10000.0
2022-01-29,NR,North India,Rajasthan,26.91,74.22,81700.0,1059000.0,648000.0
2022-01-29,SR,South India,Tamil Nadu,11.12,78.66,104800.0,1019000.0,528000.0
2022-01-29,WR,West India,Gujarat,23.02,72.57,42660.0,1281000.0,1226000.0
2022-01-30,ER,East India,Odisha,20.95,85.09,5170.0,403000.0,563000.0
2022-01-30,NER,NE India,Assam,26.2,92.93,360.0,46000.0,6000.0
2022-01-30,NR,North India,Rajasthan,26.91,74.22,79960.0,1024000.0,643000.0
2022-01-30,SR,South India,Tamil Nadu,11.12,78.66,107500.0,978000.0,522000.0
2022-01-30,WR,West India,Gujarat,23.02,72.57,47220.0,1272000.0,1214000.0
2022-01-31,ER,East India,Odisha,20.95,85.09,5460.0,416000.0,569000.0
2022-01-31,NER,NE India,Assam,26.2,92.93,340.0,48000.0,8000.0
2022-01-31,NR,North India,Rajasthan,26.91,74.22,72610.0,1059000.0,683000.0
2022-01-31,SR,South India,Tamil Nadu,11.12,78.66,108260.0,1034000.0,544000.0
2022-01-31,WR,West India,Gujarat,23.02,72.57,45080.0,1298000.0,1249000.0
2022-02-01,ER,East India,Odisha,20.95,85.09,5060.0,412000.0,561000.0
2022-02-01,NER,NE India,Assam,26.2,92.93,170.0,47000.0,10000.0
2022-02-01,NR,North India,Rajasthan,26.91,74.22,74240.0,1058000.0,699000.0
2022-02-01,SR,South India,Tamil Nadu,11.12,78.66,102220.0,1051000.0,506000.0
2022-02-01,WR,West India,Gujarat,23.02,72.57,44700.0,1309000.0,1282000.0
2022-02-02,ER,East India,Odisha,20.95,85.09,5010.0,408000.0,550000.0
2022-02-02,NER,NE India,Assam,26.2,92.93,330.0,46000.0,10000.0
2022-02-02,NR,North India,Rajasthan,26.91,74.22,74800.0,1076000.0,683000.0
2022-02-02,SR,South India,Tamil Nadu,11.12,78.66,107250.0,1058000.0,556000.0
2022-02-02,WR,West India,Gujarat,23.02,72.57,44720.0,1317000.0,1275000.0
2022-02-03,ER,East India,Odisha,20.95,85.09,4890.0,410000.0,536000.0
2022-02-03,NER,NE India,Assam,26.2,92.93,280.0,48000.0,13000.0
2022-02-03,NR,North India,Rajasthan,26.91,74.22,69270.0,1029000.0,658000.0
2022-02-03,SR,South India,Tamil Nadu,11.12,78.66,106290.0,1035000.0,528000.0
2022-02-03,WR,West India,Gujarat,23.02,72.57,40130.0,1316000.0,1234000.0
2022-02-04,ER,East India,Odisha,20.95,85.09,4370.0,360000.0,559000.0
2022-02-04,NER,NE India,Assam,26.2,92.93,110.0,44000.0,13000.0
2022-02-04,NR,North India,Rajasthan,26.91,74.22,77130.0,1062000.0,648000.0
2022-02-04,SR,South India,Tamil Nadu,11.12,78.66,116340.0,1034000.0,515000.0
2022-02-04,WR,West India,Gujarat,23.02,72.57,45290.0,1327000.0,1294000.0
2022-02-05,ER,East India,Odisha,20.95,85.09,5130.0,386000.0,572000.0
2022-02-05,NER,NE India,Assam,26.2,92.93,230.0,41000.0,14000.0
2022-02-05,NR,North India,Rajasthan,26.91,74.22,77930.0,1059000.0,640000.0
2022-02-05,SR,South India,Tamil Nadu,11.12,78.66,113910.0,1060000.0,545000.0
2022-02-05,WR,West India,Gujarat,23.02,72.57,45870.0,1313000.0,1293000.0
2022-02-06,ER,East India,Odisha,20.95,85.09,5130.0,392000.0,561000.0
2022-02-06,NER,NE India,Assam,26.2,92.93,420.0,44000.0,13000.0
2022-02-06,NR,North India,Rajasthan,26.91,74.22,79420.0,1017000.0,618000.0
2022-02-06,SR,South India,Tamil Nadu,11.12,78.66,101220.0,1005000.0,533000.0
2022-02-06,WR,West India,Gujarat,23.02,72.57,46770.0,1290000.0,1234000.0
2022-02-07,ER,East India,Odisha,20.95,85.09,5190.0,402000.0,584000.0
2022-02-07,NER,NE India,Assam,26.2,92.93,420.0,47000.0,14000.0
2022-02-07,NR,North India,Rajasthan,26.91,74.22,72490.0,1043000.0,636000.0
2022-02-07,SR,South India,Tamil Nadu,11.12,78.66,109590.0,1059000.0,582000.0
2022-02-07,WR,West India,Gujarat,23.02,72.57,45580.0,1324000.0,1289000.0
2022-02-08,ER,East India,Odisha,20.95,85.09,5170.0,408000.0,586000.0
2022-02-08,NER,NE India,Assam,26.2,92.93,350.0,48000.0,14000.0
2022-02-08,NR,North India,Rajasthan,26.91,74.22,68370.0,1052000.0,634000.0
2022-02-08,SR,South India,Tamil Nadu,11.12,78.66,107610.0,1082000.0,595000.0
2022-02-08,WR,West India,Gujarat,23.02,72.57,43390.0,1347000.0,1316000.0
2022-02-09,ER,East India,Odisha,20.95,85.09,4850.0,411000.0,566000.0
2022-02-09,NER,NE India,Assam,26.2,92.93,410.0,48000.0,14000.0
2022-02-09,NR,North India,Rajasthan,26.91,74.22,77040.0,1027000.0,617000.0
2022-02-09,SR,South India,Tamil Nadu,11.12,78.66,104970.0,1086000.0,579000.0
2022-02-09,WR,West India,Gujarat,23.02,72.57,41150.0,1328000.0,1290000.0
2022-02-10,ER,East India,Odisha,20.95,85.09,4650.0,406000.0,566000.0
2022-02-10,NER,NE India,Assam,26.2,92.93,260.0,48000.0,13000.0
2022-02-10,NR,North India,Rajasthan,26.91,74.22,85330.0,1030000.0,602000.0
2022-02-10,SR,South India,Tamil Nadu,11.12,78.66,106340.0,1085000.0,576000.0
2022-02-10,WR,West India,Gujarat,23.02,72.57,41480.0,1321000.0,1275000.0
2022-02-11,ER,East India,Odisha,20.95,85.09,4990.0,409000.0,575000.0
2022-02-11,NER,NE India,Assam,26.2,92.93,270.0,47000.0,14000.0
2022-02-11,NR,North India,Rajasthan,26.91,74.22,88050.0,1042000.0,602000.0
2022-02-11,SR,South India,Tamil Nadu,11.12,78.66,104240.0,1072000.0,556000.0
2022-02-11,WR,West India,Gujarat,23.02,72.57,46210.0,1323000.0,1275000.0
2022-02-12,ER,East India,Odisha,20.95,85.09,5310.0,407000.0,595000.0
2022-02-12,NER,NE India,Assam,26.2,92.93,340.0,46000.0,13000.0
2022-02-12,NR,North India,Rajasthan,26.91,74.22,91510.0,1032000.0,618000.0
2022-02-12,SR,South India,Tamil Nadu,11.12,78.66,102680.0,1054000.0,561000.0
2022-02-12,WR,West India,Gujarat,23.02,72.57,47540.0,1327000.0,1264000.0
2022-02-13,ER,East India,Odisha,20.95,85.09,5390.0,401000.0,587000.0
2022-02-13,NER,NE India,Assam,26.2,92.93,460.0,45000.0,13000.0
2022-02-13,NR,North India,Rajasthan,26.91,74.22,90640.0,998000.0,582000.0
2022-02-13,SR,South India,Tamil Nadu,11.12,78.66,105040.0,1012000.0,535000.0
2022-02-13,WR,West India,Gujarat,23.02,72.57,48230.0,1308000.0,1251000.0
2022-02-14,ER,East India,Odisha,20.95,85.09,5290.0,407000.0,582000.0
2022-02-14,NER,NE India,Assam,26.2,92.93,480.0,46000.0,14000.0
2022-02-14,NR,North India,Rajasthan,26.91,74.22,88040.0,1036000.0,613000.0
2022-02-14,SR,South India,Tamil Nadu,11.12,78.66,108910.0,1057000.0,556000.0
2022-02-14,WR,West India,Gujarat,23.02,72.57,45710.0,1328000.0,1273000.0
2022-02-15,ER,East India,Odisha,20.95,85.09,5260.0,408000.0,589000.0
2022-02-15,NER,NE India,Assam,26.2,92.93,470.0,47000.0,14000.0
2022-02-15,NR,North India,Rajasthan,26.91,74.22,86440.0,1049000.0,617000.0
2022-02-15,SR,South India,Tamil Nadu,11.12,78.66,101040.0,1072000.0,559000.0
2022-02-15,WR,West India,Gujarat,23.02,72.57,43270.0,1346000.0,1315000.0
2022-02-16,ER,East India,Odisha,20.95,85.09,5120.0,412000.0,578000.0
2022-02-16,NER,NE India,Assam,26.2,92.93,440.0,47000.0,15000.0
2022-02-16,NR,North India,Rajasthan,26.91,74.22,80210.0,1070000.0,654000.0
2022-02-16,SR,South India,Tamil Nadu,11.12,78.66,105370.0,1091000.0,569000.0
2022-02-16,WR,West India,Gujarat,23.02,72.57,42500.0,1345000.0,1335000.0
2022-02-17,ER,East India,Odisha,20.95,85.09,4810.0,419000.0,574000.0
2022-02-17,NER,NE India,Assam,26.2,92.93,410.0,47000.0,15000.0
2022-02-17,NR,North India,Rajasthan,26.91,74.22,89210.0,1050000.0,625000.0
2022-02-17,SR,South India,Tamil Nadu,11.12,78.66,106210.0,1089000.0,566000.0
2022-02-17,WR,West India,Gujarat,23.02,72.57,43210.0,1341000.0,1328000.0
2022-02-18,ER,East India,Odisha,20.95,85.09,5030.0,413000.0,552000.0
2022-02-18,NER,NE India,Assam,26.2,92.93,380.0,47000.0,15000.0
2022-02-18,NR,North India,Rajasthan,26.91,74.22,82360.0,1065000.0,622000.0
2022-02-18,SR,South India,Tamil Nadu,11.12,78.66,106710.0,1103000.0,572000.0
2022-02-18,WR,West India,Gujarat,23.02,72.57,41960.0,1347000.0,1324000.0
2022-02-19,ER,East India,Odisha,20.95,85.09,5040.0,417000.0,555000.0
2022-02-19,NER,NE India,Assam,26.2,92.93,390.0,47000.0,14000.0
2022-02-19,NR,North India,Rajasthan,26.91,74.22,86320.0,1059000.0,618000.0
2022-02-19,SR,South India,Tamil Nadu,11.12,78.66,113040.0,1081000.0,568000.0
2022-02-19,WR,West India,Gujarat,23.02,72.57,42620.0,1345000.0,1295000.0
2022-02-20,ER,East India,Odisha,20.95,85.09,4830.0,402000.0,563000.0
2022-02-20,NER,NE India,Assam,26.2,92.93,350.0,43000.0,13000.0
2022-02-20,NR,North India,Rajasthan,26.91,74.22,88220.0,998000.0,578000.0
2022-02-20,SR,South India,Tamil Nadu,11.12,78.66,117750.0,1049000.0,537000.0
2022-02-20,WR,West India,Gujarat,23.02,72.57,48980.0,1309000.0,1261000.0
2022-02-21,ER,East India,Odisha,20.95,85.09,5260.0,405000.0,585000.0
2022-02-21,NER,NE India,Assam,26.2,92.93,340.0,43000.0,15000.0
2022-02-21,NR,North India,Rajasthan,26.91,74.22,87150.0,1039000.0,597000.0
2022-02-21,SR,South India,Tamil Nadu,11.12,78.66,110420.0,1112000.0,583000.0
2022-02-21,WR,West India,Gujarat,23.02,72.57,48890.0,1337000.0,1275000.0
2022-02-22,ER,East India,Odisha,20.95,85.09,5290.0,425000.0,607000.0
2022-02-22,NER,NE India,Assam,26.2,92.93,450.0,47000.0,14000.0
2022-02-22,NR,North India,Rajasthan,26.91,74.22,84950.0,1027000.0,598000.0
2022-02-22,SR,South India,Tamil Nadu,11.12,78.66,112270.0,1139000.0,572000.0
2022-02-22,WR,West India,Gujarat,23.02,72.57,49330.0,1365000.0,1266000.0
2022-02-23,ER,East India,Odisha,20.95,85.09,5190.0,425000.0,608000.0
2022-02-23,NER,NE India,Assam,26.2,92.93,360.0,47000.0,15000.0
2022-02-23,NR,North India,Rajasthan,26.91,74.22,78140.0,1014000.0,618000.0
2022-02-23,SR,South India,Tamil Nadu,11.12,78.66,119340.0,1147000.0,582000.0
2022-02-23,WR,West India,Gujarat,23.02,72.57,46830.0,1364000.0,1266000.0
2022-02-24,ER,East India,Odisha,20.95,85.09,5080.0,412000.0,601000.0
2022-02-24,NER,NE India,Assam,26.2,92.93,390.0,47000.0,15000.0
2022-02-24,NR,North India,Rajasthan,26.91,74.22,80590.0,1047000.0,645000.0
2022-02-24,SR,South India,Tamil Nadu,11.12,78.66,112960.0,1159000.0,596000.0
2022-02-24,WR,West India,Gujarat,23.02,72.57,46840.0,1375000.0,1291000.0
2022-02-25,ER,East India,Odisha,20.95,85.09,5090.0,400000.0,597000.0
2022-02-25,NER,NE India,Assam,26.2,92.93,370.0,43000.0,14000.0
2022-02-25,NR,North India,Rajasthan,26.91,74.22,85370.0,1058000.0,645000.0
2022-02-25,SR,South India,Tamil Nadu,11.12,78.66,120620.0,1159000.0,575000.0
2022-02-25,WR,West India,Gujarat,23.02,72.57,46410.0,1381000.0,1309000.0
2022-02-26,ER,East India,Odisha,20.95,85.09,4790.0,409000.0,593000.0
2022-02-26,NER,NE India,Assam,26.2,92.93,360.0,43000.0,9000.0
2022-02-26,NR,North India,Rajasthan,26.91,74.22,86820.0,977000.0,586000.0
2022-02-26,SR,South India,Tamil Nadu,11.12,78.66,118400.0,1155000.0,564000.0
2022-02-26,WR,West India,Gujarat,23.02,72.57,47100.0,1378000.0,1300000.0
2022-02-27,ER,East India,Odisha,20.95,85.09,5060.0,401000.0,560000.0
2022-02-27,NER,NE India,Assam,26.2,92.93,370.0,43000.0,8000.0
2022-02-27,NR,North India,Rajasthan,26.91,74.22,91420.0,981000.0,566000.0
2022-02-27,SR,South India,Tamil Nadu,11.12,78.66,122550.0,1102000.0,543000.0
2022-02-27,WR,West India,Gujarat,23.02,72.57,46330.0,1343000.0,1236000.0
2022-02-28,ER,East India,Odisha,20.95,85.09,5280.0,411000.0,579000.0
2022-02-28,NER,NE India,Assam,26.2,92.93,400.0,45000.0,13000.0
2022-02-28,NR,North India,Rajasthan,26.91,74.22,87760.0,1019000.0,614000.0
2022-02-28,SR,South India,Tamil Nadu,11.12,78.66,125730.0,1151000.0,564000.0
2022-02-28,WR,West India,Gujarat,23.02,72.57,46180.0,1376000.0,1305000.0
2022-03-01,ER,East India,Odisha,20.95,85.09,5170.0,415000.0,592000.0
2022-03-01,NER,NE India,Assam,26.2,92.93,450.0,45000.0,13000.0
2022-03-01,NR,North India,Rajasthan,26.91,74.22,85560.0,1031000.0,639000.0
2022-03-01,SR,South India,Tamil Nadu,11.12,78.66,124540.0,1164000.0,567000.0
2022-03-01,WR,West India,Gujarat,23.02,72.57,47480.0,1353000.0,1310000.0
2022-03-02,ER,East India,Odisha,20.95,85.09,5290.0,419000.0,585000.0
2022-03-02,NER,NE India,Assam,26.2,92.93,460.0,46000.0,14000.0
2022-03-02,NR,North India,Rajasthan,26.91,74.22,79940.0,1033000.0,630000.0
2022-03-02,SR,South India,Tamil Nadu,11.12,78.66,120220.0,1147000.0,547000.0
2022-03-02,WR,West India,Gujarat,23.02,72.57,47140.0,1368000.0,1281000.0
2022-03-03,ER,East India,Odisha,20.95,85.09,5200.0,419000.0,598000.0
2022-03-03,NER,NE India,Assam,26.2,92.93,440.0,46000.0,14000.0
2022-03-03,NR,North India,Rajasthan,26.91,74.22,91290.0,1046000.0,627000.0
2022-03-03,SR,South India,Tamil Nadu,11.12,78.66,118160.0,1156000.0,542000.0
2022-03-03,WR,West India,Gujarat,23.02,72.57,45860.0,1384000.0,1278000.0
2022-03-04,ER,East India,Odisha,20.95,85.09,5530.0,422000.0,605000.0
2022-03-04,NER,NE India,Assam,26.2,92.93,450.0,46000.0,15000.0
2022-03-04,NR,North India,Rajasthan,26.91,74.22,93850.0,1053000.0,640000.0
2022-03-04,SR,South India,Tamil Nadu,11.12,78.66,118770.0,1175000.0,560000.0
2022-03-04,WR,West India,Gujarat,23.02,72.57,47350.0,1383000.0,1289000.0
2022-03-05,ER,East India,Odisha,20.95,85.09,5190.0,426000.0,632000.0
2022-03-05,NER,NE India,Assam,26.2,92.93,440.0,46000.0,16000.0
2022-03-05,NR,North India,Rajasthan,26.91,74.22,91450.0,1043000.0,639000.0
2022-03-05,SR,South India,Tamil Nadu,11.12,78.66,119240.0,1172000.0,565000.0
2022-03-05,WR,West India,Gujarat,23.02,72.57,48050.0,1384000.0,1300000.0
2022-03-06,ER,East India,Odisha,20.95,85.09,5670.0,424000.0,626000.0
2022-03-06,NER,NE India,Assam,26.2,92.93,480.0,44000.0,16000.0
2022-03-06,NR,North India,Rajasthan,26.91,74.22,73900.0,1015000.0,631000.0
2022-03-06,SR,South India,Tamil Nadu,11.12,78.66,113670.0,1116000.0,542000.0
2022-03-06,WR,West India,Gujarat,23.02,72.57,44380.0,1357000.0,1282000.0
2022-03-07,ER,East India,Odisha,20.95,85.09,5350.0,428000.0,614000.0
2022-03-07,NER,NE India,Assam,26.2,92.93,490.0,46000.0,15000.0
2022-03-07,NR,North India,Rajasthan,26.91,74.22,93080.0,1036000.0,640000.0
2022-03-07,SR,South India,Tamil Nadu,11.12,78.66,106390.0,1154000.0,537000.0
2022-03-07,WR,West India,Gujarat,23.02,72.57,43330.0,1392000.0,1314000.0
2022-03-08,ER,East India,Odisha,20.95,85.09,5220.0,433000.0,625000.0
2022-03-08,NER,NE India,Assam,26.2,92.93,480.0,46000.0,15000.0
2022-03-08,NR,North India,Rajasthan,26.91,74.22,89360.0,1065000.0,650000.0
2022-03-08,SR,South India,Tamil Nadu,11.12,78.66,113480.0,1169000.0,540000.0
2022-03-08,WR,West India,Gujarat,23.02,72.57,41890.0,1392000.0,1323000.0
2022-03-09,ER,East India,Odisha,20.95,85.09,5300.0,433000.0,633000.0
2022-03-09,NER,NE India,Assam,26.2,92.93,440.0,48000.0,17000.0
2022-03-09,NR,North India,Rajasthan,26.91,74.22,88370.0,1070000.0,687000.0
2022-03-09,SR,South India,Tamil Nadu,11.12,78.66,118660.0,1190000.0,540000.0
2022-03-09,WR,West India,Gujarat,23.02,72.57,43160.0,1377000.0,1305000.0
2022-03-10,ER,East India,Odisha,20.95,85.09,5270.0,441000.0,632000.0
2022-03-10,NER,NE India,Assam,26.2,92.93,490.0,49000.0,15000.0
2022-03-10,NR,North India,Rajasthan,26.91,74.22,89980.0,1073000.0,683000.0
2022-03-10,SR,South India,Tamil Nadu,11.12,78.66,108470.0,1204000.0,572000.0
2022-03-10,WR,West India,Gujarat,23.02,72.57,44210.0,1367000.0,1322000.0
2022-03-11,ER,East India,Odisha,20.95,85.09,5210.0,446000.0,629000.0
2022-03-11,NER,NE India,Assam,26.2,92.93,460.0,48000.0,17000.0
2022-03-11,NR,North India,Rajasthan,26.91,74.22,92100.0,1080000.0,671000.0
2022-03-11,SR,South India,Tamil Nadu,11.12,78.66,108670.0,1206000.0,591000.0
2022-03-11,WR,West India,Gujarat,23.02,72.57,44630.0,1394000.0,1349000.0
2022-03-12,ER,East India,Odisha,20.95,85.09,5460.0,452000.0,624000.0
2022-03-12,NER,NE India,Assam,26.2,92.93,280.0,48000.0,16000.0
2022-03-12,NR,North India,Rajasthan,26.91,74.22,91200.0,1078000.0,652000.0
2022-03-12,SR,South India,Tamil Nadu,11.12,78.66,107490.0,1190000.0,587000.0
2022-03-12,WR,West India,Gujarat,23.02,72.57,46340.0,1383000.0,1366000.0
2022-03-13,ER,East India,Odisha,20.95,85.09,5350.0,448000.0,627000.0
2022-03-13,NER,NE India,Assam,26.2,92.93,280.0,47000.0,11000.0
2022-03-13,NR,North India,Rajasthan,26.91,74.22,90680.0,1054000.0,623000.0
2022-03-13,SR,South India,Tamil Nadu,11.12,78.66,114480.0,1136000.0,557000.0
2022-03-13,WR,West India,Gujarat,23.02,72.57,48130.0,1368000.0,1350000.0
2022-03-14,ER,East India,Odisha,20.95,85.09,6070.0,463000.0,636000.0
2022-03-14,NER,NE India,Assam,26.2,92.93,430.0,50000.0,12000.0
2022-03-14,NR,North India,Rajasthan,26.91,74.22,92700.0,1103000.0,638000.0
2022-03-14,SR,South India,Tamil Nadu,11.12,78.66,116720.0,1196000.0,588000.0
2022-03-14,WR,West India,Gujarat,23.02,72.57,45790.0,1407000.0,1404000.0
2022-03-15,ER,East India,Odisha,20.95,85.09,5220.0,462000.0,628000.0
2022-03-15,NER,NE India,Assam,26.2,92.93,430.0,50000.0,13000.0
2022-03-15,NR,North India,Rajasthan,26.91,74.22,94430.0,1134000.0,634000.0
2022-03-15,SR,South India,Tamil Nadu,11.12,78.66,114550.0,1209000.0,607000.0
2022-03-15,WR,West India,Gujarat,23.02,72.57,47680.0,1445000.0,1441000.0
2022-03-16,ER,East India,Odisha,20.95,85.09,5470.0,479000.0,637000.0
2022-03-16,NER,NE India,Assam,26.2,92.93,450.0,51000.0,13000.0
2022-03-16,NR,North India,Rajasthan,26.91,74.22,94290.0,1144000.0,612000.0
2022-03-16,SR,South India,Tamil Nadu,11.12,78.66,110270.0,1222000.0,626000.0
2022-03-16,WR,West India,Gujarat,23.02,72.57,48530.0,1458000.0,1470000.0
2022-03-17,ER,East India,Odisha,20.95,85.09,5340.0,489000.0,625000.0
2022-03-17,NER,NE India,Assam,26.2,92.93,440.0,51000.0,13000.0
2022-03-17,NR,North India,Rajasthan,26.91,74.22,95150.0,1137000.0,632000.0
2022-03-17,SR,South India,Tamil Nadu,11.12,78.66,108690.0,1234000.0,619000.0
2022-03-17,WR,West India,Gujarat,23.02,72.57,49790.0,1447000.0,1422000.0
2022-03-18,ER,East India,Odisha,20.95,85.09,5260.0,465000.0,580000.0
2022-03-18,NER,NE India,Assam,26.2,92.93,420.0,49000.0,12000.0
2022-03-18,NR,North India,Rajasthan,26.91,74.22,94470.0,1054000.0,591000.0
2022-03-18,SR,South India,Tamil Nadu,11.12,78.66,109440.0,1210000.0,570000.0
2022-03-18,WR,West India,Gujarat,23.02,72.57,47540.0,1268000.0,1285000.0
2022-03-19,ER,East India,Odisha,20.95,85.09,5450.0,459000.0,585000.0
2022-03-19,NER,NE India,Assam,26.2,92.93,350.0,49000.0,13000.0
2022-03-19,NR,North India,Rajasthan,26.91,74.22,97010.0,1055000.0,588000.0
2022-03-19,SR,South India,Tamil Nadu,11.12,78.66,103680.0,1185000.0,555000.0
2022-03-19,WR,West India,Gujarat,23.02,72.57,47270.0,1353000.0,1305000.0
2022-03-20,ER,East India,Odisha,20.95,85.09,4680.0,477000.0,589000.0
2022-03-20,NER,NE India,Assam,26.2,92.93,390.0,49000.0,12000.0
2022-03-20,NR,North India,Rajasthan,26.91,74.22,89400.0,1103000.0,605000.0
2022-03-20,SR,South India,Tamil Nadu,11.12,78.66,93420.0,1123000.0,551000.0
2022-03-20,WR,West India,Gujarat,23.02,72.57,46490.0,1401000.0,1346000.0
2022-03-21,ER,East India,Odisha,20.95,85.09,4960.0,502000.0,605000.0
2022-03-21,NER,NE India,Assam,26.2,92.93,390.0,52000.0,13000.0
2022-03-21,NR,North India,Rajasthan,26.91,74.22,89220.0,1146000.0,628000.0
2022-03-21,SR,South India,Tamil Nadu,11.12,78.66,106190.0,1186000.0,604000.0
2022-03-21,WR,West India,Gujarat,23.02,72.57,46920.0,1434000.0,1404000.0
2022-03-22,ER,East India,Odisha,20.95,85.09,5180.0,516000.0,611000.0
2022-03-22,NER,NE India,Assam,26.2,92.93,360.0,53000.0,13000.0
2022-03-22,NR,North India,Rajasthan,26.91,74.22,92590.0,1143000.0,642000.0
2022-03-22,SR,South India,Tamil Nadu,11.12,78.66,85240.0,1190000.0,625000.0
2022-03-22,WR,West India,Gujarat,23.02,72.57,43800.0,1436000.0,1398000.0
2022-03-23,ER,East India,Odisha,20.95,85.09,4500.0,514000.0,609000.0
2022-03-23,NER,NE India,Assam,26.2,92.93,350.0,54000.0,13000.0
2022-03-23,NR,North India,Rajasthan,26.91,74.22,92350.0,1134000.0,639000.0
2022-03-23,SR,South India,Tamil Nadu,11.12,78.66,97860.0,1203000.0,660000.0
2022-03-23,WR,West India,Gujarat,23.02,72.57,41570.0,1439000.0,1412000.0
2022-03-24,ER,East India,Odisha,20.95,85.09,5100.0,515000.0,618000.0
2022-03-24,NER,NE India,Assam,26.2,92.93,330.0,49000.0,13000.0
2022-03-24,NR,North India,Rajasthan,26.91,74.22,92170.0,1133000.0,641000.0
2022-03-24,SR,South India,Tamil Nadu,11.12,78.66,97070.0,1195000.0,662000.0
2022-03-24,WR,West India,Gujarat,23.02,72.57,38310.0,1438000.0,1436000.0
2022-03-25,ER,East India,Odisha,20.95,85.09,4840.0,513000.0,608000.0
2022-03-25,NER,NE India,Assam,26.2,92.93,300.0,44000.0,13000.0
2022-03-25,NR,North India,Rajasthan,26.91,74.22,92630.0,1125000.0,636000.0
2022-03-25,SR,South India,Tamil Nadu,11.12,78.66,98050.0,1186000.0,671000.0
2022-03-25,WR,West India,Gujarat,23.02,72.57,41240.0,1444000.0,1456000.0
2022-03-26,ER,East India,Odisha,20.95,85.09,4820.0,506000.0,591000.0
2022-03-26,NER,NE India,Assam,26.2,92.93,370.0,44000.0,13000.0
2022-03-26,NR,North India,Rajasthan,26.91,74.22,98180.0,1085000.0,625000.0
2022-03-26,SR,South India,Tamil Nadu,11.12,78.66,99140.0,1192000.0,674000.0
2022-03-26,WR,West India,Gujarat,23.02,72.57,45760.0,1444000.0,1447000.0
2022-03-27,ER,East India,Odisha,20.95,85.09,4690.0,506000.0,597000.0
2022-03-27,NER,NE India,Assam,26.2,92.93,400.0,45000.0,12000.0
2022-03-27,NR,North India,Rajasthan,26.91,74.22,97040.0,1092000.0,652000.0
2022-03-27,SR,South India,Tamil Nadu,11.12,78.66,102560.0,1149000.0,634000.0
2022-03-27,WR,West India,Gujarat,23.02,72.57,47770.0,1399000.0,1388000.0
2022-03-28,ER,East India,Odisha,20.95,85.09,5450.0,514000.0,610000.0
2022-03-28,NER,NE India,Assam,26.2,92.93,290.0,46000.0,12000.0
2022-03-28,NR,North India,Rajasthan,26.91,74.22,99220.0,1141000.0,679000.0
2022-03-28,SR,South India,Tamil Nadu,11.12,78.66,110520.0,1195000.0,659000.0
2022-03-28,WR,West India,Gujarat,23.02,72.57,49420.0,1434000.0,1405000.0
2022-03-29,ER,East India,Odisha,20.95,85.09,5020.0,523000.0,599000.0
2022-03-29,NER,NE India,Assam,26.2,92.93,210.0,47000.0,13000.0
2022-03-29,NR,North India,Rajasthan,26.91,74.22,100030.0,1164000.0,690000.0
2022-03-29,SR,South India,Tamil Nadu,11.12,78.66,111370.0,1234000.0,668000.0
2022-03-29,WR,West India,Gujarat,23.02,72.57,50670.0,1462000.0,1414000.0
2022-03-30,ER,East India,Odisha,20.95,85.09,5060.0,521000.0,610000.0
2022-03-30,NER,NE India,Assam,26.2,92.93,160.0,47000.0,13000.0
2022-03-30,NR,North India,Rajasthan,26.91,74.22,98760.0,1170000.0,701000.0
2022-03-30,SR,South India,Tamil Nadu,11.12,78.66,108000.0,1232000.0,657000.0
2022-03-30,WR,West India,Gujarat,23.02,72.57,48270.0,1467000.0,1446000.0
2022-03-31,ER,East India,Odisha,20.95,85.09,5070.0,521000.0,601000.0
2022-03-31,NER,NE India,Assam,26.2,92.93,120.0,50000.0,16000.0
2022-03-31,NR,North India,Rajasthan,26.91,74.22,103670.0,1178000.0,711000.0
2022-03-31,SR,South India,Tamil Nadu,11.12,78.66,111060.0,1245000.0,667000.0
2022-03-31,WR,West India,Gujarat,23.02,72.57,48190.0,1464000.0,1440000.0
2022-04-01,ER,East India,Odisha,20.95,85.09,4970.0,520000.0,603000.0
2022-04-01,NER,NE India,Assam,26.2,92.93,350.0,48000.0,12000.0
2022-04-01,NR,North India,Rajasthan,26.91,74.22,101790.0,1176000.0,735000.0
2022-04-01,SR,South India,Tamil Nadu,11.12,78.66,106690.0,1252000.0,663000.0
2022-04-01,WR,West India,Gujarat,23.02,72.57,49040.0,1444000.0,1439000.0
2022-04-02,ER,East India,Odisha,20.95,85.09,4950.0,534000.0,605000.0
2022-04-02,NER,NE India,Assam,26.2,92.93,150.0,47000.0,15000.0
2022-04-02,NR,North India,Rajasthan,26.91,74.22,103080.0,1145000.0,716000.0
2022-04-02,SR,South India,Tamil Nadu,11.12,78.66,102730.0,1209000.0,650000.0
2022-04-02,WR,West India,Gujarat,23.02,72.57,49900.0,1442000.0,1428000.0
2022-04-03,ER,East India,Odisha,20.95,85.09,4950.0,520000.0,604000.0
2022-04-03,NER,NE India,Assam,26.2,92.93,200.0,44000.0,14000.0
2022-04-03,NR,North India,Rajasthan,26.91,74.22,101090.0,1107000.0,697000.0
2022-04-03,SR,South India,Tamil Nadu,11.12,78.66,107260.0,1145000.0,612000.0
2022-04-03,WR,West India,Gujarat,23.02,72.57,49700.0,1422000.0,1359000.0
2022-04-04,ER,East India,Odisha,20.95,85.09,5070.0,514000.0,619000.0
2022-04-04,NER,NE India,Assam,26.2,92.93,180.0,42000.0,15000.0
2022-04-04,NR,North India,Rajasthan,26.91,74.22,101400.0,1152000.0,727000.0
2022-04-04,SR,South India,Tamil Nadu,11.12,78.66,107450.0,1215000.0,631000.0
2022-04-04,WR,West India,Gujarat,23.02,72.57,51980.0,1474000.0,1416000.0
2022-04-05,ER,East India,Odisha,20.95,85.09,4510.0,520000.0,599000.0
2022-04-05,NER,NE India,Assam,26.2,92.93,220.0,46000.0,17000.0
2022-04-05,NR,North India,Rajasthan,26.91,74.22,100470.0,1152000.0,730000.0
2022-04-05,SR,South India,Tamil Nadu,11.12,78.66,103270.0,1218000.0,631000.0
2022-04-05,WR,West India,Gujarat,23.02,72.57,51240.0,1500000.0,1448000.0
2022-04-06,ER,East India,Odisha,20.95,85.09,5190.0,528000.0,581000.0
2022-04-06,NER,NE India,Assam,26.2,92.93,210.0,47000.0,17000.0
2022-04-06,NR,North India,Rajasthan,26.91,74.22,101370.0,1164000.0,740000.0
2022-04-06,SR,South India,Tamil Nadu,11.12,78.66,107140.0,1200000.0,610000.0
2022-04-06,WR,West India,Gujarat,23.02,72.57,50220.0,1489000.0,1446000.0
2022-04-07,ER,East India,Odisha,20.95,85.09,5460.0,531000.0,581000.0
2022-04-07,NER,NE India,Assam,26.2,92.93,50.0,48000.0,17000.0
2022-04-07,NR,North India,Rajasthan,26.91,74.22,101380.0,1185000.0,734000.0
2022-04-07,SR,South India,Tamil Nadu,11.12,78.66,108730.0,1221000.0,655000.0
2022-04-07,WR,West India,Gujarat,23.02,72.57,50440.0,1485000.0,1433000.0
2022-04-08,ER,East India,Odisha,20.95,85.09,5000.0,536000.0,595000.0
2022-04-08,NER,NE India,Assam,26.2,92.93,270.0,49000.0,17000.0
2022-04-08,NR,North India,Rajasthan,26.91,74.22,99200.0,1213000.0,738000.0
2022-04-08,SR,South India,Tamil Nadu,11.12,78.66,106760.0,1226000.0,668000.0
2022-04-08,WR,West India,Gujarat,23.02,72.57,48390.0,1496000.0,1420000.0
2022-04-09,ER,East India,Odisha,20.95,85.09,5150.0,535000.0,591000.0
2022-04-09,NER,NE India,Assam,26.2,92.93,230.0,47000.0,17000.0
2022-04-09,NR,North India,Rajasthan,26.91,74.22,99490.0,1214000.0,738000.0
2022-04-09,SR,South India,Tamil Nadu,11.12,78.66,100630.0,1179000.0,651000.0
2022-04-09,WR,West India,Gujarat,23.02,72.57,49610.0,1502000.0,1429000.0
2022-04-10,ER,East India,Odisha,20.95,85.09,5100.0,520000.0,604000.0
2022-04-10,NER,NE India,Assam,26.2,92.93,250.0,42000.0,17000.0
2022-04-10,NR,North India,Rajasthan,26.91,74.22,99120.0,1172000.0,689000.0
2022-04-10,SR,South India,Tamil Nadu,11.12,78.66,92670.0,1110000.0,622000.0
2022-04-10,WR,West India,Gujarat,23.02,72.57,50200.0,1457000.0,1369000.0
2022-04-11,ER,East India,Odisha,20.95,85.09,5060.0,536000.0,611000.0
2022-04-11,NER,NE India,Assam,26.2,92.93,280.0,42000.0,18000.0
2022-04-11,NR,North India,Rajasthan,26.91,74.22,98750.0,1234000.0,723000.0
2022-04-11,SR,South India,Tamil Nadu,11.12,78.66,100780.0,1159000.0,653000.0
2022-04-11,WR,West India,Gujarat,23.02,72.57,48220.0,1466000.0,1379000.0
2022-04-12,ER,East India,Odisha,20.95,85.09,5090.0,542000.0,591000.0
2022-04-12,NER,NE India,Assam,26.2,92.93,440.0,48000.0,14000.0
2022-04-12,NR,North India,Rajasthan,26.91,74.22,100010.0,1244000.0,739000.0
2022-04-12,SR,South India,Tamil Nadu,11.12,78.66,105310.0,1165000.0,660000.0
2022-04-12,WR,West India,Gujarat,23.02,72.57,47710.0,1471000.0,1384000.0
2022-04-13,ER,East India,Odisha,20.95,85.09,4900.0,547000.0,596000.0
2022-04-13,NER,NE India,Assam,26.2,92.93,230.0,48000.0,12000.0
2022-04-13,NR,North India,Rajasthan,26.91,74.22,90670.0,1244000.0,755000.0
2022-04-13,SR,South India,Tamil Nadu,11.12,78.66,108140.0,1144000.0,642000.0
2022-04-13,WR,West India,Gujarat,23.02,72.57,49320.0,1468000.0,1412000.0
2022-04-14,ER,East India,Odisha,20.95,85.09,5170.0,553000.0,599000.0
2022-04-14,NER,NE India,Assam,26.2,92.93,230.0,40000.0,13000.0
2022-04-14,NR,North India,Rajasthan,26.91,74.22,91380.0,1215000.0,733000.0
2022-04-14,SR,South India,Tamil Nadu,11.12,78.66,99250.0,1067000.0,620000.0
2022-04-14,WR,West India,Gujarat,23.02,72.57,50260.0,1499000.0,1437000.0
2022-04-15,ER,East India,Odisha,20.95,85.09,5200.0,540000.0,616000.0
2022-04-15,NER,NE India,Assam,26.2,92.93,510.0,36000.0,17000.0
2022-04-15,NR,North India,Rajasthan,26.91,74.22,100270.0,1209000.0,719000.0
2022-04-15,SR,South India,Tamil Nadu,11.12,78.66,96980.0,1067000.0,607000.0
2022-04-15,WR,West India,Gujarat,23.02,72.57,49710.0,1499000.0,1411000.0
2022-04-16,ER,East India,Odisha,20.95,85.09,5110.0,560000.0,622000.0
2022-04-16,NER,NE India,Assam,26.2,92.93,520.0,39000.0,16000.0
2022-04-16,NR,North India,Rajasthan,26.91,74.22,100550.0,1233000.0,745000.0
2022-04-16,SR,South India,Tamil Nadu,11.12,78.66,99970.0,1092000.0,625000.0
2022-04-16,WR,West India,Gujarat,23.02,72.57,50240.0,1506000.0,1441000.0
2022-04-17,ER,East India,Odisha,20.95,85.09,5120.0,548000.0,603000.0
2022-04-17,NER,NE India,Assam,26.2,92.93,350.0,40000.0,16000.0
2022-04-17,NR,North India,Rajasthan,26.91,74.22,101380.0,1212000.0,722000.0
2022-04-17,SR,South India,Tamil Nadu,11.12,78.66,100210.0,1008000.0,581000.0
2022-04-17,WR,West India,Gujarat,23.02,72.57,52400.0,1466000.0,1385000.0
2022-04-18,ER,East India,Odisha,20.95,85.09,5210.0,553000.0,594000.0
2022-04-18,NER,NE India,Assam,26.2,92.93,410.0,40000.0,18000.0
2022-04-18,NR,North India,Rajasthan,26.91,74.22,97820.0,1258000.0,764000.0
2022-04-18,SR,South India,Tamil Nadu,11.12,78.66,111510.0,1063000.0,605000.0
2022-04-18,WR,West India,Gujarat,23.02,72.57,50960.0,1510000.0,1438000.0
2022-04-19,ER,East India,Odisha,20.95,85.09,5280.0,552000.0,601000.0
2022-04-19,NER,NE India,Assam,26.2,92.93,460.0,48000.0,17000.0
2022-04-19,NR,North India,Rajasthan,26.91,74.22,96300.0,1261000.0,764000.0
2022-04-19,SR,South India,Tamil Nadu,11.12,78.66,108530.0,1091000.0,624000.0
2022-04-19,WR,West India,Gujarat,23.02,72.57,50530.0,1518000.0,1446000.0
2022-04-20,ER,East India,Odisha,20.95,85.09,5140.0,513000.0,607000.0
2022-04-20,NER,NE India,Assam,26.2,92.93,300.0,42000.0,18000.0
2022-04-20,NR,North India,Rajasthan,26.91,74.22,88540.0,1272000.0,770000.0
2022-04-20,SR,South India,Tamil Nadu,11.12,78.66,114400.0,1096000.0,591000.0
2022-04-20,WR,West India,Gujarat,23.02,72.57,43200.0,1506000.0,1446000.0
2022-04-21,ER,East India,Odisha,20.95,85.09,4910.0,524000.0,625000.0
2022-04-21,NER,NE India,Assam,26.2,92.93,500.0,48000.0,17000.0
2022-04-21,NR,North India,Rajasthan,26.91,74.22,92080.0,1261000.0,776000.0
2022-04-21,SR,South India,Tamil Nadu,11.12,78.66,109570.0,1135000.0,598000.0
2022-04-21,WR,West India,Gujarat,23.02,72.57,40710.0,1478000.0,1439000.0
2022-04-22,ER,East India,Odisha,20.95,85.09,5340.0,531000.0,624000.0
2022-04-22,NER,NE India,Assam,26.2,92.93,280.0,47000.0,17000.0
2022-04-22,NR,North India,Rajasthan,26.91,74.22,100870.0,1213000.0,763000.0
2022-04-22,SR,South India,Tamil Nadu,11.12,78.66,105040.0,1128000.0,594000.0
2022-04-22,WR,West India,Gujarat,23.02,72.57,49450.0,1461000.0,1460000.0
2022-04-23,ER,East India,Odisha,20.95,85.09,5150.0,528000.0,607000.0
2022-04-23,NER,NE India,Assam,26.2,92.93,290.0,46000.0,18000.0
2022-04-23,NR,North India,Rajasthan,26.91,74.22,99810.0,1231000.0,773000.0
2022-04-23,SR,South India,Tamil Nadu,11.12,78.66,96790.0,1117000.0,618000.0
2022-04-23,WR,West India,Gujarat,23.02,72.57,49320.0,1498000.0,1466000.0
2022-04-24,ER,East India,Odisha,20.95,85.09,5430.0,520000.0,595000.0
2022-04-24,NER,NE India,Assam,26.2,92.93,400.0,47000.0,16000.0
2022-04-24,NR,North India,Rajasthan,26.91,74.22,97390.0,1206000.0,726000.0
2022-04-24,SR,South India,Tamil Nadu,11.12,78.66,112140.0,1067000.0,606000.0
2022-04-24,WR,West India,Gujarat,23.02,72.57,49050.0,1462000.0,1415000.0
2022-04-25,ER,East India,Odisha,20.95,85.09,5830.0,544000.0,606000.0
2022-04-25,NER,NE India,Assam,26.2,92.93,410.0,51000.0,17000.0
2022-04-25,NR,North India,Rajasthan,26.91,74.22,95160.0,1238000.0,746000.0
2022-04-25,SR,South India,Tamil Nadu,11.12,78.66,110190.0,1135000.0,665000.0
2022-04-25,WR,West India,Gujarat,23.02,72.57,52760.0,1503000.0,1453000.0
2022-04-26,ER,East India,Odisha,20.95,85.09,5380.0,556000.0,597000.0
2022-04-26,NER,NE India,Assam,26.2,92.93,500.0,50000.0,17000.0
2022-04-26,NR,North India,Rajasthan,26.91,74.22,102300.0,1231000.0,738000.0
2022-04-26,SR,South India,Tamil Nadu,11.12,78.66,112090.0,1148000.0,682000.0
2022-04-26,WR,West India,Gujarat,23.02,72.57,53970.0,1513000.0,1459000.0
2022-04-27,ER,East India,Odisha,20.95,85.09,5580.0,556000.0,595000.0
2022-04-27,NER,NE India,Assam,26.2,92.93,480.0,44000.0,17000.0
2022-04-27,NR,North India,Rajasthan,26.91,74.22,103770.0,1248000.0,743000.0
2022-04-27,SR,South India,Tamil Nadu,11.12,78.66,111320.0,1168000.0,695000.0
2022-04-27,WR,West India,Gujarat,23.02,72.57,53490.0,1519000.0,1457000.0
2022-04-28,ER,East India,Odisha,20.95,85.09,5110.0,547000.0,577000.0
2022-04-28,NER,NE India,Assam,26.2,92.93,680.0,49000.0,17000.0
2022-04-28,NR,North India,Rajasthan,26.91,74.22,104870.0,1278000.0,743000.0
2022-04-28,SR,South India,Tamil Nadu,11.12,78.66,110500.0,1168000.0,689000.0
2022-04-28,WR,West India,Gujarat,23.02,72.57,52990.0,1526000.0,1455000.0
2022-04-29,ER,East India,Odisha,20.95,85.09,4730.0,546000.0,575000.0
2022-04-29,NER,NE India,Assam,26.2,92.93,770.0,50000.0,17000.0
2022-04-29,NR,North India,Rajasthan,26.91,74.22,107910.0,1303000.0,763000.0
2022-04-29,SR,South India,Tamil Nadu,11.12,78.66,112980.0,1148000.0,670000.0
2022-04-29,WR,West India,Gujarat,23.02,72.57,54930.0,1531000.0,1420000.0
2022-04-30,ER,East India,Odisha,20.95,85.09,4390.0,476000.0,573000.0
2022-04-30,NER,NE India,Assam,26.2,92.93,540.0,41000.0,15000.0
2022-04-30,NR,North India,Rajasthan,26.91,74.22,100940.0,1371000.0,768000.0
2022-04-30,SR,South India,Tamil Nadu,11.12,78.66,113310.0,1161000.0,658000.0
2022-04-30,WR,West India,Gujarat,23.02,72.57,54830.0,1513000.0,1370000.0
2022-05-01,ER,East India,Odisha,20.95,85.09,4390.0,447000.0,560000.0
2022-05-01,NER,NE India,Assam,26.2,92.93,660.0,44000.0,12000.0
2022-05-01,NR,North India,Rajasthan,26.91,74.22,103620.0,1378000.0,721000.0
2022-05-01,SR,South India,Tamil Nadu,11.12,78.66,112660.0,1066000.0,601000.0
2022-05-01,WR,West India,Gujarat,23.02,72.57,52950.0,1443000.0,1317000.0
2022-05-02,ER,East India,Odisha,20.95,85.09,5380.0,461000.0,576000.0
2022-05-02,NER,NE India,Assam,26.2,92.93,350.0,44000.0,16000.0
2022-05-02,NR,North India,Rajasthan,26.91,74.22,96460.0,1395000.0,742000.0
2022-05-02,SR,South India,Tamil Nadu,11.12,78.66,113760.0,1102000.0,630000.0
2022-05-02,WR,West India,Gujarat,23.02,72.57,53430.0,1487000.0,1374000.0
2022-05-03,ER,East India,Odisha,20.95,85.09,5040.0,447000.0,581000.0
2022-05-03,NER,NE India,Assam,26.2,92.93,490.0,43000.0,15000.0
2022-05-03,NR,North India,Rajasthan,26.91,74.22,97760.0,1394000.0,744000.0
2022-05-03,SR,South India,Tamil Nadu,11.12,78.66,110770.0,1109000.0,610000.0
2022-05-03,WR,West India,Gujarat,23.02,72.57,54850.0,1482000.0,1379000.0
2022-05-04,ER,East India,Odisha,20.95,85.09,5140.0,476000.0,589000.0
2022-05-04,NER,NE India,Assam,26.2,92.93,740.0,45000.0,17000.0
2022-05-04,NR,North India,Rajasthan,26.91,74.22,92490.0,1321000.0,714000.0
2022-05-04,SR,South India,Tamil Nadu,11.12,78.66,100120.0,1065000.0,634000.0
2022-05-04,WR,West India,Gujarat,23.02,72.57,49830.0,1483000.0,1414000.0
2022-05-05,ER,East India,Odisha,20.95,85.09,5090.0,475000.0,579000.0
2022-05-05,NER,NE India,Assam,26.2,92.93,830.0,50000.0,17000.0
2022-05-05,NR,North India,Rajasthan,26.91,74.22,91930.0,1233000.0,690000.0
2022-05-05,SR,South India,Tamil Nadu,11.12,78.66,105890.0,1052000.0,634000.0
2022-05-05,WR,West India,Gujarat,23.02,72.57,53570.0,1489000.0,1379000.0
2022-05-06,ER,East India,Odisha,20.95,85.09,5160.0,480000.0,596000.0
2022-05-06,NER,NE India,Assam,26.2,92.93,900.0,53000.0,17000.0
2022-05-06,NR,North India,Rajasthan,26.91,74.22,96950.0,1333000.0,731000.0
2022-05-06,SR,South India,Tamil Nadu,11.12,78.66,112210.0,1071000.0,657000.0
2022-05-06,WR,West India,Gujarat,23.02,72.57,51470.0,1487000.0,1428000.0
2022-05-07,ER,East India,Odisha,20.95,85.09,5220.0,513000.0,608000.0
2022-05-07,NER,NE India,Assam,26.2,92.93,640.0,55000.0,15000.0
2022-05-07,NR,North India,Rajasthan,26.91,74.22,103570.0,1367000.0,739000.0
2022-05-07,SR,South India,Tamil Nadu,11.12,78.66,107250.0,1056000.0,658000.0
2022-05-07,WR,West India,Gujarat,23.02,72.57,51770.0,1480000.0,1420000.0
2022-05-08,ER,East India,Odisha,20.95,85.09,5560.0,521000.0,589000.0
2022-05-08,NER,NE India,Assam,26.2,92.93,760.0,53000.0,14000.0
2022-05-08,NR,North India,Rajasthan,26.91,74.22,103950.0,1339000.0,719000.0
2022-05-08,SR,South India,Tamil Nadu,11.12,78.66,96180.0,998000.0,612000.0
2022-05-08,WR,West India,Gujarat,23.02,72.57,53130.0,1447000.0,1372000.0
2022-05-09,ER,East India,Odisha,20.95,85.09,5690.0,514000.0,603000.0
2022-05-09,NER,NE India,Assam,26.2,92.93,790.0,54000.0,15000.0
2022-05-09,NR,North India,Rajasthan,26.91,74.22,107110.0,1405000.0,734000.0
2022-05-09,SR,South India,Tamil Nadu,11.12,78.66,91050.0,1027000.0,599000.0
2022-05-09,WR,West India,Gujarat,23.02,72.57,50210.0,1490000.0,1390000.0
2022-05-10,ER,East India,Odisha,20.95,85.09,4890.0,516000.0,580000.0
2022-05-10,NER,NE India,Assam,26.2,92.93,520.0,52000.0,15000.0
2022-05-10,NR,North India,Rajasthan,26.91,74.22,108730.0,1447000.0,741000.0
2022-05-10,SR,South India,Tamil Nadu,11.12,78.66,89920.0,968000.0,567000.0
2022-05-10,WR,West India,Gujarat,23.02,72.57,48890.0,1494000.0,1386000.0
2022-05-11,ER,East India,Odisha,20.95,85.09,4840.0,515000.0,572000.0
2022-05-11,NER,NE India,Assam,26.2,92.93,530.0,51000.0,15000.0
2022-05-11,NR,North India,Rajasthan,26.91,74.22,104770.0,1489000.0,748000.0
2022-05-11,SR,South India,Tamil Nadu,11.12,78.66,41650.0,942000.0,577000.0
2022-05-11,WR,West India,Gujarat,23.02,72.57,48270.0,1499000.0,1391000.0
2022-05-12,ER,East India,Odisha,20.95,85.09,4370.0,521000.0,560000.0
2022-05-12,NER,NE India,Assam,26.2,92.93,520.0,51000.0,12000.0
2022-05-12,NR,North India,Rajasthan,26.91,74.22,104830.0,1518000.0,731000.0
2022-05-12,SR,South India,Tamil Nadu,11.12,78.66,61300.0,939000.0,566000.0
2022-05-12,WR,West India,Gujarat,23.02,72.57,50020.0,1496000.0,1365000.0
2022-05-13,ER,East India,Odisha,20.95,85.09,5090.0,528000.0,575000.0
2022-05-13,NER,NE India,Assam,26.2,92.93,240.0,47000.0,12000.0
2022-05-13,NR,North India,Rajasthan,26.91,74.22,106560.0,1511000.0,703000.0
2022-05-13,SR,South India,Tamil Nadu,11.12,78.66,89100.0,946000.0,582000.0
2022-05-13,WR,West India,Gujarat,23.02,72.57,49320.0,1470000.0,1341000.0
2022-05-14,ER,East India,Odisha,20.95,85.09,5130.0,514000.0,583000.0
2022-05-14,NER,NE India,Assam,26.2,92.93,20.0,47000.0,11000.0
2022-05-14,NR,North India,Rajasthan,26.91,74.22,109680.0,1526000.0,714000.0
2022-05-14,SR,South India,Tamil Nadu,11.12,78.66,107080.0,978000.0,571000.0
2022-05-14,WR,West India,Gujarat,23.02,72.57,52510.0,1467000.0,1322000.0
2022-05-15,ER,East India,Odisha,20.95,85.09,5560.0,520000.0,571000.0
2022-05-15,NER,NE India,Assam,26.2,92.93,200.0,44000.0,12000.0
2022-05-15,NR,North India,Rajasthan,26.91,74.22,107430.0,1487000.0,705000.0
2022-05-15,SR,South India,Tamil Nadu,11.12,78.66,96080.0,901000.0,548000.0
2022-05-15,WR,West India,Gujarat,23.02,72.57,51560.0,1431000.0,1277000.0
2022-05-16,ER,East India,Odisha,20.95,85.09,5060.0,534000.0,594000.0
2022-05-16,NER,NE India,Assam,26.2,92.93,170.0,44000.0,13000.0
2022-05-16,NR,North India,Rajasthan,26.91,74.22,98830.0,1504000.0,721000.0
2022-05-16,SR,South India,Tamil Nadu,11.12,78.66,94630.0,958000.0,548000.0
2022-05-16,WR,West India,Gujarat,23.02,72.57,50280.0,1461000.0,1329000.0
2022-05-17,ER,East India,Odisha,20.95,85.09,5560.0,527000.0,595000.0
2022-05-17,NER,NE India,Assam,26.2,92.93,240.0,44000.0,16000.0
2022-05-17,NR,North India,Rajasthan,26.91,74.22,104120.0,1483000.0,735000.0
2022-05-17,SR,South India,Tamil Nadu,11.12,78.66,90000.0,974000.0,582000.0
2022-05-17,WR,West India,Gujarat,23.02,72.57,50020.0,1480000.0,1363000.0
2022-05-18,ER,East India,Odisha,20.95,85.09,5410.0,530000.0,585000.0
2022-05-18,NER,NE India,Assam,26.2,92.93,540.0,44000.0,16000.0
2022-05-18,NR,North India,Rajasthan,26.91,74.22,105650.0,1480000.0,760000.0
2022-05-18,SR,South India,Tamil Nadu,11.12,78.66,73960.0,957000.0,619000.0
2022-05-18,WR,West India,Gujarat,23.02,72.57,47530.0,1467000.0,1397000.0
2022-05-19,ER,East India,Odisha,20.95,85.09,5380.0,520000.0,563000.0
2022-05-19,NER,NE India,Assam,26.2,92.93,390.0,41000.0,18000.0
2022-05-19,NR,North India,Rajasthan,26.91,74.22,105170.0,1516000.0,763000.0
2022-05-19,SR,South India,Tamil Nadu,11.12,78.66,76690.0,937000.0,604000.0
2022-05-19,WR,West India,Gujarat,23.02,72.57,48440.0,1459000.0,1396000.0
2022-05-20,ER,East India,Odisha,20.95,85.09,5240.0,529000.0,564000.0
2022-05-20,NER,NE India,Assam,26.2,92.93,370.0,43000.0,15000.0
2022-05-20,NR,North India,Rajasthan,26.91,74.22,96940.0,1530000.0,736000.0
2022-05-20,SR,South India,Tamil Nadu,11.12,78.66,89020.0,931000.0,577000.0
2022-05-20,WR,West India,Gujarat,23.02,72.57,48870.0,1419000.0,1302000.0
2022-05-21,ER,East India,Odisha,20.95,85.09,5160.0,506000.0,518000.0
2022-05-21,NER,NE India,Assam,26.2,92.93,350.0,43000.0,11000.0
2022-05-21,NR,North India,Rajasthan,26.91,74.22,101510.0,1424000.0,646000.0
2022-05-21,SR,South India,Tamil Nadu,11.12,78.66,86120.0,923000.0,501000.0
2022-05-21,WR,West India,Gujarat,23.02,72.57,49770.0,1381000.0,1196000.0
2022-05-22,ER,East India,Odisha,20.95,85.09,5180.0,460000.0,490000.0
2022-05-22,NER,NE India,Assam,26.2,92.93,750.0,48000.0,10000.0
2022-05-22,NR,North India,Rajasthan,26.91,74.22,107990.0,1353000.0,608000.0
2022-05-22,SR,South India,Tamil Nadu,11.12,78.66,109240.0,875000.0,419000.0
2022-05-22,WR,West India,Gujarat,23.02,72.57,48680.0,1317000.0,1099000.0
2022-05-23,ER,East India,Odisha,20.95,85.09,5250.0,507000.0,508000.0
2022-05-23,NER,NE India,Assam,26.2,92.93,620.0,52000.0,10000.0
2022-05-23,NR,North India,Rajasthan,26.91,74.22,82290.0,1033000.0,511000.0
2022-05-23,SR,South India,Tamil Nadu,11.12,78.66,115970.0,987000.0,450000.0
2022-05-23,WR,West India,Gujarat,23.02,72.57,44020.0,1367000.0,1125000.0
2022-05-24,ER,East India,Odisha,20.95,85.09,5420.0,514000.0,556000.0
2022-05-24,NER,NE India,Assam,26.2,92.93,670.0,57000.0,12000.0
2022-05-24,NR,North India,Rajasthan,26.91,74.22,99960.0,1031000.0,545000.0
2022-05-24,SR,South India,Tamil Nadu,11.12,78.66,115510.0,1041000.0,534000.0
2022-05-24,WR,West India,Gujarat,23.02,72.57,48230.0,1380000.0,1193000.0
2022-05-25,ER,East India,Odisha,20.95,85.09,5520.0,518000.0,594000.0
2022-05-25,NER,NE India,Assam,26.2,92.93,470.0,55000.0,17000.0
2022-05-25,NR,North India,Rajasthan,26.91,74.22,104150.0,1203000.0,638000.0
2022-05-25,SR,South India,Tamil Nadu,11.12,78.66,114060.0,1037000.0,603000.0
2022-05-25,WR,West India,Gujarat,23.02,72.57,49120.0,1382000.0,1274000.0
2022-05-26,ER,East India,Odisha,20.95,85.09,5500.0,523000.0,591000.0
2022-05-26,NER,NE India,Assam,26.2,92.93,690.0,54000.0,14000.0
2022-05-26,NR,North India,Rajasthan,26.91,74.22,106680.0,1297000.0,673000.0
2022-05-26,SR,South India,Tamil Nadu,11.12,78.66,113610.0,1039000.0,578000.0
2022-05-26,WR,West India,Gujarat,23.02,72.57,50600.0,1412000.0,1292000.0
2022-05-27,ER,East India,Odisha,20.95,85.09,5370.0,532000.0,576000.0
2022-05-27,NER,NE India,Assam,26.2,92.93,650.0,53000.0,13000.0
2022-05-27,NR,North India,Rajasthan,26.91,74.22,104750.0,1364000.0,679000.0
2022-05-27,SR,South India,Tamil Nadu,11.12,78.66,120280.0,1033000.0,538000.0
2022-05-27,WR,West India,Gujarat,23.02,72.57,51100.0,1398000.0,1267000.0
2022-05-28,ER,East India,Odisha,20.95,85.09,5090.0,541000.0,580000.0
2022-05-28,NER,NE India,Assam,26.2,92.93,670.0,55000.0,14000.0
2022-05-28,NR,North India,Rajasthan,26.91,74.22,104530.0,1370000.0,678000.0
2022-05-28,SR,South India,Tamil Nadu,11.12,78.66,109750.0,1045000.0,538000.0
2022-05-28,WR,West India,Gujarat,23.02,72.57,50440.0,1400000.0,1244000.0
2022-05-29,ER,East India,Odisha,20.95,85.09,5030.0,521000.0,567000.0
2022-05-29,NER,NE India,Assam,26.2,92.93,770.0,56000.0,14000.0
2022-05-29,NR,North India,Rajasthan,26.91,74.22,103540.0,1329000.0,660000.0
2022-05-29,SR,South India,Tamil Nadu,11.12,78.66,120230.0,1012000.0,503000.0
2022-05-29,WR,West India,Gujarat,23.02,72.57,48340.0,1375000.0,1222000.0
2022-05-30,ER,East India,Odisha,20.95,85.09,5020.0,538000.0,601000.0
2022-05-30,NER,NE India,Assam,26.2,92.93,740.0,57000.0,16000.0
2022-05-30,NR,North India,Rajasthan,26.91,74.22,108420.0,1381000.0,718000.0
2022-05-30,SR,South India,Tamil Nadu,11.12,78.66,118560.0,1081000.0,570000.0
2022-05-30,WR,West India,Gujarat,23.02,72.57,48650.0,1413000.0,1290000.0
2022-05-31,ER,East India,Odisha,20.95,85.09,4980.0,553000.0,611000.0
2022-05-31,NER,NE India,Assam,26.2,92.93,420.0,59000.0,15000.0
2022-05-31,NR,North India,Rajasthan,26.91,74.22,109340.0,1440000.0,722000.0
2022-05-31,SR,South India,Tamil Nadu,11.12,78.66,103050.0,1081000.0,598000.0
2022-05-31,WR,West India,Gujarat,23.02,72.57,50710.0,1442000.0,1328000.0
2022-06-01,ER,East India,Odisha,20.95,85.09,4570.0,547000.0,604000.0
2022-06-01,NER,NE India,Assam,26.2,92.93,450.0,58000.0,15000.0
2022-06-01,NR,North India,Rajasthan,26.91,74.22,108840.0,1457000.0,719000.0
2022-06-01,SR,South India,Tamil Nadu,11.12,78.66,114260.0,1070000.0,587000.0
2022-06-01,WR,West India,Gujarat,23.02,72.57,51310.0,1413000.0,1333000.0
2022-06-02,ER,East India,Odisha,20.95,85.09,4890.0,557000.0,607000.0
2022-06-02,NER,NE India,Assam,26.2,92.93,490.0,59000.0,16000.0
2022-06-02,NR,North India,Rajasthan,26.91,74.22,104550.0,1480000.0,744000.0
2022-06-02,SR,South India,Tamil Nadu,11.12,78.66,115130.0,1086000.0,581000.0
2022-06-02,WR,West India,Gujarat,23.02,72.57,52160.0,1434000.0,1365000.0
2022-06-03,ER,East India,Odisha,20.95,85.09,4930.0,560000.0,590000.0
2022-06-03,NER,NE India,Assam,26.2,92.93,410.0,57000.0,16000.0
2022-06-03,NR,North India,Rajasthan,26.91,74.22,109880.0,1505000.0,759000.0
2022-06-03,SR,South India,Tamil Nadu,11.12,78.66,114200.0,1077000.0,589000.0
2022-06-03,WR,West India,Gujarat,23.02,72.57,51750.0,1440000.0,1342000.0
2022-06-04,ER,East India,Odisha,20.95,85.09,4860.0,544000.0,590000.0
2022-06-04,NER,NE India,Assam,26.2,92.93,530.0,55000.0,17000.0
2022-06-04,NR,North India,Rajasthan,26.91,74.22,113920.0,1500000.0,761000.0
2022-06-04,SR,South India,Tamil Nadu,11.12,78.66,113360.0,1078000.0,583000.0
2022-06-04,WR,West India,Gujarat,23.02,72.57,51070.0,1449000.0,1381000.0
2022-06-05,ER,East India,Odisha,20.95,85.09,5350.0,535000.0,565000.0
2022-06-05,NER,NE India,Assam,26.2,92.93,430.0,51000.0,16000.0
2022-06-05,NR,North India,Rajasthan,26.91,74.22,112350.0,1472000.0,724000.0
2022-06-05,SR,South India,Tamil Nadu,11.12,78.66,135740.0,1018000.0,574000.0
2022-06-05,WR,West India,Gujarat,23.02,72.57,51870.0,1410000.0,1351000.0
2022-06-06,ER,East India,Odisha,20.95,85.09,5860.0,551000.0,606000.0
2022-06-06,NER,NE India,Assam,26.2,92.93,410.0,53000.0,17000.0
2022-06-06,NR,North India,Rajasthan,26.91,74.22,111370.0,1529000.0,751000.0
2022-06-06,SR,South India,Tamil Nadu,11.12,78.66,85260.0,978000.0,597000.0
2022-06-06,WR,West India,Gujarat,23.02,72.57,50640.0,1451000.0,1384000.0
2022-06-07,ER,East India,Odisha,20.95,85.09,5310.0,558000.0,613000.0
2022-06-07,NER,NE India,Assam,26.2,92.93,540.0,58000.0,16000.0
2022-06-07,NR,North India,Rajasthan,26.91,74.22,110230.0,1579000.0,755000.0
2022-06-07,SR,South India,Tamil Nadu,11.12,78.66,97320.0,1011000.0,592000.0
2022-06-07,WR,West India,Gujarat,23.02,72.57,52210.0,1471000.0,1364000.0
2022-06-08,ER,East India,Odisha,20.95,85.09,4680.0,565000.0,603000.0
2022-06-08,NER,NE India,Assam,26.2,92.93,470.0,58000.0,15000.0
2022-06-08,NR,North India,Rajasthan,26.91,74.22,109240.0,1588000.0,751000.0
2022-06-08,SR,South India,Tamil Nadu,11.12,78.66,106250.0,1037000.0,568000.0
2022-06-08,WR,West India,Gujarat,23.02,72.57,52720.0,1463000.0,1342000.0
2022-06-09,ER,East India,Odisha,20.95,85.09,5430.0,557000.0,594000.0
2022-06-09,NER,NE India,Assam,26.2,92.93,380.0,56000.0,15000.0
2022-06-09,NR,North India,Rajasthan,26.91,74.22,112400.0,1604000.0,733000.0
2022-06-09,SR,South India,Tamil Nadu,11.12,78.66,113100.0,1064000.0,559000.0
2022-06-09,WR,West India,Gujarat,23.02,72.57,52770.0,1432000.0,1334000.0
2022-06-10,ER,East India,Odisha,20.95,85.09,6340.0,547000.0,590000.0
2022-06-10,NER,NE India,Assam,26.2,92.93,450.0,56000.0,14000.0
2022-06-10,NR,North India,Rajasthan,26.91,74.22,109000.0,1604000.0,733000.0
2022-06-10,SR,South India,Tamil Nadu,11.12,78.66,105540.0,1087000.0,578000.0
2022-06-10,WR,West India,Gujarat,23.02,72.57,51580.0,1428000.0,1383000.0
2022-06-11,ER,East India,Odisha,20.95,85.09,5310.0,544000.0,578000.0
2022-06-11,NER,NE India,Assam,26.2,92.93,610.0,56000.0,14000.0
2022-06-11,NR,North India,Rajasthan,26.91,74.22,113600.0,1602000.0,734000.0
2022-06-11,SR,South India,Tamil Nadu,11.12,78.66,110540.0,1072000.0,577000.0
2022-06-11,WR,West India,Gujarat,23.02,72.57,46950.0,1380000.0,1366000.0
2022-06-12,ER,East India,Odisha,20.95,85.09,5740.0,534000.0,581000.0
2022-06-12,NER,NE India,Assam,26.2,92.93,410.0,51000.0,14000.0
2022-06-12,NR,North India,Rajasthan,26.91,74.22,114350.0,1565000.0,728000.0
2022-06-12,SR,South India,Tamil Nadu,11.12,78.66,109760.0,1009000.0,550000.0
2022-06-12,WR,West India,Gujarat,23.02,72.57,42330.0,1281000.0,1315000.0
2022-06-13,ER,East India,Odisha,20.95,85.09,5720.0,560000.0,595000.0
2022-06-13,NER,NE India,Assam,26.2,92.93,210.0,45000.0,18000.0
2022-06-13,NR,North India,Rajasthan,26.91,74.22,97490.0,1566000.0,760000.0
2022-06-13,SR,South India,Tamil Nadu,11.12,78.66,104420.0,1051000.0,583000.0
2022-06-13,WR,West India,Gujarat,23.02,72.57,41230.0,1332000.0,1432000.0
2022-06-14,ER,East India,Odisha,20.95,85.09,5510.0,558000.0,604000.0
2022-06-14,NER,NE India,Assam,26.2,92.93,180.0,44000.0,18000.0
2022-06-14,NR,North India,Rajasthan,26.91,74.22,93120.0,1581000.0,753000.0
2022-06-14,SR,South India,Tamil Nadu,11.12,78.66,113730.0,1071000.0,602000.0
2022-06-14,WR,West India,Gujarat,23.02,72.57,50490.0,1365000.0,1457000.0
2022-06-15,ER,East India,Odisha,20.95,85.09,5530.0,525000.0,588000.0
2022-06-15,NER,NE India,Assam,26.2,92.93,220.0,44000.0,16000.0
2022-06-15,NR,North India,Rajasthan,26.91,74.22,114110.0,1638000.0,758000.0
2022-06-15,SR,South India,Tamil Nadu,11.12,78.66,87290.0,1028000.0,559000.0
2022-06-15,WR,West India,Gujarat,23.02,72.57,46390.0,1364000.0,1414000.0
2022-06-16,ER,East India,Odisha,20.95,85.09,4180.0,549000.0,595000.0
2022-06-16,NER,NE India,Assam,26.2,92.93,160.0,42000.0,14000.0
2022-06-16,NR,North India,Rajasthan,26.91,74.22,108750.0,1568000.0,718000.0
2022-06-16,SR,South India,Tamil Nadu,11.12,78.66,103110.0,1004000.0,549000.0
2022-06-16,WR,West India,Gujarat,23.02,72.57,44900.0,1351000.0,1347000.0
2022-06-17,ER,East India,Odisha,20.95,85.09,4620.0,528000.0,598000.0
2022-06-17,NER,NE India,Assam,26.2,92.93,170.0,41000.0,16000.0
2022-06-17,NR,North India,Rajasthan,26.91,74.22,109940.0,1423000.0,689000.0
2022-06-17,SR,South India,Tamil Nadu,11.12,78.66,96440.0,1005000.0,543000.0
2022-06-17,WR,West India,Gujarat,23.02,72.57,48430.0,1349000.0,1308000.0
2022-06-18,ER,East India,Odisha,20.95,85.09,4360.0,504000.0,598000.0
2022-06-18,NER,NE India,Assam,26.2,92.93,200.0,42000.0,17000.0
2022-06-18,NR,North India,Rajasthan,26.91,74.22,83040.0,1357000.0,697000.0
2022-06-18,SR,South India,Tamil Nadu,11.12,78.66,92710.0,985000.0,522000.0
2022-06-18,WR,West India,Gujarat,23.02,72.57,44460.0,1330000.0,1274000.0
2022-06-19,ER,East India,Odisha,20.95,85.09,6220.0,488000.0,566000.0
2022-06-19,NER,NE India,Assam,26.2,92.93,410.0,43000.0,14000.0
2022-06-19,NR,North India,Rajasthan,26.91,74.22,87750.0,1302000.0,656000.0
2022-06-19,SR,South India,Tamil Nadu,11.12,78.66,115910.0,915000.0,476000.0
2022-06-19,WR,West India,Gujarat,23.02,72.57,41770.0,1254000.0,1168000.0
2022-06-20,ER,East India,Odisha,20.95,85.09,5200.0,503000.0,562000.0
2022-06-20,NER,NE India,Assam,26.2,92.93,550.0,46000.0,12000.0
2022-06-20,NR,North India,Rajasthan,26.91,74.22,93130.0,1344000.0,684000.0
2022-06-20,SR,South India,Tamil Nadu,11.12,78.66,100550.0,953000.0,486000.0
2022-06-20,WR,West India,Gujarat,23.02,72.57,45640.0,1267000.0,1127000.0
2022-06-21,ER,East India,Odisha,20.95,85.09,5380.0,524000.0,549000.0
2022-06-21,NER,NE India,Assam,26.2,92.93,590.0,51000.0,14000.0
2022-06-21,NR,North India,Rajasthan,26.91,74.22,66970.0,1317000.0,686000.0
2022-06-21,SR,South India,Tamil Nadu,11.12,78.66,89710.0,941000.0,467000.0
2022-06-21,WR,West India,Gujarat,23.02,72.57,46840.0,1280000.0,1154000.0
2022-06-22,ER,East India,Odisha,20.95,85.09,5440.0,540000.0,595000.0
2022-06-22,NER,NE India,Assam,26.2,92.93,2400.0,56000.0,17000.0
2022-06-22,NR,North India,Rajasthan,26.91,74.22,103450.0,1360000.0,757000.0
2022-06-22,SR,South India,Tamil Nadu,11.12,78.66,96460.0,952000.0,501000.0
2022-06-22,WR,West India,Gujarat,23.02,72.57,46110.0,1283000.0,1217000.0
2022-06-23,ER,East India,Odisha,20.95,85.09,5610.0,549000.0,606000.0
2022-06-23,NER,NE India,Assam,26.2,92.93,1880.0,56000.0,18000.0
2022-06-23,NR,North India,Rajasthan,26.91,74.22,109950.0,1474000.0,804000.0
2022-06-23,SR,South India,Tamil Nadu,11.12,78.66,102960.0,983000.0,530000.0
2022-06-23,WR,West India,Gujarat,23.02,72.57,44510.0,1279000.0,1261000.0
2022-06-24,ER,East India,Odisha,20.95,85.09,4140.0,542000.0,612000.0
2022-06-24,NER,NE India,Assam,26.2,92.93,470.0,57000.0,17000.0
2022-06-24,NR,North India,Rajasthan,26.91,74.22,111590.0,1524000.0,801000.0
2022-06-24,SR,South India,Tamil Nadu,11.12,78.66,106000.0,991000.0,512000.0
2022-06-24,WR,West India,Gujarat,23.02,72.57,47930.0,1281000.0,1259000.0
2022-06-25,ER,East India,Odisha,20.95,85.09,4230.0,531000.0,590000.0
2022-06-25,NER,NE India,Assam,26.2,92.93,580.0,56000.0,17000.0
2022-06-25,NR,North India,Rajasthan,26.91,74.22,114880.0,1571000.0,810000.0
2022-06-25,SR,South India,Tamil Nadu,11.12,78.66,82140.0,970000.0,499000.0
2022-06-25,WR,West India,Gujarat,23.02,72.57,47450.0,1267000.0,1244000.0
2022-06-26,ER,East India,Odisha,20.95,85.09,4760.0,527000.0,591000.0
2022-06-26,NER,NE India,Assam,26.2,92.93,600.0,55000.0,16000.0
2022-06-26,NR,North India,Rajasthan,26.91,74.22,116780.0,1615000.0,799000.0
2022-06-26,SR,South India,Tamil Nadu,11.12,78.66,92060.0,927000.0,446000.0
2022-06-26,WR,West India,Gujarat,23.02,72.57,45670.0,1245000.0,1243000.0
2022-06-27,ER,East India,Odisha,20.95,85.09,5160.0,552000.0,603000.0
2022-06-27,NER,NE India,Assam,26.2,92.93,540.0,55000.0,17000.0
2022-06-27,NR,North India,Rajasthan,26.91,74.22,109190.0,1684000.0,813000.0
2022-06-27,SR,South India,Tamil Nadu,11.12,78.66,86040.0,987000.0,494000.0
2022-06-27,WR,West India,Gujarat,23.02,72.57,36110.0,1262000.0,1301000.0
2022-06-28,ER,East India,Odisha,20.95,85.09,5230.0,547000.0,588000.0
2022-06-28,NER,NE India,Assam,26.2,92.93,240.0,52000.0,17000.0
2022-06-28,NR,North India,Rajasthan,26.91,74.22,107710.0,1737000.0,803000.0
2022-06-28,SR,South India,Tamil Nadu,11.12,78.66,86250.0,1009000.0,535000.0
2022-06-28,WR,West India,Gujarat,23.02,72.57,41790.0,1294000.0,1327000.0
2022-06-29,ER,East India,Odisha,20.95,85.09,5140.0,510000.0,562000.0
2022-06-29,NER,NE India,Assam,26.2,92.93,320.0,53000.0,16000.0
2022-06-29,NR,North India,Rajasthan,26.91,74.22,102420.0,1672000.0,754000.0
2022-06-29,SR,South India,Tamil Nadu,11.12,78.66,103000.0,1033000.0,529000.0
2022-06-29,WR,West India,Gujarat,23.02,72.57,40050.0,1295000.0,1269000.0
2022-06-30,ER,East India,Odisha,20.95,85.09,5250.0,522000.0,526000.0
2022-06-30,NER,NE India,Assam,26.2,92.93,460.0,54000.0,13000.0
2022-06-30,NR,North India,Rajasthan,26.91,74.22,100680.0,1359000.0,644000.0
2022-06-30,SR,South India,Tamil Nadu,11.12,78.66,95220.0,1027000.0,498000.0
2022-06-30,WR,West India,Gujarat,23.02,72.57,34850.0,1273000.0,1152000.0
2022-07-01,ER,East India,Odisha,20.95,85.09,5510.0,525000.0,541000.0
2022-07-01,NER,NE India,Assam,26.2,92.93,600.0,57000.0,13000.0
2022-07-01,NR,North India,Rajasthan,26.91,74.22,62090.0,1324000.0,627000.0
2022-07-01,SR,South India,Tamil Nadu,11.12,78.66,98620.0,1004000.0,491000.0
2022-07-01,WR,West India,Gujarat,23.02,72.57,38470.0,1237000.0,1131000.0
2022-07-02,ER,East India,Odisha,20.95,85.09,5070.0,519000.0,570000.0
2022-07-02,NER,NE India,Assam,26.2,92.93,720.0,61000.0,16000.0
2022-07-02,NR,North India,Rajasthan,26.91,74.22,57420.0,1406000.0,687000.0
2022-07-02,SR,South India,Tamil Nadu,11.12,78.66,95640.0,986000.0,498000.0
2022-07-02,WR,West India,Gujarat,23.02,72.57,35550.0,1203000.0,1105000.0
2022-07-03,ER,East India,Odisha,20.95,85.09,4180.0,513000.0,546000.0
2022-07-03,NER,NE India,Assam,26.2,92.93,610.0,56000.0,16000.0
2022-07-03,NR,North India,Rajasthan,26.91,74.22,65280.0,1370000.0,670000.0
2022-07-03,SR,South India,Tamil Nadu,11.12,78.66,86310.0,932000.0,450000.0
2022-07-03,WR,West India,Gujarat,23.02,72.57,41630.0,1178000.0,1084000.0
2022-07-04,ER,East India,Odisha,20.95,85.09,5290.0,539000.0,582000.0
2022-07-04,NER,NE India,Assam,26.2,92.93,640.0,60000.0,17000.0
2022-07-04,NR,North India,Rajasthan,26.91,74.22,87040.0,1511000.0,734000.0
2022-07-04,SR,South India,Tamil Nadu,11.12,78.66,80930.0,967000.0,486000.0
2022-07-04,WR,West India,Gujarat,23.02,72.57,36680.0,1209000.0,1161000.0
2022-07-05,ER,East India,Odisha,20.95,85.09,5350.0,553000.0,575000.0
2022-07-05,NER,NE India,Assam,26.2,92.93,720.0,64000.0,17000.0
2022-07-05,NR,North India,Rajasthan,26.91,74.22,106390.0,1606000.0,765000.0
2022-07-05,SR,South India,Tamil Nadu,11.12,78.66,73980.0,971000.0,478000.0
2022-07-05,WR,West India,Gujarat,23.02,72.57,34160.0,1192000.0,1181000.0
2022-07-06,ER,East India,Odisha,20.95,85.09,5170.0,536000.0,563000.0
2022-07-06,NER,NE India,Assam,26.2,92.93,20.0,60000.0,14000.0
2022-07-06,NR,North India,Rajasthan,26.91,74.22,106520.0,1612000.0,762000.0
2022-07-06,SR,South India,Tamil Nadu,11.12,78.66,61140.0,938000.0,479000.0
2022-07-06,WR,West India,Gujarat,23.02,72.57,36970.0,1185000.0,1178000.0
2022-07-07,ER,East India,Odisha,20.95,85.09,4640.0,546000.0,580000.0
2022-07-07,NER,NE India,Assam,26.2,92.93,770.0,64000.0,14000.0
2022-07-07,NR,North India,Rajasthan,26.91,74.22,92750.0,1634000.0,765000.0
2022-07-07,SR,South India,Tamil Nadu,11.12,78.66,68850.0,943000.0,470000.0
2022-07-07,WR,West India,Gujarat,23.02,72.57,33600.0,1185000.0,1185000.0
2022-07-08,ER,East India,Odisha,20.95,85.09,4680.0,556000.0,595000.0
2022-07-08,NER,NE India,Assam,26.2,92.93,440.0,62000.0,17000.0
2022-07-08,NR,North India,Rajasthan,26.91,74.22,104390.0,1670000.0,763000.0
2022-07-08,SR,South India,Tamil Nadu,11.12,78.66,59800.0,914000.0,431000.0
2022-07-08,WR,West India,Gujarat,23.02,72.57,28640.0,1173000.0,1176000.0
2022-07-09,ER,East India,Odisha,20.95,85.09,4640.0,547000.0,551000.0
2022-07-09,NER,NE India,Assam,26.2,92.93,820.0,62000.0,14000.0
2022-07-09,NR,North India,Rajasthan,26.91,74.22,101260.0,1575000.0,718000.0
2022-07-09,SR,South India,Tamil Nadu,11.12,78.66,56570.0,869000.0,383000.0
2022-07-09,WR,West India,Gujarat,23.02,72.57,32330.0,1121000.0,1095000.0
2022-07-10,ER,East India,Odisha,20.95,85.09,4820.0,552000.0,516000.0
2022-07-10,NER,NE India,Assam,26.2,92.93,710.0,61000.0,14000.0
2022-07-10,NR,North India,Rajasthan,26.91,74.22,86150.0,1440000.0,665000.0
2022-07-10,SR,South India,Tamil Nadu,11.12,78.66,58380.0,788000.0,325000.0
2022-07-10,WR,West India,Gujarat,23.02,72.57,33290.0,1067000.0,1003000.0
2022-07-11,ER,East India,Odisha,20.95,85.09,4410.0,558000.0,554000.0
2022-07-11,NER,NE India,Assam,26.2,92.93,550.0,60000.0,14000.0
2022-07-11,NR,North India,Rajasthan,26.91,74.22,101930.0,1560000.0,716000.0
2022-07-11,SR,South India,Tamil Nadu,11.12,78.66,55980.0,845000.0,346000.0
2022-07-11,WR,West India,Gujarat,23.02,72.57,27730.0,1093000.0,1047000.0
2022-07-12,ER,East India,Odisha,20.95,85.09,4330.0,551000.0,557000.0
2022-07-12,NER,NE India,Assam,26.2,92.93,680.0,62000.0,15000.0
2022-07-12,NR,North India,Rajasthan,26.91,74.22,109260.0,1593000.0,730000.0
2022-07-12,SR,South India,Tamil Nadu,11.12,78.66,66060.0,858000.0,341000.0
2022-07-12,WR,West India,Gujarat,23.02,72.57,27720.0,1106000.0,1051000.0
2022-07-13,ER,East India,Odisha,20.95,85.09,4530.0,555000.0,570000.0
2022-07-13,NER,NE India,Assam,26.2,92.93,790.0,66000.0,16000.0
2022-07-13,NR,North India,Rajasthan,26.91,74.22,104440.0,1598000.0,747000.0
2022-07-13,SR,South India,Tamil Nadu,11.12,78.66,58690.0,861000.0,340000.0
2022-07-13,WR,West India,Gujarat,23.02,72.57,31230.0,1093000.0,1060000.0
2022-07-14,ER,East India,Odisha,20.95,85.09,4430.0,551000.0,555000.0
2022-07-14,NER,NE India,Assam,26.2,92.93,810.0,64000.0,15000.0
2022-07-14,NR,North India,Rajasthan,26.91,74.22,90380.0,1505000.0,702000.0
2022-07-14,SR,South India,Tamil Nadu,11.12,78.66,79650.0,874000.0,344000.0
2022-07-14,WR,West India,Gujarat,23.02,72.57,31110.0,1097000.0,1042000.0
2022-07-15,ER,East India,Odisha,20.95,85.09,4570.0,550000.0,525000.0
2022-07-15,NER,NE India,Assam,26.2,92.93,720.0,67000.0,14000.0
2022-07-15,NR,North India,Rajasthan,26.91,74.22,73570.0,1423000.0,698000.0
2022-07-15,SR,South India,Tamil Nadu,11.12,78.66,87880.0,931000.0,385000.0
2022-07-15,WR,West India,Gujarat,23.02,72.57,32210.0,1098000.0,1061000.0
2022-07-16,ER,East India,Odisha,20.95,85.09,4410.0,570000.0,532000.0
2022-07-16,NER,NE India,Assam,26.2,92.93,780.0,66000.0,14000.0
2022-07-16,NR,North India,Rajasthan,26.91,74.22,91050.0,1457000.0,710000.0
2022-07-16,SR,South India,Tamil Nadu,11.12,78.66,84510.0,945000.0,389000.0
2022-07-16,WR,West India,Gujarat,23.02,72.57,39760.0,1117000.0,1062000.0
2022-07-17,ER,East India,Odisha,20.95,85.09,4410.0,555000.0,499000.0
2022-07-17,NER,NE India,Assam,26.2,92.93,590.0,61000.0,14000.0
2022-07-17,NR,North India,Rajasthan,26.91,74.22,83360.0,1336000.0,682000.0
2022-07-17,SR,South India,Tamil Nadu,11.12,78.66,77070.0,882000.0,356000.0
2022-07-17,WR,West India,Gujarat,23.02,72.57,39690.0,1096000.0,1032000.0
2022-07-18,ER,East India,Odisha,20.95,85.09,4500.0,562000.0,568000.0
2022-07-18,NER,NE India,Assam,26.2,92.93,780.0,62000.0,17000.0
2022-07-18,NR,North India,Rajasthan,26.91,74.22,91860.0,1511000.0,777000.0
2022-07-18,SR,South India,Tamil Nadu,11.12,78.66,70410.0,909000.0,407000.0
2022-07-18,WR,West India,Gujarat,23.02,72.57,27820.0,1122000.0,1078000.0
2022-07-19,ER,East India,Odisha,20.95,85.09,4530.0,577000.0,578000.0
2022-07-19,NER,NE India,Assam,26.2,92.93,490.0,61000.0,17000.0
2022-07-19,NR,North India,Rajasthan,26.91,74.22,93130.0,1605000.0,810000.0
2022-07-19,SR,South India,Tamil Nadu,11.12,78.66,101150.0,957000.0,456000.0
2022-07-19,WR,West India,Gujarat,23.02,72.57,26400.0,1142000.0,1099000.0
2022-07-20,ER,East India,Odisha,20.95,85.09,4210.0,573000.0,548000.0
2022-07-20,NER,NE India,Assam,26.2,92.93,560.0,62000.0,15000.0
2022-07-20,NR,North India,Rajasthan,26.91,74.22,109780.0,1454000.0,747000.0
2022-07-20,SR,South India,Tamil Nadu,11.12,78.66,107310.0,1002000.0,459000.0
2022-07-20,WR,West India,Gujarat,23.02,72.57,36340.0,1138000.0,1043000.0
2022-07-21,ER,East India,Odisha,20.95,85.09,4040.0,562000.0,498000.0
2022-07-21,NER,NE India,Assam,26.2,92.93,480.0,61000.0,14000.0
2022-07-21,NR,North India,Rajasthan,26.91,74.22,86090.0,1272000.0,656000.0
2022-07-21,SR,South India,Tamil Nadu,11.12,78.66,91900.0,992000.0,437000.0
2022-07-21,WR,West India,Gujarat,23.02,72.57,37750.0,1149000.0,971000.0
2022-07-22,ER,East India,Odisha,20.95,85.09,4170.0,556000.0,532000.0
2022-07-22,NER,NE India,Assam,26.2,92.93,680.0,62000.0,15000.0
2022-07-22,NR,North India,Rajasthan,26.91,74.22,81440.0,1332000.0,693000.0
2022-07-22,SR,South India,Tamil Nadu,11.12,78.66,66300.0,966000.0,446000.0
2022-07-22,WR,West India,Gujarat,23.02,72.57,35960.0,1158000.0,1010000.0
2022-07-23,ER,East India,Odisha,20.95,85.09,4530.0,564000.0,524000.0
2022-07-23,NER,NE India,Assam,26.2,92.93,660.0,62000.0,15000.0
2022-07-23,NR,North India,Rajasthan,26.91,74.22,75980.0,1332000.0,696000.0
2022-07-23,SR,South India,Tamil Nadu,11.12,78.66,71200.0,927000.0,411000.0
2022-07-23,WR,West India,Gujarat,23.02,72.57,29240.0,1142000.0,997000.0
2022-07-24,ER,East India,Odisha,20.95,85.09,4480.0,540000.0,498000.0
2022-07-24,NER,NE India,Assam,26.2,92.93,550.0,56000.0,13000.0
2022-07-24,NR,North India,Rajasthan,26.91,74.22,95530.0,1329000.0,677000.0
2022-07-24,SR,South India,Tamil Nadu,11.12,78.66,83790.0,884000.0,368000.0
2022-07-24,WR,West India,Gujarat,23.02,72.57,23930.0,1083000.0,899000.0
2022-07-25,ER,East India,Odisha,20.95,85.09,4500.0,528000.0,540000.0
2022-07-25,NER,NE India,Assam,26.2,92.93,500.0,58000.0,14000.0
2022-07-25,NR,North India,Rajasthan,26.91,74.22,88980.0,1371000.0,699000.0
2022-07-25,SR,South India,Tamil Nadu,11.12,78.66,98240.0,975000.0,427000.0
2022-07-25,WR,West India,Gujarat,23.02,72.57,29220.0,1129000.0,959000.0
2022-07-26,ER,East India,Odisha,20.95,85.09,4790.0,542000.0,582000.0
2022-07-26,NER,NE India,Assam,26.2,92.93,400.0,57000.0,18000.0
2022-07-26,NR,North India,Rajasthan,26.91,74.22,60260.0,1406000.0,759000.0
2022-07-26,SR,South India,Tamil Nadu,11.12,78.66,66000.0,959000.0,464000.0
2022-07-26,WR,West India,Gujarat,23.02,72.57,24780.0,1150000.0,1032000.0
2022-07-27,ER,East India,Odisha,20.95,85.09,5070.0,546000.0,597000.0
2022-07-27,NER,NE India,Assam,26.2,92.93,560.0,61000.0,17000.0
2022-07-27,NR,North India,Rajasthan,26.91,74.22,56100.0,1431000.0,790000.0
2022-07-27,SR,South India,Tamil Nadu,11.12,78.66,93980.0,969000.0,476000.0
2022-07-27,WR,West India,Gujarat,23.02,72.57,37870.0,1142000.0,1030000.0
2022-07-28,ER,East India,Odisha,20.95,85.09,4500.0,557000.0,590000.0
2022-07-28,NER,NE India,Assam,26.2,92.93,560.0,60000.0,17000.0
2022-07-28,NR,North India,Rajasthan,26.91,74.22,68100.0,1380000.0,771000.0
2022-07-28,SR,South India,Tamil Nadu,11.12,78.66,104900.0,981000.0,480000.0
2022-07-28,WR,West India,Gujarat,23.02,72.57,42690.0,1177000.0,1019000.0
2022-07-29,ER,East India,Odisha,20.95,85.09,4580.0,564000.0,594000.0
2022-07-29,NER,NE India,Assam,26.2,92.93,620.0,63000.0,17000.0
2022-07-29,NR,North India,Rajasthan,26.91,74.22,93510.0,1337000.0,768000.0
2022-07-29,SR,South India,Tamil Nadu,11.12,78.66,102590.0,1011000.0,506000.0
2022-07-29,WR,West India,Gujarat,23.02,72.57,43230.0,1193000.0,1048000.0
2022-07-30,ER,East India,Odisha,20.95,85.09,4660.0,568000.0,569000.0
2022-07-30,NER,NE India,Assam,26.2,92.93,490.0,62000.0,15000.0
2022-07-30,NR,North India,Rajasthan,26.91,74.22,90410.0,1294000.0,688000.0
2022-07-30,SR,South India,Tamil Nadu,11.12,78.66,103440.0,992000.0,484000.0
2022-07-30,WR,West India,Gujarat,23.02,72.57,41450.0,1210000.0,1036000.0
2022-07-31,ER,East India,Odisha,20.95,85.09,4420.0,550000.0,532000.0
2022-07-31,NER,NE India,Assam,26.2,92.93,290.0,55000.0,12000.0
2022-07-31,NR,North India,Rajasthan,26.91,74.22,100410.0,1210000.0,640000.0
2022-07-31,SR,South India,Tamil Nadu,11.12,78.66,101710.0,937000.0,454000.0
2022-07-31,WR,West India,Gujarat,23.02,72.57,42280.0,1190000.0,967000.0
2022-08-01,ER,East India,Odisha,20.95,85.09,4690.0,545000.0,547000.0
2022-08-01,NER,NE India,Assam,26.2,92.93,450.0,56000.0,10000.0
2022-08-01,NR,North India,Rajasthan,26.91,74.22,82180.0,1309000.0,686000.0
2022-08-01,SR,South India,Tamil Nadu,11.12,78.66,91810.0,965000.0,454000.0
2022-08-01,WR,West India,Gujarat,23.02,72.57,39600.0,1238000.0,1028000.0
2022-08-02,ER,East India,Odisha,20.95,85.09,4430.0,551000.0,564000.0
2022-08-02,NER,NE India,Assam,26.2,92.93,690.0,61000.0,11000.0
2022-08-02,NR,North India,Rajasthan,26.91,74.22,102180.0,1425000.0,740000.0
2022-08-02,SR,South India,Tamil Nadu,11.12,78.66,93000.0,943000.0,438000.0
2022-08-02,WR,West India,Gujarat,23.02,72.57,36780.0,1268000.0,1098000.0
2022-08-03,ER,East India,Odisha,20.95,85.09,4590.0,564000.0,573000.0
2022-08-03,NER,NE India,Assam,26.2,92.93,580.0,61000.0,14000.0
2022-08-03,NR,North India,Rajasthan,26.91,74.22,101640.0,1477000.0,790000.0
2022-08-03,SR,South India,Tamil Nadu,11.12,78.66,78990.0,920000.0,472000.0
2022-08-03,WR,West India,Gujarat,23.02,72.57,40660.0,1270000.0,1148000.0
2022-08-04,ER,East India,Odisha,20.95,85.09,4820.0,562000.0,564000.0
2022-08-04,NER,NE India,Assam,26.2,92.93,770.0,64000.0,17000.0
2022-08-04,NR,North India,Rajasthan,26.91,74.22,85150.0,1457000.0,772000.0
2022-08-04,SR,South India,Tamil Nadu,11.12,78.66,69190.0,907000.0,491000.0
2022-08-04,WR,West India,Gujarat,23.02,72.57,36010.0,1257000.0,1139000.0
2022-08-05,ER,East India,Odisha,20.95,85.09,4730.0,583000.0,560000.0
2022-08-05,NER,NE India,Assam,26.2,92.93,700.0,65000.0,16000.0
2022-08-05,NR,North India,Rajasthan,26.91,74.22,88430.0,1418000.0,737000.0
2022-08-05,SR,South India,Tamil Nadu,11.12,78.66,75510.0,897000.0,440000.0
2022-08-05,WR,West India,Gujarat,23.02,72.57,35080.0,1233000.0,1109000.0
2022-08-06,ER,East India,Odisha,20.95,85.09,4180.0,566000.0,561000.0
2022-08-06,NER,NE India,Assam,26.2,92.93,670.0,64000.0,15000.0
2022-08-06,NR,North India,Rajasthan,26.91,74.22,94820.0,1442000.0,698000.0
2022-08-06,SR,South India,Tamil Nadu,11.12,78.66,82740.0,876000.0,395000.0
2022-08-06,WR,West India,Gujarat,23.02,72.57,38110.0,1224000.0,1089000.0
2022-08-07,ER,East India,Odisha,20.95,85.09,4030.0000000000005,551000.0,527000.0
2022-08-07,NER,NE India,Assam,26.2,92.93,650.0,64000.0,14000.0
2022-08-07,NR,North India,Rajasthan,26.91,74.22,84780.0,1353000.0,634000.0
2022-08-07,SR,South India,Tamil Nadu,11.12,78.66,76320.0,846000.0,349000.0
2022-08-07,WR,West India,Gujarat,23.02,72.57,36830.0,1159000.0,1021000.0
2022-08-08,ER,East India,Odisha,20.95,85.09,4260.0,555000.0,549000.0
2022-08-08,NER,NE India,Assam,26.2,92.93,850.0,60000.0,15000.0
2022-08-08,NR,North India,Rajasthan,26.91,74.22,90670.0,1434000.0,702000.0
2022-08-08,SR,South India,Tamil Nadu,11.12,78.66,62690.0,867000.0,351000.0
2022-08-08,WR,West India,Gujarat,23.02,72.57,33950.0,1184000.0,1037000.0
2022-08-09,ER,East India,Odisha,20.95,85.09,3880.0,510000.0,537000.0
2022-08-09,NER,NE India,Assam,26.2,92.93,740.0,64000.0,15000.0
2022-08-09,NR,North India,Rajasthan,26.91,74.22,116290.0,1523000.0,741000.0
2022-08-09,SR,South India,Tamil Nadu,11.12,78.66,76480.0,879000.0,363000.0
2022-08-09,WR,West India,Gujarat,23.02,72.57,33990.0,1160000.0,1007000.0
2022-08-10,ER,East India,Odisha,20.95,85.09,3940.0,500000.0,541000.0
2022-08-10,NER,NE India,Assam,26.2,92.93,480.0,63000.0,15000.0
2022-08-10,NR,North India,Rajasthan,26.91,74.22,117590.0,1552000.0,755000.0
2022-08-10,SR,South India,Tamil Nadu,11.12,78.66,92360.0,913000.0,370000.0
2022-08-10,WR,West India,Gujarat,23.02,72.57,34200.0,1138000.0,974000.0
2022-08-11,ER,East India,Odisha,20.95,85.09,3980.0,514000.0,500000.0
2022-08-11,NER,NE India,Assam,26.2,92.93,910.0,69000.0,13000.0
2022-08-11,NR,North India,Rajasthan,26.91,74.22,98310.0,1409000.0,677000.0
2022-08-11,SR,South India,Tamil Nadu,11.12,78.66,96580.0,969000.0,383000.0
2022-08-11,WR,West India,Gujarat,23.02,72.57,24790.0,1030000.0,872000.0
2022-08-12,ER,East India,Odisha,20.95,85.09,4330.0,539000.0,519000.0
2022-08-12,NER,NE India,Assam,26.2,92.93,860.0,69000.0,14000.0
2022-08-12,NR,North India,Rajasthan,26.91,74.22,85430.0,1459000.0,749000.0
2022-08-12,SR,South India,Tamil Nadu,11.12,78.66,96120.0,1018000.0,404000.0
2022-08-12,WR,West India,Gujarat,23.02,72.57,36310.0,1060000.0,890000.0
2022-08-13,ER,East India,Odisha,20.95,85.09,4010.0,547000.0,545000.0
2022-08-13,NER,NE India,Assam,26.2,92.93,440.0,64000.0,16000.0
2022-08-13,NR,North India,Rajasthan,26.91,74.22,58830.0,1510000.0,774000.0
2022-08-13,SR,South India,Tamil Nadu,11.12,78.66,90560.0,1001000.0,432000.0
2022-08-13,WR,West India,Gujarat,23.02,72.57,39210.0,1086000.0,913000.0
2022-08-14,ER,East India,Odisha,20.95,85.09,3830.0,478000.0,504000.0
2022-08-14,NER,NE India,Assam,26.2,92.93,440.0,60000.0,14000.0
2022-08-14,NR,North India,Rajasthan,26.91,74.22,97250.0,1455000.0,699000.0
2022-08-14,SR,South India,Tamil Nadu,11.12,78.66,70920.0,927000.0,390000.0
2022-08-14,WR,West India,Gujarat,23.02,72.57,36200.0,1068000.0,861000.0
2022-08-15,ER,East India,Odisha,20.95,85.09,3980.0,464000.0,461000.0
2022-08-15,NER,NE India,Assam,26.2,92.93,450.0,57000.0,13000.0
2022-08-15,NR,North India,Rajasthan,26.91,74.22,82930.0,1271000.0,634000.0
2022-08-15,SR,South India,Tamil Nadu,11.12,78.66,85280.0,898000.0,386000.0
2022-08-15,WR,West India,Gujarat,23.02,72.57,23980.0,975000.0,812000.0
2022-08-16,ER,East India,Odisha,20.95,85.09,4890.0,541000.0,513000.0
2022-08-16,NER,NE India,Assam,26.2,92.93,830.0,63000.0,15000.0
2022-08-16,NR,North India,Rajasthan,26.91,74.22,94900.0,1310000.0,664000.0
2022-08-16,SR,South India,Tamil Nadu,11.12,78.66,113950.0,997000.0,450000.0
2022-08-16,WR,West India,Gujarat,23.02,72.57,22530.0,1040000.0,903000.0
2022-08-17,ER,East India,Odisha,20.95,85.09,4750.0,575000.0,550000.0
2022-08-17,NER,NE India,Assam,26.2,92.93,730.0,68000.0,16000.0
2022-08-17,NR,North India,Rajasthan,26.91,74.22,63170.0,1417000.0,735000.0
2022-08-17,SR,South India,Tamil Nadu,11.12,78.66,115860.0,1068000.0,481000.0
2022-08-17,WR,West India,Gujarat,23.02,72.57,29560.0,1097000.0,953000.0
2022-08-18,ER,East India,Odisha,20.95,85.09,4890.0,598000.0,558000.0
2022-08-18,NER,NE India,Assam,26.2,92.93,730.0,68000.0,16000.0
2022-08-18,NR,North India,Rajasthan,26.91,74.22,77680.0,1497000.0,766000.0
2022-08-18,SR,South India,Tamil Nadu,11.12,78.66,107950.0,1083000.0,510000.0
2022-08-18,WR,West India,Gujarat,23.02,72.57,41090.0,1116000.0,956000.0
2022-08-19,ER,East India,Odisha,20.95,85.09,3970.0,529000.0,558000.0
2022-08-19,NER,NE India,Assam,26.2,92.93,850.0,66000.0,16000.0
2022-08-19,NR,North India,Rajasthan,26.91,74.22,97280.0,1569000.0,787000.0
2022-08-19,SR,South India,Tamil Nadu,11.12,78.66,97450.0,1095000.0,510000.0
2022-08-19,WR,West India,Gujarat,23.02,72.57,38940.0,1109000.0,940000.0
2022-08-20,ER,East India,Odisha,20.95,85.09,3880.0,471000.0,507000.0
2022-08-20,NER,NE India,Assam,26.2,92.93,780.0,67000.0,14000.0
2022-08-20,NR,North India,Rajasthan,26.91,74.22,83290.0,1488000.0,754000.0
2022-08-20,SR,South India,Tamil Nadu,11.12,78.66,96190.0,1061000.0,491000.0
2022-08-20,WR,West India,Gujarat,23.02,72.57,34120.0,1089000.0,941000.0
2022-08-21,ER,East India,Odisha,20.95,85.09,4290.0,508000.0,498000.0
2022-08-21,NER,NE India,Assam,26.2,92.93,880.0,65000.0,14000.0
2022-08-21,NR,North India,Rajasthan,26.91,74.22,97120.0,1472000.0,705000.0
2022-08-21,SR,South India,Tamil Nadu,11.12,78.66,100430.0,1004000.0,446000.0
2022-08-21,WR,West India,Gujarat,23.02,72.57,32180.0,1055000.0,914000.0
2022-08-22,ER,East India,Odisha,20.95,85.09,4820.0,555000.0,500000.0
2022-08-22,NER,NE India,Assam,26.2,92.93,770.0,66000.0,15000.0
2022-08-22,NR,North India,Rajasthan,26.91,74.22,98270.0,1552000.0,759000.0
2022-08-22,SR,South India,Tamil Nadu,11.12,78.66,95080.0,1042000.0,437000.0
2022-08-22,WR,West India,Gujarat,23.02,72.57,30480.0,1093000.0,983000.0
2022-08-23,ER,East India,Odisha,20.95,85.09,5350.0,549000.0,511000.0
2022-08-23,NER,NE India,Assam,26.2,92.93,590.0,64000.0,16000.0
2022-08-23,NR,North India,Rajasthan,26.91,74.22,91720.0,1531000.0,778000.0
2022-08-23,SR,South India,Tamil Nadu,11.12,78.66,103190.0,1068000.0,469000.0
2022-08-23,WR,West India,Gujarat,23.02,72.57,27780.0,1139000.0,1018000.0
2022-08-24,ER,East India,Odisha,20.95,85.09,4710.0,530000.0,527000.0
2022-08-24,NER,NE India,Assam,26.2,92.93,930.0,68000.0,17000.0
2022-08-24,NR,North India,Rajasthan,26.91,74.22,79840.0,1493000.0,719000.0
2022-08-24,SR,South India,Tamil Nadu,11.12,78.66,90360.0,1064000.0,511000.0
2022-08-24,WR,West India,Gujarat,23.02,72.57,37890.0,1160000.0,1046000.0
2022-08-25,ER,East India,Odisha,20.95,85.09,5040.0,530000.0,531000.0
2022-08-25,NER,NE India,Assam,26.2,92.93,700.0,67000.0,17000.0
2022-08-25,NR,North India,Rajasthan,26.91,74.22,87460.0,1490000.0,736000.0
2022-08-25,SR,South India,Tamil Nadu,11.12,78.66,97210.0,1035000.0,519000.0
2022-08-25,WR,West India,Gujarat,23.02,72.57,41420.0,1174000.0,1069000.0
2022-08-26,ER,East India,Odisha,20.95,85.09,4870.0,556000.0,558000.0
2022-08-26,NER,NE India,Assam,26.2,92.93,820.0,69000.0,18000.0
2022-08-26,NR,North India,Rajasthan,26.91,74.22,100650.0,1539000.0,804000.0
2022-08-26,SR,South India,Tamil Nadu,11.12,78.66,84340.0,1032000.0,523000.0
2022-08-26,WR,West India,Gujarat,23.02,72.57,46540.0,1210000.0,1125000.0
2022-08-27,ER,East India,Odisha,20.95,85.09,4890.0,560000.0,570000.0
2022-08-27,NER,NE India,Assam,26.2,92.93,460.0,64000.0,17000.0
2022-08-27,NR,North India,Rajasthan,26.91,74.22,110990.0,1541000.0,771000.0
2022-08-27,SR,South India,Tamil Nadu,11.12,78.66,91170.0,989000.0,506000.0
2022-08-27,WR,West India,Gujarat,23.02,72.57,47910.0,1223000.0,1127000.0
2022-08-28,ER,East India,Odisha,20.95,85.09,4320.0,527000.0,554000.0
2022-08-28,NER,NE India,Assam,26.2,92.93,300.0,59000.0,16000.0
2022-08-28,NR,North India,Rajasthan,26.91,74.22,103640.0,1516000.0,741000.0
2022-08-28,SR,South India,Tamil Nadu,11.12,78.66,93820.0,910000.0,480000.0
2022-08-28,WR,West India,Gujarat,23.02,72.57,45370.0,1223000.0,1119000.0
2022-08-29,ER,East India,Odisha,20.95,85.09,4960.0,551000.0,570000.0
2022-08-29,NER,NE India,Assam,26.2,92.93,640.0,61000.0,17000.0
2022-08-29,NR,North India,Rajasthan,26.91,74.22,108550.0,1537000.0,775000.0
2022-08-29,SR,South India,Tamil Nadu,11.12,78.66,77270.0,949000.0,532000.0
2022-08-29,WR,West India,Gujarat,23.02,72.57,37990.0,1258000.0,1167000.0
2022-08-30,ER,East India,Odisha,20.95,85.09,4980.0,569000.0,578000.0
2022-08-30,NER,NE India,Assam,26.2,92.93,610.0,63000.0,18000.0
2022-08-30,NR,North India,Rajasthan,26.91,74.22,105390.0,1587000.0,781000.0
2022-08-30,SR,South India,Tamil Nadu,11.12,78.66,96830.0,951000.0,568000.0
2022-08-30,WR,West India,Gujarat,23.02,72.57,45240.0,1291000.0,1218000.0
2022-08-31,ER,East India,Odisha,20.95,85.09,4990.0,564000.0,561000.0
2022-08-31,NER,NE India,Assam,26.2,92.93,540.0,62000.0,17000.0
2022-08-31,NR,North India,Rajasthan,26.91,74.22,115930.0,1619000.0,774000.0
2022-08-31,SR,South India,Tamil Nadu,11.12,78.66,97920.0,916000.0,553000.0
2022-08-31,WR,West India,Gujarat,23.02,72.57,45540.0,1257000.0,1207000.0
2022-09-01,ER,East India,Odisha,20.95,85.09,5190.0,566000.0,551000.0
2022-09-01,NER,NE India,Assam,26.2,92.93,490.0,60000.0,17000.0
2022-09-01,NR,North India,Rajasthan,26.91,74.22,119860.0,1604000.0,769000.0
2022-09-01,SR,South India,Tamil Nadu,11.12,78.66,140530.0,934000.0,557000.0
2022-09-01,WR,West India,Gujarat,23.02,72.57,35010.0,1225000.0,1204000.0
2022-09-02,ER,East India,Odisha,20.95,85.09,4820.0,575000.0,569000.0
2022-09-02,NER,NE India,Assam,26.2,92.93,600.0,61000.0,17000.0
2022-09-02,NR,North India,Rajasthan,26.91,74.22,120450.0,1600000.0,768000.0
2022-09-02,SR,South India,Tamil Nadu,11.12,78.66,102310.0,959000.0,567000.0
2022-09-02,WR,West India,Gujarat,23.02,72.57,44360.0,1272000.0,1235000.0
2022-09-03,ER,East India,Odisha,20.95,85.09,4560.0,554000.0,577000.0
2022-09-03,NER,NE India,Assam,26.2,92.93,660.0,59000.0,15000.0
2022-09-03,NR,North India,Rajasthan,26.91,74.22,127870.0,1630000.0,778000.0
2022-09-03,SR,South India,Tamil Nadu,11.12,78.66,109330.0,992000.0,568000.0
2022-09-03,WR,West India,Gujarat,23.02,72.57,46750.0,1307000.0,1236000.0
2022-09-04,ER,East India,Odisha,20.95,85.09,4870.0,546000.0,532000.0
2022-09-04,NER,NE India,Assam,26.2,92.93,590.0,56000.0,14000.0
2022-09-04,NR,North India,Rajasthan,26.91,74.22,116290.0,1613000.0,747000.0
2022-09-04,SR,South India,Tamil Nadu,11.12,78.66,96260.0,939000.0,516000.0
2022-09-04,WR,West India,Gujarat,23.02,72.57,42800.0,1233000.0,1136000.0
2022-09-05,ER,East India,Odisha,20.95,85.09,4940.0,562000.0,579000.0
2022-09-05,NER,NE India,Assam,26.2,92.93,660.0,58000.0,17000.0
2022-09-05,NR,North India,Rajasthan,26.91,74.22,116440.0,1634000.0,782000.0
2022-09-05,SR,South India,Tamil Nadu,11.12,78.66,100690.0,977000.0,547000.0
2022-09-05,WR,West India,Gujarat,23.02,72.57,44930.0,1268000.0,1191000.0
2022-09-06,ER,East India,Odisha,20.95,85.09,4720.0,558000.0,595000.0
2022-09-06,NER,NE India,Assam,26.2,92.93,670.0,61000.0,17000.0
2022-09-06,NR,North India,Rajasthan,26.91,74.22,113460.0,1648000.0,814000.0
2022-09-06,SR,South India,Tamil Nadu,11.12,78.66,104640.0,978000.0,571000.0
2022-09-06,WR,West India,Gujarat,23.02,72.57,46670.0,1294000.0,1228000.0
2022-09-07,ER,East India,Odisha,20.95,85.09,4930.0,566000.0,609000.0
2022-09-07,NER,NE India,Assam,26.2,92.93,790.0,62000.0,17000.0
2022-09-07,NR,North India,Rajasthan,26.91,74.22,118310.0,1684000.0,829000.0
2022-09-07,SR,South India,Tamil Nadu,11.12,78.66,92340.0,948000.0,550000.0
2022-09-07,WR,West India,Gujarat,23.02,72.57,47720.0,1310000.0,1235000.0
2022-09-08,ER,East India,Odisha,20.95,85.09,2060.0,556000.0,603000.0
2022-09-08,NER,NE India,Assam,26.2,92.93,700.0,64000.0,17000.0
2022-09-08,NR,North India,Rajasthan,26.91,74.22,114560.0,1695000.0,818000.0
2022-09-08,SR,South India,Tamil Nadu,11.12,78.66,72510.0,898000.0,534000.0
2022-09-08,WR,West India,Gujarat,23.02,72.57,45850.0,1305000.0,1216000.0
2022-09-09,ER,East India,Odisha,20.95,85.09,4680.0,566000.0,599000.0
2022-09-09,NER,NE India,Assam,26.2,92.93,730.0,63000.0,17000.0
2022-09-09,NR,North India,Rajasthan,26.91,74.22,110150.0,1711000.0,804000.0
2022-09-09,SR,South India,Tamil Nadu,11.12,78.66,89870.0,891000.0,498000.0
2022-09-09,WR,West India,Gujarat,23.02,72.57,47010.0,1260000.0,1194000.0
2022-09-10,ER,East India,Odisha,20.95,85.09,4250.0,554000.0,590000.0
2022-09-10,NER,NE India,Assam,26.2,92.93,880.0,61000.0,17000.0
2022-09-10,NR,North India,Rajasthan,26.91,74.22,105320.0,1693000.0,802000.0
2022-09-10,SR,South India,Tamil Nadu,11.12,78.66,77000.0,865000.0,444000.0
2022-09-10,WR,West India,Gujarat,23.02,72.57,41750.0,1252000.0,1191000.0
2022-09-11,ER,East India,Odisha,20.95,85.09,4410.0,516000.0,522000.0
2022-09-11,NER,NE India,Assam,26.2,92.93,960.0,59000.0,14000.0
2022-09-11,NR,North India,Rajasthan,26.91,74.22,108040.0,1617000.0,754000.0
2022-09-11,SR,South India,Tamil Nadu,11.12,78.66,73420.0,799000.0,377000.0
2022-09-11,WR,West India,Gujarat,23.02,72.57,41960.0,1186000.0,1098000.0
2022-09-12,ER,East India,Odisha,20.95,85.09,4630.0,498000.0,530000.0
2022-09-12,NER,NE India,Assam,26.2,92.93,630.0,57000.0,15000.0
2022-09-12,NR,North India,Rajasthan,26.91,74.22,94840.0,1615000.0,761000.0
2022-09-12,SR,South India,Tamil Nadu,11.12,78.66,88590.0,881000.0,391000.0
2022-09-12,WR,West India,Gujarat,23.02,72.57,34480.0,1177000.0,1063000.0
2022-09-13,ER,East India,Odisha,20.95,85.09,4130.0,500000.0,538000.0
2022-09-13,NER,NE India,Assam,26.2,92.93,570.0,56000.0,14000.0
2022-09-13,NR,North India,Rajasthan,26.91,74.22,106160.0,1547000.0,743000.0
2022-09-13,SR,South India,Tamil Nadu,11.12,78.66,91220.0,931000.0,437000.0
2022-09-13,WR,West India,Gujarat,23.02,72.57,34890.0,1154000.0,1022000.0
2022-09-14,ER,East India,Odisha,20.95,85.09,4690.0,514000.0,559000.0
2022-09-14,NER,NE India,Assam,26.2,92.93,720.0,60000.0,15000.0
2022-09-14,NR,North India,Rajasthan,26.91,74.22,98330.0,1489000.0,736000.0
2022-09-14,SR,South India,Tamil Nadu,11.12,78.66,97770.0,975000.0,464000.0
2022-09-14,WR,West India,Gujarat,23.02,72.57,34170.0,1129000.0,987000.0
2022-09-15,ER,East India,Odisha,20.95,85.09,4800.0,515000.0,544000.0
2022-09-15,NER,NE India,Assam,26.2,92.93,620.0,61000.0,14000.0
2022-09-15,NR,North India,Rajasthan,26.91,74.22,86190.0,1380000.0,672000.0
2022-09-15,SR,South India,Tamil Nadu,11.12,78.66,99290.0,997000.0,447000.0
2022-09-15,WR,West India,Gujarat,23.02,72.57,27250.0,1125000.0,949000.0
2022-09-16,ER,East India,Odisha,20.95,85.09,5020.0,523000.0,514000.0
2022-09-16,NER,NE India,Assam,26.2,92.93,680.0,62000.0,12000.0
2022-09-16,NR,North India,Rajasthan,26.91,74.22,115070.0,1303000.0,631000.0
2022-09-16,SR,South India,Tamil Nadu,11.12,78.66,100070.0,1027000.0,435000.0
2022-09-16,WR,West India,Gujarat,23.02,72.57,40180.0,1130000.0,908000.0
2022-09-17,ER,East India,Odisha,20.95,85.09,4730.0,512000.0,510000.0
2022-09-17,NER,NE India,Assam,26.2,92.93,670.0,60000.0,13000.0
2022-09-17,NR,North India,Rajasthan,26.91,74.22,111970.0,1322000.0,641000.0
2022-09-17,SR,South India,Tamil Nadu,11.12,78.66,110720.0,1029000.0,427000.0
2022-09-17,WR,West India,Gujarat,23.02,72.57,47070.0,1118000.0,957000.0
2022-09-18,ER,East India,Odisha,20.95,85.09,4530.0,517000.0,516000.0
2022-09-18,NER,NE India,Assam,26.2,92.93,760.0,62000.0,13000.0
2022-09-18,NR,North India,Rajasthan,26.91,74.22,119010.0,1344000.0,689000.0
2022-09-18,SR,South India,Tamil Nadu,11.12,78.66,108180.0,990000.0,424000.0
2022-09-18,WR,West India,Gujarat,23.02,72.57,50020.0,1114000.0,987000.0
2022-09-19,ER,East India,Odisha,20.95,85.09,4490.0,527000.0,543000.0
2022-09-19,NER,NE India,Assam,26.2,92.93,770.0,64000.0,14000.0
2022-09-19,NR,North India,Rajasthan,26.91,74.22,119130.0,1436000.0,758000.0
2022-09-19,SR,South India,Tamil Nadu,11.12,78.66,96460.0,1035000.0,457000.0
2022-09-19,WR,West India,Gujarat,23.02,72.57,43460.0,1169000.0,1041000.0
2022-09-20,ER,East India,Odisha,20.95,85.09,3870.0,526000.0,562000.0
2022-09-20,NER,NE India,Assam,26.2,92.93,680.0,64000.0,13000.0
2022-09-20,NR,North India,Rajasthan,26.91,74.22,114790.0,1450000.0,757000.0
2022-09-20,SR,South India,Tamil Nadu,11.12,78.66,96790.0,1030000.0,481000.0
2022-09-20,WR,West India,Gujarat,23.02,72.57,45630.0,1181000.0,1049000.0
2022-09-21,ER,East India,Odisha,20.95,85.09,4490.0,541000.0,549000.0
2022-09-21,NER,NE India,Assam,26.2,92.93,480.0,65000.0,13000.0
2022-09-21,NR,North India,Rajasthan,26.91,74.22,110330.0,1372000.0,709000.0
2022-09-21,SR,South India,Tamil Nadu,11.12,78.66,104680.0,1053000.0,491000.0
2022-09-21,WR,West India,Gujarat,23.02,72.57,45800.0,1171000.0,1048000.0
2022-09-22,ER,East India,Odisha,20.95,85.09,4550.0,560000.0,523000.0
2022-09-22,NER,NE India,Assam,26.2,92.93,590.0,63000.0,12000.0
2022-09-22,NR,North India,Rajasthan,26.91,74.22,108770.0,1263000.0,642000.0
2022-09-22,SR,South India,Tamil Nadu,11.12,78.66,109680.0,1063000.0,476000.0
2022-09-22,WR,West India,Gujarat,23.02,72.57,42690.0,1177000.0,1019000.0
2022-09-23,ER,East India,Odisha,20.95,85.09,4740.0,567000.0,518000.0
2022-09-23,NER,NE India,Assam,26.2,92.93,650.0,61000.0,11000.0
2022-09-23,NR,North India,Rajasthan,26.91,74.22,107150.0,1178000.0,579000.0
2022-09-23,SR,South India,Tamil Nadu,11.12,78.66,115230.0,1078000.0,469000.0
2022-09-23,WR,West India,Gujarat,23.02,72.57,39150.0,1186000.0,988000.0
2022-09-24,ER,East India,Odisha,20.95,85.09,4820.0,566000.0,508000.0
2022-09-24,NER,NE India,Assam,26.2,92.93,630.0,59000.0,12000.0
2022-09-24,NR,North India,Rajasthan,26.91,74.22,101960.0,1077000.0,546000.0
2022-09-24,SR,South India,Tamil Nadu,11.12,78.66,115630.0,1097000.0,470000.0
2022-09-24,WR,West India,Gujarat,23.02,72.57,46620.0,1196000.0,988000.0
2022-09-25,ER,East India,Odisha,20.95,85.09,4830.0,556000.0,501000.0
2022-09-25,NER,NE India,Assam,26.2,92.93,420.0,56000.0,12000.0
2022-09-25,NR,North India,Rajasthan,26.91,74.22,106000.0,1019000.0,527000.0
2022-09-25,SR,South India,Tamil Nadu,11.12,78.66,114740.0,1056000.0,472000.0
2022-09-25,WR,West India,Gujarat,23.02,72.57,49290.0,1206000.0,1010000.0
2022-09-26,ER,East India,Odisha,20.95,85.09,5020.0,553000.0,556000.0
2022-09-26,NER,NE India,Assam,26.2,92.93,720.0,59000.0,14000.0
2022-09-26,NR,North India,Rajasthan,26.91,74.22,111140.0,1126000.0,598000.0
2022-09-26,SR,South India,Tamil Nadu,11.12,78.66,74780.0,1071000.0,511000.0
2022-09-26,WR,West India,Gujarat,23.02,72.57,43720.0,1265000.0,1118000.0
2022-09-27,ER,East India,Odisha,20.95,85.09,5160.0,548000.0,544000.0
2022-09-27,NER,NE India,Assam,26.2,92.93,650.0,61000.0,13000.0
2022-09-27,NR,North India,Rajasthan,26.91,74.22,118270.0,1193000.0,636000.0
2022-09-27,SR,South India,Tamil Nadu,11.12,78.66,96170.0,1058000.0,520000.0
2022-09-27,WR,West India,Gujarat,23.02,72.57,47290.0,1280000.0,1122000.0
2022-09-28,ER,East India,Odisha,20.95,85.09,5320.0,552000.0,563000.0
2022-09-28,NER,NE India,Assam,26.2,92.93,750.0,62000.0,14000.0
2022-09-28,NR,North India,Rajasthan,26.91,74.22,118370.0,1241000.0,680000.0
2022-09-28,SR,South India,Tamil Nadu,11.12,78.66,88030.0,1066000.0,521000.0
2022-09-28,WR,West India,Gujarat,23.02,72.57,46440.0,1289000.0,1138000.0
2022-09-29,ER,East India,Odisha,20.95,85.09,4720.0,545000.0,578000.0
2022-09-29,NER,NE India,Assam,26.2,92.93,620.0,63000.0,14000.0
2022-09-29,NR,North India,Rajasthan,26.91,74.22,120410.0,1273000.0,692000.0
2022-09-29,SR,South India,Tamil Nadu,11.12,78.66,76050.0,1026000.0,529000.0
2022-09-29,WR,West India,Gujarat,23.02,72.57,51700.0,1292000.0,1133000.0
2022-09-30,ER,East India,Odisha,20.95,85.09,4990.0,556000.0,584000.0
2022-09-30,NER,NE India,Assam,26.2,92.93,890.0,65000.0,13000.0
2022-09-30,NR,North India,Rajasthan,26.91,74.22,118400.0,1312000.0,692000.0
2022-09-30,SR,South India,Tamil Nadu,11.12,78.66,63710.0,985000.0,512000.0
2022-09-30,WR,West India,Gujarat,23.02,72.57,54010.0,1300000.0,1132000.0
2022-10-01,ER,East India,Odisha,20.95,85.09,5370.0,560000.0,577000.0
2022-10-01,NER,NE India,Assam,26.2,92.93,870.0,67000.0,13000.0
2022-10-01,NR,North India,Rajasthan,26.91,74.22,122600.0,1298000.0,708000.0
2022-10-01,SR,South India,Tamil Nadu,11.12,78.66,72870.0,919000.0,452000.0
2022-10-01,WR,West India,Gujarat,23.02,72.57,54420.0,1298000.0,1079000.0
2022-10-02,ER,East India,Odisha,20.95,85.09,5680.0,529000.0,551000.0
2022-10-02,NER,NE India,Assam,26.2,92.93,550.0,63000.0,11000.0
2022-10-02,NR,North India,Rajasthan,26.91,74.22,124540.0,1240000.0,680000.0
2022-10-02,SR,South India,Tamil Nadu,11.12,78.66,92910.0,874000.0,393000.0
2022-10-02,WR,West India,Gujarat,23.02,72.57,52720.0,1259000.0,1037000.0
2022-10-03,ER,East India,Odisha,20.95,85.09,4470.0,512000.0,587000.0
2022-10-03,NER,NE India,Assam,26.2,92.93,280.0,53000.0,13000.0
2022-10-03,NR,North India,Rajasthan,26.91,74.22,126230.0,1298000.0,735000.0
2022-10-03,SR,South India,Tamil Nadu,11.12,78.66,106720.0,1103000.0,563000.0
2022-10-03,WR,West India,Gujarat,23.02,72.57,51190.0,1299000.0,1081000.0
2022-10-04,ER,East India,Odisha,20.95,85.09,3680.0,467000.0,592000.0
2022-10-04,NER,NE India,Assam,26.2,92.93,650.0,53000.0,13000.0
2022-10-04,NR,North India,Rajasthan,26.91,74.22,118950.0,1332000.0,687000.0
2022-10-04,SR,South India,Tamil Nadu,11.12,78.66,87800.0,935000.0,455000.0
2022-10-04,WR,West India,Gujarat,23.02,72.57,50880.0,1305000.0,1084000.0
2022-10-05,ER,East India,Odisha,20.95,85.09,4690.0,463000.0,559000.0
2022-10-05,NER,NE India,Assam,26.2,92.93,550.0,48000.0,12000.0
2022-10-05,NR,North India,Rajasthan,26.91,74.22,118070.0,1256000.0,681000.0
2022-10-05,SR,South India,Tamil Nadu,11.12,78.66,78840.0,918000.0,422000.0
2022-10-05,WR,West India,Gujarat,23.02,72.57,48170.0,1212000.0,1032000.0
2022-10-06,ER,East India,Odisha,20.95,85.09,4260.0,496000.0,558000.0
2022-10-06,NER,NE India,Assam,26.2,92.93,860.0,54000.0,12000.0
2022-10-06,NR,North India,Rajasthan,26.91,74.22,116690.0,1237000.0,656000.0
2022-10-06,SR,South India,Tamil Nadu,11.12,78.66,52740.0,891000.0,434000.0
2022-10-06,WR,West India,Gujarat,23.02,72.57,31980.0,1249000.0,1063000.0
2022-10-07,ER,East India,Odisha,20.95,85.09,4990.0,513000.0,564000.0
2022-10-07,NER,NE India,Assam,26.2,92.93,710.0,57000.0,12000.0
2022-10-07,NR,North India,Rajasthan,26.91,74.22,108450.0,1198000.0,648000.0
2022-10-07,SR,South India,Tamil Nadu,11.12,78.66,82170.0,917000.0,433000.0
2022-10-07,WR,West India,Gujarat,23.02,72.57,34100.0,1201000.0,1052000.0
2022-10-08,ER,East India,Odisha,20.95,85.09,4870.0,528000.0,561000.0
2022-10-08,NER,NE India,Assam,26.2,92.93,630.0,54000.0,12000.0
2022-10-08,NR,North India,Rajasthan,26.91,74.22,94800.0,1095000.0,612000.0
2022-10-08,SR,South India,Tamil Nadu,11.12,78.66,104420.0,921000.0,407000.0
2022-10-08,WR,West India,Gujarat,23.02,72.57,39190.0,1196000.0,1056000.0
2022-10-09,ER,East India,Odisha,20.95,85.09,4770.0,528000.0,540000.0
2022-10-09,NER,NE India,Assam,26.2,92.93,360.0,51000.0,11000.0
2022-10-09,NR,North India,Rajasthan,26.91,74.22,110570.0,1014000.0,578000.0
2022-10-09,SR,South India,Tamil Nadu,11.12,78.66,65910.0,869000.0,415000.0
2022-10-09,WR,West India,Gujarat,23.02,72.57,44020.0,1183000.0,1035000.0
2022-10-10,ER,East India,Odisha,20.95,85.09,5210.0,530000.0,545000.0
2022-10-10,NER,NE India,Assam,26.2,92.93,550.0,53000.0,12000.0
2022-10-10,NR,North India,Rajasthan,26.91,74.22,106070.0,1016000.0,582000.0
2022-10-10,SR,South India,Tamil Nadu,11.12,78.66,71970.0,878000.0,453000.0
2022-10-10,WR,West India,Gujarat,23.02,72.57,44240.0,1219000.0,1064000.0
2022-10-11,ER,East India,Odisha,20.95,85.09,4680.0,514000.0,542000.0
2022-10-11,NER,NE India,Assam,26.2,92.93,470.0,52000.0,12000.0
2022-10-11,NR,North India,Rajasthan,26.91,74.22,113470.0,1024000.0,583000.0
2022-10-11,SR,South India,Tamil Nadu,11.12,78.66,85560.0,899000.0,470000.0
2022-10-11,WR,West India,Gujarat,23.02,72.57,44950.0,1217000.0,1039000.0
2022-10-12,ER,East India,Odisha,20.95,85.09,4480.0,493000.0,553000.0
2022-10-12,NER,NE India,Assam,26.2,92.93,420.0,52000.0,12000.0
2022-10-12,NR,North India,Rajasthan,26.91,74.22,114220.0,1063000.0,596000.0
2022-10-12,SR,South India,Tamil Nadu,11.12,78.66,80940.0,922000.0,461000.0
2022-10-12,WR,West India,Gujarat,23.02,72.57,46330.0,1216000.0,1030000.0
2022-10-13,ER,East India,Odisha,20.95,85.09,5020.0,507000.0,559000.0
2022-10-13,NER,NE India,Assam,26.2,92.93,530.0,54000.0,9000.0
2022-10-13,NR,North India,Rajasthan,26.91,74.22,117470.0,1079000.0,600000.0
2022-10-13,SR,South India,Tamil Nadu,11.12,78.66,85400.0,918000.0,460000.0
2022-10-13,WR,West India,Gujarat,23.02,72.57,52940.0,1223000.0,1039000.0
2022-10-14,ER,East India,Odisha,20.95,85.09,5480.0,517000.0,560000.0
2022-10-14,NER,NE India,Assam,26.2,92.93,670.0,56000.0,9000.0
2022-10-14,NR,North India,Rajasthan,26.91,74.22,119270.0,1083000.0,597000.0
2022-10-14,SR,South India,Tamil Nadu,11.12,78.66,92810.0,904000.0,456000.0
2022-10-14,WR,West India,Gujarat,23.02,72.57,52370.0,1202000.0,1021000.0
2022-10-15,ER,East India,Odisha,20.95,85.09,5550.0,513000.0,559000.0
2022-10-15,NER,NE India,Assam,26.2,92.93,800.0,56000.0,12000.0
2022-10-15,NR,North India,Rajasthan,26.91,74.22,118390.0,1076000.0,611000.0
2022-10-15,SR,South India,Tamil Nadu,11.12,78.66,83660.0,863000.0,437000.0
2022-10-15,WR,West India,Gujarat,23.02,72.57,56390.0,1190000.0,996000.0
2022-10-16,ER,East India,Odisha,20.95,85.09,5650.0,497000.0,543000.0
2022-10-16,NER,NE India,Assam,26.2,92.93,880.0,54000.0,12000.0
2022-10-16,NR,North India,Rajasthan,26.91,74.22,118380.0,1030000.0,573000.0
2022-10-16,SR,South India,Tamil Nadu,11.12,78.66,86770.0,812000.0,404000.0
2022-10-16,WR,West India,Gujarat,23.02,72.57,50650.0,1170000.0,986000.0
2022-10-17,ER,East India,Odisha,20.95,85.09,4780.0,498000.0,570000.0
2022-10-17,NER,NE India,Assam,26.2,92.93,830.0,55000.0,13000.0
2022-10-17,NR,North India,Rajasthan,26.91,74.22,118080.0,1068000.0,612000.0
2022-10-17,SR,South India,Tamil Nadu,11.12,78.66,91250.0,870000.0,442000.0
2022-10-17,WR,West India,Gujarat,23.02,72.57,51600.0,1219000.0,1047000.0
2022-10-18,ER,East India,Odisha,20.95,85.09,4880.0,505000.0,569000.0
2022-10-18,NER,NE India,Assam,26.2,92.93,770.0,56000.0,13000.0
2022-10-18,NR,North India,Rajasthan,26.91,74.22,114550.0,1076000.0,631000.0
2022-10-18,SR,South India,Tamil Nadu,11.12,78.66,96800.0,901000.0,459000.0
2022-10-18,WR,West India,Gujarat,23.02,72.57,49520.0,1238000.0,1059000.0
2022-10-19,ER,East India,Odisha,20.95,85.09,5030.0,498000.0,565000.0
2022-10-19,NER,NE India,Assam,26.2,92.93,870.0,56000.0,12000.0
2022-10-19,NR,North India,Rajasthan,26.91,74.22,114640.0,1078000.0,631000.0
2022-10-19,SR,South India,Tamil Nadu,11.12,78.66,95010.0,910000.0,471000.0
2022-10-19,WR,West India,Gujarat,23.02,72.57,55360.0,1241000.0,1059000.0
2022-10-20,ER,East India,Odisha,20.95,85.09,5130.0,490000.0,544000.0
2022-10-20,NER,NE India,Assam,26.2,92.93,920.0,55000.0,12000.0
2022-10-20,NR,North India,Rajasthan,26.91,74.22,113600.0,1078000.0,631000.0
2022-10-20,SR,South India,Tamil Nadu,11.12,78.66,96830.0,903000.0,469000.0
2022-10-20,WR,West India,Gujarat,23.02,72.57,48150.0,1247000.0,1089000.0
2022-10-21,ER,East India,Odisha,20.95,85.09,5050.0,484000.0,545000.0
2022-10-21,NER,NE India,Assam,26.2,92.93,950.0,55000.0,12000.0
2022-10-21,NR,North India,Rajasthan,26.91,74.22,110010.0,1084000.0,641000.0
2022-10-21,SR,South India,Tamil Nadu,11.12,78.66,94350.0,899000.0,484000.0
2022-10-21,WR,West India,Gujarat,23.02,72.57,48170.0,1233000.0,1050000.0
2022-10-22,ER,East India,Odisha,20.95,85.09,5680.0,488000.0,545000.0
2022-10-22,NER,NE India,Assam,26.2,92.93,940.0,54000.0,12000.0
2022-10-22,NR,North India,Rajasthan,26.91,74.22,110680.0,1078000.0,622000.0
2022-10-22,SR,South India,Tamil Nadu,11.12,78.66,107140.0,875000.0,463000.0
2022-10-22,WR,West India,Gujarat,23.02,72.57,52250.0,1190000.0,1006000.0
2022-10-23,ER,East India,Odisha,20.95,85.09,6110.0,482000.0,530000.0
2022-10-23,NER,NE India,Assam,26.2,92.93,500.0,51000.0,11000.0
2022-10-23,NR,North India,Rajasthan,26.91,74.22,111850.0,1011000.0,568000.0
2022-10-23,SR,South India,Tamil Nadu,11.12,78.66,116440.0,816000.0,398000.0
2022-10-23,WR,West India,Gujarat,23.02,72.57,53530.0,1110000.0,944000.0
2022-10-24,ER,East India,Odisha,20.95,85.09,5850.0,463000.0,468000.0
2022-10-24,NER,NE India,Assam,26.2,92.93,160.0,39000.0,10000.0
2022-10-24,NR,North India,Rajasthan,26.91,74.22,112570.0,918000.0,514000.0
2022-10-24,SR,South India,Tamil Nadu,11.12,78.66,109140.0,773000.0,346000.0
2022-10-24,WR,West India,Gujarat,23.02,72.57,54130.0,1002000.0,860000.0
2022-10-25,ER,East India,Odisha,20.95,85.09,5570.0,459000.0,428000.0
2022-10-25,NER,NE India,Assam,26.2,92.93,220.0,34000.0,9000.0
2022-10-25,NR,North India,Rajasthan,26.91,74.22,111000.0,845000.0,470000.0
2022-10-25,SR,South India,Tamil Nadu,11.12,78.66,121100.0,824000.0,340000.0
2022-10-25,WR,West India,Gujarat,23.02,72.57,54580.0,967000.0,832000.0
2022-10-26,ER,East India,Odisha,20.95,85.09,5630.0,475000.0,468000.0
2022-10-26,NER,NE India,Assam,26.2,92.93,460.0,43000.0,8000.0
2022-10-26,NR,North India,Rajasthan,26.91,74.22,110730.0,911000.0,519000.0
2022-10-26,SR,South India,Tamil Nadu,11.12,78.66,117810.0,895000.0,409000.0
2022-10-26,WR,West India,Gujarat,23.02,72.57,54500.0,991000.0,894000.0
2022-10-27,ER,East India,Odisha,20.95,85.09,5230.0,460000.0,503000.0
2022-10-27,NER,NE India,Assam,26.2,92.93,720.0,46000.0,13000.0
2022-10-27,NR,North India,Rajasthan,26.91,74.22,108240.0,975000.0,570000.0
2022-10-27,SR,South India,Tamil Nadu,11.12,78.66,106480.0,931000.0,457000.0
2022-10-27,WR,West India,Gujarat,23.02,72.57,52110.0,1099000.0,971000.0
2022-10-28,ER,East India,Odisha,20.95,85.09,4690.0,449000.0,539000.0
2022-10-28,NER,NE India,Assam,26.2,92.93,820.0,48000.0,13000.0
2022-10-28,NR,North India,Rajasthan,26.91,74.22,107320.0,1016000.0,608000.0
2022-10-28,SR,South India,Tamil Nadu,11.12,78.66,93690.0,955000.0,474000.0
2022-10-28,WR,West India,Gujarat,23.02,72.57,53630.0,1124000.0,1007000.0
2022-10-29,ER,East India,Odisha,20.95,85.09,5380.0,441000.0,536000.0
2022-10-29,NER,NE India,Assam,26.2,92.93,950.0,49000.0,13000.0
2022-10-29,NR,North India,Rajasthan,26.91,74.22,104550.0,1020000.0,606000.0
2022-10-29,SR,South India,Tamil Nadu,11.12,78.66,100480.0,935000.0,448000.0
2022-10-29,WR,West India,Gujarat,23.02,72.57,49440.0,1152000.0,1032000.0
2022-10-30,ER,East India,Odisha,20.95,85.09,5610.0,425000.0,513000.0
2022-10-30,NER,NE India,Assam,26.2,92.93,930.0,48000.0,8000.0
2022-10-30,NR,North India,Rajasthan,26.91,74.22,110440.0,983000.0,591000.0
2022-10-30,SR,South India,Tamil Nadu,11.12,78.66,85190.0,819000.0,416000.0
2022-10-30,WR,West India,Gujarat,23.02,72.57,51700.0,1152000.0,1019000.0
2022-10-31,ER,East India,Odisha,20.95,85.09,5020.0,431000.0,514000.0
2022-10-31,NER,NE India,Assam,26.2,92.93,900.0,47000.0,10000.0
2022-10-31,NR,North India,Rajasthan,26.91,74.22,110050.0,1021000.0,618000.0
2022-10-31,SR,South India,Tamil Nadu,11.12,78.66,114230.0,931000.0,474000.0
2022-10-31,WR,West India,Gujarat,23.02,72.57,49570.0,1198000.0,1061000.0
2022-11-01,ER,East India,Odisha,20.95,85.09,4920.0,449000.0,548000.0
2022-11-01,NER,NE India,Assam,26.2,92.93,930.0,50000.0,14000.0
2022-11-01,NR,North India,Rajasthan,26.91,74.22,109470.0,1027000.0,626000.0
2022-11-01,SR,South India,Tamil Nadu,11.12,78.66,63360.0,908000.0,480000.0
2022-11-01,WR,West India,Gujarat,23.02,72.57,50290.0,1213000.0,1096000.0
2022-11-02,ER,East India,Odisha,20.95,85.09,4890.0,451000.0,564000.0
2022-11-02,NER,NE India,Assam,26.2,92.93,870.0,51000.0,15000.0
2022-11-02,NR,North India,Rajasthan,26.91,74.22,103220.0,1039000.0,616000.0
2022-11-02,SR,South India,Tamil Nadu,11.12,78.66,69010.0,903000.0,476000.0
2022-11-02,WR,West India,Gujarat,23.02,72.57,51800.0,1243000.0,1125000.0
2022-11-03,ER,East India,Odisha,20.95,85.09,4780.0,441000.0,568000.0
2022-11-03,NER,NE India,Assam,26.2,92.93,730.0,50000.0,15000.0
2022-11-03,NR,North India,Rajasthan,26.91,74.22,104510.0,1041000.0,623000.0
2022-11-03,SR,South India,Tamil Nadu,11.12,78.66,77560.0,904000.0,477000.0
2022-11-03,WR,West India,Gujarat,23.02,72.57,53590.0,1264000.0,1144000.0
2022-11-04,ER,East India,Odisha,20.95,85.09,5130.0,438000.0,560000.0
2022-11-04,NER,NE India,Assam,26.2,92.93,790.0,50000.0,15000.0
2022-11-04,NR,North India,Rajasthan,26.91,74.22,106180.0,1053000.0,619000.0
2022-11-04,SR,South India,Tamil Nadu,11.12,78.66,93870.0,917000.0,481000.0
2022-11-04,WR,West India,Gujarat,23.02,72.57,52130.0,1285000.0,1146000.0
2022-11-05,ER,East India,Odisha,20.95,85.09,5010.0,440000.0,561000.0
2022-11-05,NER,NE India,Assam,26.2,92.93,860.0,50000.0,10000.0
2022-11-05,NR,North India,Rajasthan,26.91,74.22,108670.0,1044000.0,614000.0
2022-11-05,SR,South India,Tamil Nadu,11.12,78.66,102870.0,907000.0,476000.0
2022-11-05,WR,West India,Gujarat,23.02,72.57,51680.0,1303000.0,1153000.0
2022-11-06,ER,East India,Odisha,20.95,85.09,4870.0,422000.0,562000.0
2022-11-06,NER,NE India,Assam,26.2,92.93,850.0,47000.0,10000.0
2022-11-06,NR,North India,Rajasthan,26.91,74.22,88020.0,994000.0,589000.0
2022-11-06,SR,South India,Tamil Nadu,11.12,78.66,95160.0,853000.0,449000.0
2022-11-06,WR,West India,Gujarat,23.02,72.57,49410.0,1283000.0,1153000.0
2022-11-07,ER,East India,Odisha,20.95,85.09,5050.0,434000.0,578000.0
2022-11-07,NER,NE India,Assam,26.2,92.93,800.0,47000.0,11000.0
2022-11-07,NR,North India,Rajasthan,26.91,74.22,88900.0,1034000.0,609000.0
2022-11-07,SR,South India,Tamil Nadu,11.12,78.66,118000.0,916000.0,478000.0
2022-11-07,WR,West India,Gujarat,23.02,72.57,47830.0,1324000.0,1212000.0
2022-11-08,ER,East India,Odisha,20.95,85.09,5230.0,431000.0,575000.0
2022-11-08,NER,NE India,Assam,26.2,92.93,810.0,48000.0,12000.0
2022-11-08,NR,North India,Rajasthan,26.91,74.22,80430.0,1033000.0,626000.0
2022-11-08,SR,South India,Tamil Nadu,11.12,78.66,110040.0,941000.0,488000.0
2022-11-08,WR,West India,Gujarat,23.02,72.57,47840.0,1349000.0,1251000.0
2022-11-09,ER,East India,Odisha,20.95,85.09,4950.0,427000.0,575000.0
2022-11-09,NER,NE India,Assam,26.2,92.93,880.0,48000.0,11000.0
2022-11-09,NR,North India,Rajasthan,26.91,74.22,87550.0,1042000.0,625000.0
2022-11-09,SR,South India,Tamil Nadu,11.12,78.66,108490.0,951000.0,497000.0
2022-11-09,WR,West India,Gujarat,23.02,72.57,48120.0,1354000.0,1265000.0
2022-11-10,ER,East India,Odisha,20.95,85.09,5080.0,423000.0,566000.0
2022-11-10,NER,NE India,Assam,26.2,92.93,870.0,48000.0,9000.0
2022-11-10,NR,North India,Rajasthan,26.91,74.22,94600.0,1052000.0,636000.0
2022-11-10,SR,South India,Tamil Nadu,11.12,78.66,99020.0,947000.0,478000.0
2022-11-10,WR,West India,Gujarat,23.02,72.57,48480.0,1361000.0,1249000.0
2022-11-11,ER,East India,Odisha,20.95,85.09,5100.0,417000.0,557000.0
2022-11-11,NER,NE India,Assam,26.2,92.93,860.0,47000.0,10000.0
2022-11-11,NR,North India,Rajasthan,26.91,74.22,87720.0,1049000.0,651000.0
2022-11-11,SR,South India,Tamil Nadu,11.12,78.66,73510.0,917000.0,482000.0
2022-11-11,WR,West India,Gujarat,23.02,72.57,48670.0,1361000.0,1216000.0
2022-11-12,ER,East India,Odisha,20.95,85.09,5260.0,413000.0,544000.0
2022-11-12,NER,NE India,Assam,26.2,92.93,790.0,48000.0,7000.0
2022-11-12,NR,North India,Rajasthan,26.91,74.22,98800.0,1023000.0,645000.0
2022-11-12,SR,South India,Tamil Nadu,11.12,78.66,69790.0,868000.0,455000.0
2022-11-12,WR,West India,Gujarat,23.02,72.57,47460.0,1362000.0,1210000.0
2022-11-13,ER,East India,Odisha,20.95,85.09,5080.0,390000.0,531000.0
2022-11-13,NER,NE India,Assam,26.2,92.93,810.0,45000.0,4000.0
2022-11-13,NR,North India,Rajasthan,26.91,74.22,103190.0,976000.0,609000.0
2022-11-13,SR,South India,Tamil Nadu,11.12,78.66,76730.0,815000.0,425000.0
2022-11-13,WR,West India,Gujarat,23.02,72.57,48990.0,1324000.0,1186000.0
2022-11-14,ER,East India,Odisha,20.95,85.09,5190.0,394000.0,551000.0
2022-11-14,NER,NE India,Assam,26.2,92.93,870.0,45000.0,5000.0
2022-11-14,NR,North India,Rajasthan,26.91,74.22,96150.0,1011000.0,629000.0
2022-11-14,SR,South India,Tamil Nadu,11.12,78.66,80780.0,889000.0,454000.0
2022-11-14,WR,West India,Gujarat,23.02,72.57,48360.0,1359000.0,1225000.0
2022-11-15,ER,East India,Odisha,20.95,85.09,4850.0,392000.0,569000.0
2022-11-15,NER,NE India,Assam,26.2,92.93,830.0,46000.0,6000.0
2022-11-15,NR,North India,Rajasthan,26.91,74.22,89710.0,1032000.0,646000.0
2022-11-15,SR,South India,Tamil Nadu,11.12,78.66,96860.0,917000.0,476000.0
2022-11-15,WR,West India,Gujarat,23.02,72.57,49110.0,1380000.0,1239000.0
2022-11-16,ER,East India,Odisha,20.95,85.09,5390.0,396000.0,579000.0
2022-11-16,NER,NE India,Assam,26.2,92.93,840.0,46000.0,11000.0
2022-11-16,NR,North India,Rajasthan,26.91,74.22,101020.0,1040000.0,658000.0
2022-11-16,SR,South India,Tamil Nadu,11.12,78.66,106710.0,929000.0,486000.0
2022-11-16,WR,West India,Gujarat,23.02,72.57,50640.0,1377000.0,1242000.0
2022-11-17,ER,East India,Odisha,20.95,85.09,5190.0,394000.0,585000.0
2022-11-17,NER,NE India,Assam,26.2,92.93,810.0,47000.0,11000.0
2022-11-17,NR,North India,Rajasthan,26.91,74.22,103690.0,1044000.0,649000.0
2022-11-17,SR,South India,Tamil Nadu,11.12,78.66,113700.0,934000.0,473000.0
2022-11-17,WR,West India,Gujarat,23.02,72.57,51160.0,1374000.0,1249000.0
2022-11-18,ER,East India,Odisha,20.95,85.09,5040.0,393000.0,577000.0
2022-11-18,NER,NE India,Assam,26.2,92.93,870.0,46000.0,11000.0
2022-11-18,NR,North India,Rajasthan,26.91,74.22,98600.0,1049000.0,611000.0
2022-11-18,SR,South India,Tamil Nadu,11.12,78.66,110260.0,946000.0,477000.0
2022-11-18,WR,West India,Gujarat,23.02,72.57,52960.0,1371000.0,1258000.0
2022-11-19,ER,East India,Odisha,20.95,85.09,5050.0,393000.0,568000.0
2022-11-19,NER,NE India,Assam,26.2,92.93,860.0,46000.0,10000.0
2022-11-19,NR,North India,Rajasthan,26.91,74.22,105120.0,1046000.0,654000.0
2022-11-19,SR,South India,Tamil Nadu,11.12,78.66,108360.0,924000.0,479000.0
2022-11-19,WR,West India,Gujarat,23.02,72.57,53670.0,1356000.0,1240000.0
2022-11-20,ER,East India,Odisha,20.95,85.09,4880.0,381000.0,547000.0
2022-11-20,NER,NE India,Assam,26.2,92.93,850.0,44000.0,10000.0
2022-11-20,NR,North India,Rajasthan,26.91,74.22,101230.0,1010000.0,623000.0
2022-11-20,SR,South India,Tamil Nadu,11.12,78.66,107600.0,868000.0,460000.0
2022-11-20,WR,West India,Gujarat,23.02,72.57,52540.0,1319000.0,1192000.0
2022-11-21,ER,East India,Odisha,20.95,85.09,4880.0,392000.0,569000.0
2022-11-21,NER,NE India,Assam,26.2,92.93,850.0,46000.0,10000.0
2022-11-21,NR,North India,Rajasthan,26.91,74.22,105000.0,1044000.0,624000.0
2022-11-21,SR,South India,Tamil Nadu,11.12,78.66,80010.0,918000.0,495000.0
2022-11-21,WR,West India,Gujarat,23.02,72.57,51300.0,1350000.0,1244000.0
2022-11-22,ER,East India,Odisha,20.95,85.09,5090.0,398000.0,576000.0
2022-11-22,NER,NE India,Assam,26.2,92.93,870.0,46000.0,11000.0
2022-11-22,NR,North India,Rajasthan,26.91,74.22,105160.0,1059000.0,644000.0
2022-11-22,SR,South India,Tamil Nadu,11.12,78.66,80730.0,934000.0,503000.0
2022-11-22,WR,West India,Gujarat,23.02,72.57,51630.0,1366000.0,1271000.0
2022-11-23,ER,East India,Odisha,20.95,85.09,5210.0,404000.0,567000.0
2022-11-23,NER,NE India,Assam,26.2,92.93,880.0,46000.0,11000.0
2022-11-23,NR,North India,Rajasthan,26.91,74.22,107900.0,1061000.0,660000.0
2022-11-23,SR,South India,Tamil Nadu,11.12,78.66,75450.0,937000.0,506000.0
2022-11-23,WR,West India,Gujarat,23.02,72.57,52780.0,1373000.0,1255000.0
2022-11-24,ER,East India,Odisha,20.95,85.09,5540.0,400000.0,568000.0
2022-11-24,NER,NE India,Assam,26.2,92.93,880.0,47000.0,11000.0
2022-11-24,NR,North India,Rajasthan,26.91,74.22,111690.0,1072000.0,647000.0
2022-11-24,SR,South India,Tamil Nadu,11.12,78.66,89560.0,938000.0,511000.0
2022-11-24,WR,West India,Gujarat,23.02,72.57,53020.0,1386000.0,1290000.0
2022-11-25,ER,East India,Odisha,20.95,85.09,5640.0,402000.0,576000.0
2022-11-25,NER,NE India,Assam,26.2,92.93,870.0,46000.0,11000.0
2022-11-25,NR,North India,Rajasthan,26.91,74.22,107390.0,1082000.0,652000.0
2022-11-25,SR,South India,Tamil Nadu,11.12,78.66,101600.0,960000.0,508000.0
2022-11-25,WR,West India,Gujarat,23.02,72.57,52780.0,1388000.0,1294000.0
2022-11-26,ER,East India,Odisha,20.95,85.09,4960.0,402000.0,564000.0
2022-11-26,NER,NE India,Assam,26.2,92.93,890.0,47000.0,10000.0
2022-11-26,NR,North India,Rajasthan,26.91,74.22,106930.0,1065000.0,664000.0
2022-11-26,SR,South India,Tamil Nadu,11.12,78.66,100700.0,957000.0,508000.0
2022-11-26,WR,West India,Gujarat,23.02,72.57,52340.0,1386000.0,1293000.0
2022-11-27,ER,East India,Odisha,20.95,85.09,5080.0,389000.0,562000.0
2022-11-27,NER,NE India,Assam,26.2,92.93,890.0,44000.0,10000.0
2022-11-27,NR,North India,Rajasthan,26.91,74.22,104370.0,1034000.0,659000.0
2022-11-27,SR,South India,Tamil Nadu,11.12,78.66,92900.0,895000.0,492000.0
2022-11-27,WR,West India,Gujarat,23.02,72.57,52780.0,1354000.0,1247000.0
2022-11-28,ER,East India,Odisha,20.95,85.09,5080.0,390000.0,566000.0
2022-11-28,NER,NE India,Assam,26.2,92.93,1030.0,45000.0,11000.0
2022-11-28,NR,North India,Rajasthan,26.91,74.22,104490.0,1058000.0,671000.0
2022-11-28,SR,South India,Tamil Nadu,11.12,78.66,87930.0,948000.0,511000.0
2022-11-28,WR,West India,Gujarat,23.02,72.57,51640.0,1379000.0,1292000.0
2022-11-29,ER,East India,Odisha,20.95,85.09,4700.0,390000.0,557000.0
2022-11-29,NER,NE India,Assam,26.2,92.93,880.0,46000.0,11000.0
2022-11-29,NR,North India,Rajasthan,26.91,74.22,98590.0,1074000.0,680000.0
2022-11-29,SR,South India,Tamil Nadu,11.12,78.66,96450.0,941000.0,514000.0
2022-11-29,WR,West India,Gujarat,23.02,72.57,50390.0,1387000.0,1291000.0
2022-11-30,ER,East India,Odisha,20.95,85.09,4960.0,396000.0,542000.0
2022-11-30,NER,NE India,Assam,26.2,92.93,830.0,47000.0,11000.0
2022-11-30,NR,North India,Rajasthan,26.91,74.22,100000.0,1076000.0,663000.0
2022-11-30,SR,South India,Tamil Nadu,11.12,78.66,110810.0,965000.0,515000.0
2022-11-30,WR,West India,Gujarat,23.02,72.57,49490.0,1381000.0,1300000.0
2022-12-01,ER,East India,Odisha,20.95,85.09,2080.0,383000.0,539000.0
2022-12-01,NER,NE India,Assam,26.2,92.93,810.0,47000.0,10000.0
2022-12-01,NR,North India,Rajasthan,26.91,74.22,101350.0,1061000.0,669000.0
2022-12-01,SR,South India,Tamil Nadu,11.12,78.66,90830.0,974000.0,519000.0
2022-12-01,WR,West India,Gujarat,23.02,72.57,48670.0,1361000.0,1284000.0
2022-12-02,ER,East India,Odisha,20.95,85.09,2110.0,385000.0,548000.0
2022-12-02,NER,NE India,Assam,26.2,92.93,780.0,46000.0,10000.0
2022-12-02,NR,North India,Rajasthan,26.91,74.22,98530.0,1064000.0,685000.0
2022-12-02,SR,South India,Tamil Nadu,11.12,78.66,85100.0,992000.0,511000.0
2022-12-02,WR,West India,Gujarat,23.02,72.57,46840.0,1378000.0,1341000.0
2022-12-03,ER,East India,Odisha,20.95,85.09,2400.0,386000.0,561000.0
2022-12-03,NER,NE India,Assam,26.2,92.93,840.0,46000.0,10000.0
2022-12-03,NR,North India,Rajasthan,26.91,74.22,92050.0,1061000.0,675000.0
2022-12-03,SR,South India,Tamil Nadu,11.12,78.66,94010.0,987000.0,503000.0
2022-12-03,WR,West India,Gujarat,23.02,72.57,44930.0,1391000.0,1321000.0
2022-12-04,ER,East India,Odisha,20.95,85.09,2090.0,386000.0,548000.0
2022-12-04,NER,NE India,Assam,26.2,92.93,820.0,44000.0,10000.0
2022-12-04,NR,North India,Rajasthan,26.91,74.22,94890.0,1031000.0,649000.0
2022-12-04,SR,South India,Tamil Nadu,11.12,78.66,100550.0,914000.0,473000.0
2022-12-04,WR,West India,Gujarat,23.02,72.57,45830.0,1365000.0,1268000.0
2022-12-05,ER,East India,Odisha,20.95,85.09,2200.0,392000.0,573000.0
2022-12-05,NER,NE India,Assam,26.2,92.93,840.0,45000.0,10000.0
2022-12-05,NR,North India,Rajasthan,26.91,74.22,93180.0,1060000.0,658000.0
2022-12-05,SR,South India,Tamil Nadu,11.12,78.66,99570.0,969000.0,498000.0
2022-12-05,WR,West India,Gujarat,23.02,72.57,46380.0,1378000.0,1265000.0
2022-12-06,ER,East India,Odisha,20.95,85.09,4780.0,393000.0,589000.0
2022-12-06,NER,NE India,Assam,26.2,92.93,820.0,45000.0,10000.0
2022-12-06,NR,North India,Rajasthan,26.91,74.22,99830.0,1086000.0,671000.0
2022-12-06,SR,South India,Tamil Nadu,11.12,78.66,95710.0,980000.0,525000.0
2022-12-06,WR,West India,Gujarat,23.02,72.57,46630.0,1400000.0,1265000.0
2022-12-07,ER,East India,Odisha,20.95,85.09,4570.0,394000.0,585000.0
2022-12-07,NER,NE India,Assam,26.2,92.93,810.0,46000.0,10000.0
2022-12-07,NR,North India,Rajasthan,26.91,74.22,102320.0,1092000.0,692000.0
2022-12-07,SR,South India,Tamil Nadu,11.12,78.66,76620.0,973000.0,530000.0
2022-12-07,WR,West India,Gujarat,23.02,72.57,46960.0,1400000.0,1286000.0
2022-12-08,ER,East India,Odisha,20.95,85.09,4680.0,388000.0,580000.0
2022-12-08,NER,NE India,Assam,26.2,92.93,750.0,46000.0,10000.0
2022-12-08,NR,North India,Rajasthan,26.91,74.22,100200.0,1087000.0,691000.0
2022-12-08,SR,South India,Tamil Nadu,11.12,78.66,87090.0,952000.0,515000.0
2022-12-08,WR,West India,Gujarat,23.02,72.57,50780.0,1391000.0,1287000.0
2022-12-09,ER,East India,Odisha,20.95,85.09,1980.0,391000.0,578000.0
2022-12-09,NER,NE India,Assam,26.2,92.93,820.0,47000.0,10000.0
2022-12-09,NR,North India,Rajasthan,26.91,74.22,104010.0,1105000.0,538000.0
2022-12-09,SR,South India,Tamil Nadu,11.12,78.66,55650.0,902000.0,484000.0
2022-12-09,WR,West India,Gujarat,23.02,72.57,54080.0,1363000.0,1270000.0
2022-12-10,ER,East India,Odisha,20.95,85.09,1350.0,393000.0,559000.0
2022-12-10,NER,NE India,Assam,26.2,92.93,810.0,47000.0,8000.0
2022-12-10,NR,North India,Rajasthan,26.91,74.22,101130.0,1092000.0,672000.0
2022-12-10,SR,South India,Tamil Nadu,11.12,78.66,43080.0,835000.0,442000.0
2022-12-10,WR,West India,Gujarat,23.02,72.57,50580.0,1361000.0,1231000.0
2022-12-11,ER,East India,Odisha,20.95,85.09,2190.0,389000.0,537000.0
2022-12-11,NER,NE India,Assam,26.2,92.93,780.0,44000.0,4000.0
2022-12-11,NR,North India,Rajasthan,26.91,74.22,101330.0,1057000.0,653000.0
2022-12-11,SR,South India,Tamil Nadu,11.12,78.66,50220.0,781000.0,441000.0
2022-12-11,WR,West India,Gujarat,23.02,72.57,46110.0,1338000.0,1198000.0
2022-12-12,ER,East India,Odisha,20.95,85.09,2090.0,393000.0,547000.0
2022-12-12,NER,NE India,Assam,26.2,92.93,740.0,45000.0,5000.0
2022-12-12,NR,North India,Rajasthan,26.91,74.22,104250.0,1086000.0,675000.0
2022-12-12,SR,South India,Tamil Nadu,11.12,78.66,54910.0,837000.0,494000.0
2022-12-12,WR,West India,Gujarat,23.02,72.57,40240.0,1385000.0,1255000.0
2022-12-13,ER,East India,Odisha,20.95,85.09,2140.0,396000.0,534000.0
2022-12-13,NER,NE India,Assam,26.2,92.93,740.0,45000.0,5000.0
2022-12-13,NR,North India,Rajasthan,26.91,74.22,104570.0,1108000.0,689000.0
2022-12-13,SR,South India,Tamil Nadu,11.12,78.66,71150.0,864000.0,505000.0
2022-12-13,WR,West India,Gujarat,23.02,72.57,37650.0,1403000.0,1250000.0
2022-12-14,ER,East India,Odisha,20.95,85.09,4940.0,401000.0,546000.0
2022-12-14,NER,NE India,Assam,26.2,92.93,700.0,46000.0,5000.0
2022-12-14,NR,North India,Rajasthan,26.91,74.22,107020.0,1115000.0,699000.0
2022-12-14,SR,South India,Tamil Nadu,11.12,78.66,90980.0,889000.0,521000.0
2022-12-14,WR,West India,Gujarat,23.02,72.57,40190.0,1403000.0,1267000.0
2022-12-15,ER,East India,Odisha,20.95,85.09,4770.0,398000.0,561000.0
2022-12-15,NER,NE India,Assam,26.2,92.93,610.0,46000.0,10000.0
2022-12-15,NR,North India,Rajasthan,26.91,74.22,108770.0,1104000.0,707000.0
2022-12-15,SR,South India,Tamil Nadu,11.12,78.66,118270.0,908000.0,525000.0
2022-12-15,WR,West India,Gujarat,23.02,72.57,43350.0,1400000.0,1282000.0
2022-12-16,ER,East India,Odisha,20.95,85.09,5040.0,401000.0,578000.0
2022-12-16,NER,NE India,Assam,26.2,92.93,560.0,46000.0,9000.0
2022-12-16,NR,North India,Rajasthan,26.91,74.22,109720.0,1103000.0,721000.0
2022-12-16,SR,South India,Tamil Nadu,11.12,78.66,122320.0,935000.0,544000.0
2022-12-16,WR,West India,Gujarat,23.02,72.57,45840.0,1417000.0,1300000.0
2022-12-17,ER,East India,Odisha,20.95,85.09,5100.0,401000.0,593000.0
2022-12-17,NER,NE India,Assam,26.2,92.93,690.0,46000.0,10000.0
2022-12-17,NR,North India,Rajasthan,26.91,74.22,109450.0,1112000.0,727000.0
2022-12-17,SR,South India,Tamil Nadu,11.12,78.66,103590.0,941000.0,501000.0
2022-12-17,WR,West India,Gujarat,23.02,72.57,49880.0,1436000.0,1295000.0
2022-12-18,ER,East India,Odisha,20.95,85.09,5220.0,399000.0,579000.0
2022-12-18,NER,NE India,Assam,26.2,92.93,740.0,44000.0,9000.0
2022-12-18,NR,North India,Rajasthan,26.91,74.22,107930.0,1091000.0,698000.0
2022-12-18,SR,South India,Tamil Nadu,11.12,78.66,97720.0,891000.0,500000.0
2022-12-18,WR,West India,Gujarat,23.02,72.57,53170.0,1388000.0,1274000.0
2022-12-19,ER,East India,Odisha,20.95,85.09,2240.0,402000.0,615000.0
2022-12-19,NER,NE India,Assam,26.2,92.93,770.0,45000.0,11000.0
2022-12-19,NR,North India,Rajasthan,26.91,74.22,92430.0,1097000.0,718000.0
2022-12-19,SR,South India,Tamil Nadu,11.12,78.66,103350.0,957000.0,571000.0
2022-12-19,WR,West India,Gujarat,23.02,72.57,53780.0,1408000.0,1389000.0
2022-12-20,ER,East India,Odisha,20.95,85.09,2400.0,404000.0,623000.0
2022-12-20,NER,NE India,Assam,26.2,92.93,700.0,45000.0,15000.0
2022-12-20,NR,North India,Rajasthan,26.91,74.22,84550.0,1089000.0,706000.0
2022-12-20,SR,South India,Tamil Nadu,11.12,78.66,107240.0,982000.0,571000.0
2022-12-20,WR,West India,Gujarat,23.02,72.57,52170.0,1447000.0,1425000.0
2022-12-21,ER,East India,Odisha,20.95,85.09,2020.0,401000.0,618000.0
2022-12-21,NER,NE India,Assam,26.2,92.93,700.0,46000.0,15000.0
2022-12-21,NR,North India,Rajasthan,26.91,74.22,101970.0,1127000.0,752000.0
2022-12-21,SR,South India,Tamil Nadu,11.12,78.66,109330.0,1001000.0,546000.0
2022-12-21,WR,West India,Gujarat,23.02,72.57,54010.0,1448000.0,1426000.0
2022-12-22,ER,East India,Odisha,20.95,85.09,4790.0,398000.0,603000.0
2022-12-22,NER,NE India,Assam,26.2,92.93,680.0,46000.0,15000.0
2022-12-22,NR,North India,Rajasthan,26.91,74.22,103210.0,1141000.0,747000.0
2022-12-22,SR,South India,Tamil Nadu,11.12,78.66,119590.0,1015000.0,558000.0
2022-12-22,WR,West India,Gujarat,23.02,72.57,52000.0,1450000.0,1453000.0
2022-12-23,ER,East India,Odisha,20.95,85.09,4990.0,404000.0,624000.0
2022-12-23,NER,NE India,Assam,26.2,92.93,620.0,47000.0,16000.0
2022-12-23,NR,North India,Rajasthan,26.91,74.22,101800.0,1144000.0,752000.0
2022-12-23,SR,South India,Tamil Nadu,11.12,78.66,125290.0,1008000.0,548000.0
2022-12-23,WR,West India,Gujarat,23.02,72.57,54130.0,1444000.0,1466000.0
2022-12-24,ER,East India,Odisha,20.95,85.09,4950.0,402000.0,628000.0
2022-12-24,NER,NE India,Assam,26.2,92.93,660.0,47000.0,15000.0
2022-12-24,NR,North India,Rajasthan,26.91,74.22,101650.0,1142000.0,746000.0
2022-12-24,SR,South India,Tamil Nadu,11.12,78.66,118440.0,1020000.0,573000.0
2022-12-24,WR,West India,Gujarat,23.02,72.57,52240.0,1426000.0,1426000.0
2022-12-25,ER,East India,Odisha,20.95,85.09,5290.0,402000.0,610000.0
2022-12-25,NER,NE India,Assam,26.2,92.93,520.0,44000.0,14000.0
2022-12-25,NR,North India,Rajasthan,26.91,74.22,98230.0,1111000.0,711000.0
2022-12-25,SR,South India,Tamil Nadu,11.12,78.66,77690.0,930000.0,541000.0
2022-12-25,WR,West India,Gujarat,23.02,72.57,47730.0,1384000.0,1390000.0
2022-12-26,ER,East India,Odisha,20.95,85.09,2150.0,409000.0,621000.0
2022-12-26,NER,NE India,Assam,26.2,92.93,320.0,46000.0,15000.0
2022-12-26,NR,North India,Rajasthan,26.91,74.22,103060.0,1142000.0,722000.0
2022-12-26,SR,South India,Tamil Nadu,11.12,78.66,75130.0,965000.0,548000.0
2022-12-26,WR,West India,Gujarat,23.02,72.57,48390.0,1410000.0,1396000.0
2022-12-27,ER,East India,Odisha,20.95,85.09,1840.0,402000.0,629000.0
2022-12-27,NER,NE India,Assam,26.2,92.93,210.0,45000.0,15000.0
2022-12-27,NR,North India,Rajasthan,26.91,74.22,105420.0,1163000.0,741000.0
2022-12-27,SR,South India,Tamil Nadu,11.12,78.66,94050.0,996000.0,576000.0
2022-12-27,WR,West India,Gujarat,23.02,72.57,50200.0,1434000.0,1430000.0
2022-12-28,ER,East India,Odisha,20.95,85.09,2080.0,407000.0,641000.0
2022-12-28,NER,NE India,Assam,26.2,92.93,210.0,47000.0,16000.0
2022-12-28,NR,North India,Rajasthan,26.91,74.22,107030.0,1166000.0,770000.0
2022-12-28,SR,South India,Tamil Nadu,11.12,78.66,107390.0,1024000.0,585000.0
2022-12-28,WR,West India,Gujarat,23.02,72.57,53710.0,1434000.0,1439000.0
2022-12-29,ER,East India,Odisha,20.95,85.09,2530.0,410000.0,651000.0
2022-12-29,NER,NE India,Assam,26.2,92.93,490.0,47000.0,16000.0
2022-12-29,NR,North India,Rajasthan,26.91,74.22,79430.0,1163000.0,766000.0
2022-12-29,SR,South India,Tamil Nadu,11.12,78.66,110890.0,1045000.0,583000.0
2022-12-29,WR,West India,Gujarat,23.02,72.57,51740.0,1438000.0,1486000.0
2022-12-30,ER,East India,Odisha,20.95,85.09,2420.0,415000.0,660000.0
2022-12-30,NER,NE India,Assam,26.2,92.93,670.0,48000.0,15000.0
2022-12-30,NR,North India,Rajasthan,26.91,74.22,84570.0,1166000.0,770000.0
2022-12-30,SR,South India,Tamil Nadu,11.12,78.66,117100.0,1056000.0,578000.0
2022-12-30,WR,West India,Gujarat,23.02,72.57,53100.0,1442000.0,1464000.0
2022-12-31,ER,East India,Odisha,20.95,85.09,2620.0,415000.0,652000.0
2022-12-31,NER,NE India,Assam,26.2,92.93,650.0,48000.0,15000.0
2022-12-31,NR,North India,Rajasthan,26.91,74.22,100150.0,1153000.0,796000.0
2022-12-31,SR,South India,Tamil Nadu,11.12,78.66,115450.0,1046000.0,575000.0
2022-12-31,WR,West India,Gujarat,23.02,72.57,54000.0,1419000.0,1409000.0
2023-01-01,ER,East India,Odisha,20.95,85.09,4780.0,394000.0,631000.0
2023-01-01,NER,NE India,Assam,26.2,92.93,670.0,45000.0,13000.0
2023-01-01,NR,North India,Rajasthan,26.91,74.22,103440.0,1119000.0,777000.0
2023-01-01,SR,South India,Tamil Nadu,11.12,78.66,118200.0,973000.0,546000.0
2023-01-01,WR,West India,Gujarat,23.02,72.57,52410.0,1340000.0,1328000.0
2023-01-02,ER,East India,Odisha,20.95,85.09,4370.0,403000.0,621000.0
2023-01-02,NER,NE India,Assam,26.2,92.93,750.0,45000.0,16000.0
2023-01-02,NR,North India,Rajasthan,26.91,74.22,108750.0,1142000.0,805000.0
2023-01-02,SR,South India,Tamil Nadu,11.12,78.66,114020.0,1032000.0,578000.0
2023-01-02,WR,West India,Gujarat,23.02,72.57,51560.0,1389000.0,1369000.0
2023-01-03,ER,East India,Odisha,20.95,85.09,1650.0,418000.0,631000.0
2023-01-03,NER,NE India,Assam,26.2,92.93,420.0,47000.0,15000.0
2023-01-03,NR,North India,Rajasthan,26.91,74.22,102030.0,1187000.0,805000.0
2023-01-03,SR,South India,Tamil Nadu,11.12,78.66,107980.0,1053000.0,584000.0
2023-01-03,WR,West India,Gujarat,23.02,72.57,50120.0,1415000.0,1392000.0
2023-01-04,ER,East India,Odisha,20.95,85.09,1500.0,421000.0,633000.0
2023-01-04,NER,NE India,Assam,26.2,92.93,380.0,48000.0,15000.0
2023-01-04,NR,North India,Rajasthan,26.91,74.22,105340.0,1218000.0,781000.0
2023-01-04,SR,South India,Tamil Nadu,11.12,78.66,111870.0,1062000.0,577000.0
2023-01-04,WR,West India,Gujarat,23.02,72.57,48660.0,1381000.0,1325000.0
2023-01-05,ER,East India,Odisha,20.95,85.09,1970.0,425000.0,625000.0
2023-01-05,NER,NE India,Assam,26.2,92.93,820.0,48000.0,15000.0
2023-01-05,NR,North India,Rajasthan,26.91,74.22,103990.0,1209000.0,764000.0
2023-01-05,SR,South India,Tamil Nadu,11.12,78.66,101800.0,1057000.0,563000.0
2023-01-05,WR,West India,Gujarat,23.02,72.57,45560.0,1420000.0,1380000.0
2023-01-06,ER,East India,Odisha,20.95,85.09,2360.0,423000.0,638000.0
2023-01-06,NER,NE India,Assam,26.2,92.93,860.0,47000.0,16000.0
2023-01-06,NR,North India,Rajasthan,26.91,74.22,104560.0,1208000.0,757000.0
2023-01-06,SR,South India,Tamil Nadu,11.12,78.66,86740.0,1058000.0,573000.0
2023-01-06,WR,West India,Gujarat,23.02,72.57,43610.0,1422000.0,1421000.0
2023-01-07,ER,East India,Odisha,20.95,85.09,5080.0,425000.0,665000.0
2023-01-07,NER,NE India,Assam,26.2,92.93,900.0,47000.0,16000.0
2023-01-07,NR,North India,Rajasthan,26.91,74.22,92890.0,1207000.0,773000.0
2023-01-07,SR,South India,Tamil Nadu,11.12,78.66,95650.0,1044000.0,585000.0
2023-01-07,WR,West India,Gujarat,23.02,72.57,46970.0,1431000.0,1474000.0
2023-01-08,ER,East India,Odisha,20.95,85.09,2560.0,415000.0,638000.0
2023-01-08,NER,NE India,Assam,26.2,92.93,850.0,46000.0,16000.0
2023-01-08,NR,North India,Rajasthan,26.91,74.22,102610.0,1202000.0,793000.0
2023-01-08,SR,South India,Tamil Nadu,11.12,78.66,109500.0,983000.0,575000.0
2023-01-08,WR,West India,Gujarat,23.02,72.57,52520.0,1397000.0,1385000.0
2023-01-09,ER,East India,Odisha,20.95,85.09,5910.0,413000.0,628000.0
2023-01-09,NER,NE India,Assam,26.2,92.93,860.0,48000.0,15000.0
2023-01-09,NR,North India,Rajasthan,26.91,74.22,81940.0,1211000.0,814000.0
2023-01-09,SR,South India,Tamil Nadu,11.12,78.66,119510.0,1029000.0,602000.0
2023-01-09,WR,West India,Gujarat,23.02,72.57,54070.0,1420000.0,1431000.0
2023-01-10,ER,East India,Odisha,20.95,85.09,5230.0,422000.0,616000.0
2023-01-10,NER,NE India,Assam,26.2,92.93,830.0,48000.0,16000.0
2023-01-10,NR,North India,Rajasthan,26.91,74.22,107370.0,1216000.0,803000.0
2023-01-10,SR,South India,Tamil Nadu,11.12,78.66,128150.0,1048000.0,582000.0
2023-01-10,WR,West India,Gujarat,23.02,72.57,55050.0,1443000.0,1468000.0
2023-01-11,ER,East India,Odisha,20.95,85.09,3670.0,430000.0,634000.0
2023-01-11,NER,NE India,Assam,26.2,92.93,490.0,46000.0,16000.0
2023-01-11,NR,North India,Rajasthan,26.91,74.22,103880.0,1236000.0,799000.0
2023-01-11,SR,South India,Tamil Nadu,11.12,78.66,131700.0,1055000.0,574000.0
2023-01-11,WR,West India,Gujarat,23.02,72.57,55580.0,1426000.0,1490000.0
2023-01-12,ER,East India,Odisha,20.95,85.09,3600.0,432000.0,641000.0
2023-01-12,NER,NE India,Assam,26.2,92.93,720.0,49000.0,16000.0
2023-01-12,NR,North India,Rajasthan,26.91,74.22,97530.0,1196000.0,758000.0
2023-01-12,SR,South India,Tamil Nadu,11.12,78.66,131590.0,1069000.0,570000.0
2023-01-12,WR,West India,Gujarat,23.02,72.57,52610.0,1443000.0,1495000.0
2023-01-13,ER,East India,Odisha,20.95,85.09,2330.0,442000.0,646000.0
2023-01-13,NER,NE India,Assam,26.2,92.93,540.0,48000.0,16000.0
2023-01-13,NR,North India,Rajasthan,26.91,74.22,85450.0,1153000.0,763000.0
2023-01-13,SR,South India,Tamil Nadu,11.12,78.66,122430.0,1077000.0,581000.0
2023-01-13,WR,West India,Gujarat,23.02,72.57,55230.0,1442000.0,1512000.0
2023-01-14,ER,East India,Odisha,20.95,85.09,2270.0,430000.0,633000.0
2023-01-14,NER,NE India,Assam,26.2,92.93,420.0,47000.0,15000.0
2023-01-14,NR,North India,Rajasthan,26.91,74.22,107380.0,1165000.0,755000.0
2023-01-14,SR,South India,Tamil Nadu,11.12,78.66,125400.0,1038000.0,553000.0
2023-01-14,WR,West India,Gujarat,23.02,72.57,55360.0,1329000.0,1363000.0
2023-01-15,ER,East India,Odisha,20.95,85.09,2210.0,419000.0,625000.0
2023-01-15,NER,NE India,Assam,26.2,92.93,530.0,45000.0,12000.0
2023-01-15,NR,North India,Rajasthan,26.91,74.22,119270.0,1143000.0,727000.0
2023-01-15,SR,South India,Tamil Nadu,11.12,78.66,126990.0,943000.0,516000.0
2023-01-15,WR,West India,Gujarat,23.02,72.57,57800.0,1321000.0,1297000.0
2023-01-16,ER,East India,Odisha,20.95,85.09,4630.0,428000.0,628000.0
2023-01-16,NER,NE India,Assam,26.2,92.93,490.0,46000.0,14000.0
2023-01-16,NR,North India,Rajasthan,26.91,74.22,122580.0,1196000.0,763000.0
2023-01-16,SR,South India,Tamil Nadu,11.12,78.66,128130.0,956000.0,546000.0
2023-01-16,WR,West India,Gujarat,23.02,72.57,58540.0,1393000.0,1357000.0
2023-01-17,ER,East India,Odisha,20.95,85.09,4820.0,428000.0,652000.0
2023-01-17,NER,NE India,Assam,26.2,92.93,540.0,48000.0,15000.0
2023-01-17,NR,North India,Rajasthan,26.91,74.22,118290.0,1212000.0,783000.0
2023-01-17,SR,South India,Tamil Nadu,11.12,78.66,131500.0,1001000.0,577000.0
2023-01-17,WR,West India,Gujarat,23.02,72.57,56620.0,1428000.0,1360000.0
2023-01-18,ER,East India,Odisha,20.95,85.09,4490.0,430000.0,664000.0
2023-01-18,NER,NE India,Assam,26.2,92.93,540.0,48000.0,15000.0
2023-01-18,NR,North India,Rajasthan,26.91,74.22,117300.0,1228000.0,793000.0
2023-01-18,SR,South India,Tamil Nadu,11.12,78.66,127880.0,1042000.0,600000.0
2023-01-18,WR,West India,Gujarat,23.02,72.57,57580.0,1428000.0,1388000.0
2023-01-19,ER,East India,Odisha,20.95,85.09,1700.0,430000.0,662000.0
2023-01-19,NER,NE India,Assam,26.2,92.93,720.0,49000.0,11000.0
2023-01-19,NR,North India,Rajasthan,26.91,74.22,87340.0,1203000.0,783000.0
2023-01-19,SR,South India,Tamil Nadu,11.12,78.66,130889.99999999999,1062000.0,598000.0
2023-01-19,WR,West India,Gujarat,23.02,72.57,56370.0,1436000.0,1394000.0
2023-01-20,ER,East India,Odisha,20.95,85.09,2009.9999999999998,435000.0,657000.0
2023-01-20,NER,NE India,Assam,26.2,92.93,770.0,49000.0,11000.0
2023-01-20,NR,North India,Rajasthan,26.91,74.22,98800.0,1178000.0,778000.0
2023-01-20,SR,South India,Tamil Nadu,11.12,78.66,121490.0,1080000.0,606000.0
2023-01-20,WR,West India,Gujarat,23.02,72.57,53440.0,1443000.0,1414000.0
2023-01-21,ER,East India,Odisha,20.95,85.09,2170.0,435000.0,645000.0
2023-01-21,NER,NE India,Assam,26.2,92.93,770.0,48000.0,10000.0
2023-01-21,NR,North India,Rajasthan,26.91,74.22,94310.0,1162000.0,772000.0
2023-01-21,SR,South India,Tamil Nadu,11.12,78.66,114050.0,1070000.0,615000.0
2023-01-21,WR,West India,Gujarat,23.02,72.57,52940.0,1430000.0,1397000.0
2023-01-22,ER,East India,Odisha,20.95,85.09,2320.0,423000.0,649000.0
2023-01-22,NER,NE India,Assam,26.2,92.93,790.0,47000.0,13000.0
2023-01-22,NR,North India,Rajasthan,26.91,74.22,86950.0,1128000.0,754000.0
2023-01-22,SR,South India,Tamil Nadu,11.12,78.66,114370.0,1024000.0,575000.0
2023-01-22,WR,West India,Gujarat,23.02,72.57,53270.0,1383000.0,1354000.0
2023-01-23,ER,East India,Odisha,20.95,85.09,2320.0,432000.0,662000.0
2023-01-23,NER,NE India,Assam,26.2,92.93,770.0,48000.0,15000.0
2023-01-23,NR,North India,Rajasthan,26.91,74.22,78490.0,1135000.0,738000.0
2023-01-23,SR,South India,Tamil Nadu,11.12,78.66,103540.0,1077000.0,587000.0
2023-01-23,WR,West India,Gujarat,23.02,72.57,49450.0,1405000.0,1381000.0
2023-01-24,ER,East India,Odisha,20.95,85.09,2240.0,448000.0,662000.0
2023-01-24,NER,NE India,Assam,26.2,92.93,780.0,48000.0,15000.0
2023-01-24,NR,North India,Rajasthan,26.91,74.22,92880.0,1110000.0,749000.0
2023-01-24,SR,South India,Tamil Nadu,11.12,78.66,93960.0,1060000.0,621000.0
2023-01-24,WR,West India,Gujarat,23.02,72.57,50000.0,1416000.0,1394000.0
2023-01-25,ER,East India,Odisha,20.95,85.09,5010.0,446000.0,667000.0
2023-01-25,NER,NE India,Assam,26.2,92.93,760.0,49000.0,14000.0
2023-01-25,NR,North India,Rajasthan,26.91,74.22,112810.0,1113000.0,729000.0
2023-01-25,SR,South India,Tamil Nadu,11.12,78.66,127260.0,1078000.0,607000.0
2023-01-25,WR,West India,Gujarat,23.02,72.57,52150.0,1380000.0,1356000.0
2023-01-26,ER,East India,Odisha,20.95,85.09,5030.0,428000.0,605000.0
2023-01-26,NER,NE India,Assam,26.2,92.93,900.0,49000.0,14000.0
2023-01-26,NR,North India,Rajasthan,26.91,74.22,115080.0,1051000.0,677000.0
2023-01-26,SR,South India,Tamil Nadu,11.12,78.66,126730.0,1035000.0,570000.0
2023-01-26,WR,West India,Gujarat,23.02,72.57,49780.0,1276000.0,1206000.0
2023-01-27,ER,East India,Odisha,20.95,85.09,3130.0,433000.0,596000.0
2023-01-27,NER,NE India,Assam,26.2,92.93,910.0,47000.0,13000.0
2023-01-27,NR,North India,Rajasthan,26.91,74.22,120630.0,1105000.0,727000.0
2023-01-27,SR,South India,Tamil Nadu,11.12,78.66,129190.0,1070000.0,575000.0
2023-01-27,WR,West India,Gujarat,23.02,72.57,51700.0,1343000.0,1267000.0
2023-01-28,ER,East India,Odisha,20.95,85.09,2880.0,430000.0,628000.0
2023-01-28,NER,NE India,Assam,26.2,92.93,690.0,48000.0,14000.0
2023-01-28,NR,North India,Rajasthan,26.91,74.22,124360.0,1118000.0,753000.0
2023-01-28,SR,South India,Tamil Nadu,11.12,78.66,134490.0,1081000.0,589000.0
2023-01-28,WR,West India,Gujarat,23.02,72.57,51240.0,1380000.0,1300000.0
2023-01-29,ER,East India,Odisha,20.95,85.09,2730.0,423000.0,633000.0
2023-01-29,NER,NE India,Assam,26.2,92.93,680.0,46000.0,14000.0
2023-01-29,NR,North India,Rajasthan,26.91,74.22,89700.0,1023000.0,696000.0
2023-01-29,SR,South India,Tamil Nadu,11.12,78.66,128449.99999999999,1040000.0,574000.0
2023-01-29,WR,West India,Gujarat,23.02,72.57,47550.0,1354000.0,1298000.0
2023-01-30,ER,East India,Odisha,20.95,85.09,2800.0,429000.0,636000.0
2023-01-30,NER,NE India,Assam,26.2,92.93,830.0,47000.0,15000.0
2023-01-30,NR,North India,Rajasthan,26.91,74.22,99950.0,980000.0,687000.0
2023-01-30,SR,South India,Tamil Nadu,11.12,78.66,90420.0,1084000.0,606000.0
2023-01-30,WR,West India,Gujarat,23.02,72.57,48010.0,1366000.0,1318000.0
2023-01-31,ER,East India,Odisha,20.95,85.09,4870.0,438000.0,628000.0
2023-01-31,NER,NE India,Assam,26.2,92.93,820.0,47000.0,14000.0
2023-01-31,NR,North India,Rajasthan,26.91,74.22,104700.0,1054000.0,689000.0
2023-01-31,SR,South India,Tamil Nadu,11.12,78.66,108540.0,1111000.0,600000.0
2023-01-31,WR,West India,Gujarat,23.02,72.57,54000.0,1388000.0,1317000.0
2023-02-01,ER,East India,Odisha,20.95,85.09,5060.0,435000.0,616000.0
2023-02-01,NER,NE India,Assam,26.2,92.93,410.0,48000.0,15000.0
2023-02-01,NR,North India,Rajasthan,26.91,74.22,122800.0,1077000.0,700000.0
2023-02-01,SR,South India,Tamil Nadu,11.12,78.66,99070.0,1089000.0,600000.0
2023-02-01,WR,West India,Gujarat,23.02,72.57,57860.0,1385000.0,1308000.0
2023-02-02,ER,East India,Odisha,20.95,85.09,5980.0,439000.0,629000.0
2023-02-02,NER,NE India,Assam,26.2,92.93,700.0,47000.0,15000.0
2023-02-02,NR,North India,Rajasthan,26.91,74.22,126340.0,1096000.0,716000.0
2023-02-02,SR,South India,Tamil Nadu,11.12,78.66,95930.0,1095000.0,601000.0
2023-02-02,WR,West India,Gujarat,23.02,72.57,62270.0,1393000.0,1397000.0
2023-02-03,ER,East India,Odisha,20.95,85.09,6200.0,437000.0,653000.0
2023-02-03,NER,NE India,Assam,26.2,92.93,750.0,46000.0,16000.0
2023-02-03,NR,North India,Rajasthan,26.91,74.22,126770.0,1116000.0,730000.0
2023-02-03,SR,South India,Tamil Nadu,11.12,78.66,111170.0,1103000.0,625000.0
2023-02-03,WR,West India,Gujarat,23.02,72.57,63120.0,1406000.0,1366000.0
2023-02-04,ER,East India,Odisha,20.95,85.09,3520.0,434000.0,651000.0
2023-02-04,NER,NE India,Assam,26.2,92.93,770.0,46000.0,16000.0
2023-02-04,NR,North India,Rajasthan,26.91,74.22,123350.0,1099000.0,711000.0
2023-02-04,SR,South India,Tamil Nadu,11.12,78.66,113120.0,1085000.0,628000.0
2023-02-04,WR,West India,Gujarat,23.02,72.57,63270.0,1413000.0,1394000.0
2023-02-05,ER,East India,Odisha,20.95,85.09,3510.0,425000.0,673000.0
2023-02-05,NER,NE India,Assam,26.2,92.93,710.0,45000.0,15000.0
2023-02-05,NR,North India,Rajasthan,26.91,74.22,121090.0,1078000.0,674000.0
2023-02-05,SR,South India,Tamil Nadu,11.12,78.66,132530.0,1036000.0,592000.0
2023-02-05,WR,West India,Gujarat,23.02,72.57,63680.0,1386000.0,1351000.0
2023-02-06,ER,East India,Odisha,20.95,85.09,5210.0,438000.0,678000.0
2023-02-06,NER,NE India,Assam,26.2,92.93,560.0,47000.0,16000.0
2023-02-06,NR,North India,Rajasthan,26.91,74.22,117730.0,1106000.0,694000.0
2023-02-06,SR,South India,Tamil Nadu,11.12,78.66,122050.0,1098000.0,634000.0
2023-02-06,WR,West India,Gujarat,23.02,72.57,63180.0,1422000.0,1379000.0
2023-02-07,ER,East India,Odisha,20.95,85.09,2830.0,438000.0,689000.0
2023-02-07,NER,NE India,Assam,26.2,92.93,580.0,47000.0,16000.0
2023-02-07,NR,North India,Rajasthan,26.91,74.22,124450.0,1124000.0,734000.0
2023-02-07,SR,South India,Tamil Nadu,11.12,78.66,115880.0,1115000.0,634000.0
2023-02-07,WR,West India,Gujarat,23.02,72.57,62200.0,1441000.0,1402000.0
2023-02-08,ER,East India,Odisha,20.95,85.09,5050.0,456000.0,692000.0
2023-02-08,NER,NE India,Assam,26.2,92.93,360.0,47000.0,17000.0
2023-02-08,NR,North India,Rajasthan,26.91,74.22,123150.0,1137000.0,745000.0
2023-02-08,SR,South India,Tamil Nadu,11.12,78.66,124770.0,1133000.0,642000.0
2023-02-08,WR,West India,Gujarat,23.02,72.57,64200.0,1449000.0,1419000.0
2023-02-09,ER,East India,Odisha,20.95,85.09,5180.0,453000.0,686000.0
2023-02-09,NER,NE India,Assam,26.2,92.93,480.0,47000.0,17000.0
2023-02-09,NR,North India,Rajasthan,26.91,74.22,105530.0,1139000.0,737000.0
2023-02-09,SR,South India,Tamil Nadu,11.12,78.66,128949.99999999999,1134000.0,642000.0
2023-02-09,WR,West India,Gujarat,23.02,72.57,63820.0,1456000.0,1419000.0
2023-02-10,ER,East India,Odisha,20.95,85.09,6110.0,442000.0,689000.0
2023-02-10,NER,NE India,Assam,26.2,92.93,520.0,48000.0,17000.0
2023-02-10,NR,North India,Rajasthan,26.91,74.22,114770.0,1134000.0,733000.0
2023-02-10,SR,South India,Tamil Nadu,11.12,78.66,131400.0,1151000.0,634000.0
2023-02-10,WR,West India,Gujarat,23.02,72.57,66520.0,1431000.0,1372000.0
2023-02-11,ER,East India,Odisha,20.95,85.09,6240.0,445000.0,696000.0
2023-02-11,NER,NE India,Assam,26.2,92.93,450.0,47000.0,14000.0
2023-02-11,NR,North India,Rajasthan,26.91,74.22,118740.0,1122000.0,732000.0
2023-02-11,SR,South India,Tamil Nadu,11.12,78.66,130490.00000000001,1157000.0,641000.0
2023-02-11,WR,West India,Gujarat,23.02,72.57,63700.0,1425000.0,1374000.0
2023-02-12,ER,East India,Odisha,20.95,85.09,6240.0,443000.0,693000.0
2023-02-12,NER,NE India,Assam,26.2,92.93,550.0,45000.0,10000.0
2023-02-12,NR,North India,Rajasthan,26.91,74.22,125130.0,1083000.0,679000.0
2023-02-12,SR,South India,Tamil Nadu,11.12,78.66,137690.0,1109000.0,617000.0
2023-02-12,WR,West India,Gujarat,23.02,72.57,63800.0,1389000.0,1300000.0
2023-02-13,ER,East India,Odisha,20.95,85.09,6300.0,441000.0,686000.0
2023-02-13,NER,NE India,Assam,26.2,92.93,790.0,46000.0,12000.0
2023-02-13,NR,North India,Rajasthan,26.91,74.22,130729.99999999999,1089000.0,689000.0
2023-02-13,SR,South India,Tamil Nadu,11.12,78.66,140440.0,1164000.0,614000.0
2023-02-13,WR,West India,Gujarat,23.02,72.57,66850.0,1422000.0,1310000.0
2023-02-14,ER,East India,Odisha,20.95,85.09,2750.0,440000.0,698000.0
2023-02-14,NER,NE India,Assam,26.2,92.93,910.0,47000.0,17000.0
2023-02-14,NR,North India,Rajasthan,26.91,74.22,124730.0,1102000.0,714000.0
2023-02-14,SR,South India,Tamil Nadu,11.12,78.66,141480.0,1187000.0,640000.0
2023-02-14,WR,West India,Gujarat,23.02,72.57,66990.0,1437000.0,1391000.0
2023-02-15,ER,East India,Odisha,20.95,85.09,2670.0,439000.0,680000.0
2023-02-15,NER,NE India,Assam,26.2,92.93,810.0,46000.0,17000.0
2023-02-15,NR,North India,Rajasthan,26.91,74.22,129150.0,1136000.0,742000.0
2023-02-15,SR,South India,Tamil Nadu,11.12,78.66,139310.0,1192000.0,666000.0
2023-02-15,WR,West India,Gujarat,23.02,72.57,67040.0,1443000.0,1403000.0
2023-02-16,ER,East India,Odisha,20.95,85.09,5220.0,444000.0,664000.0
2023-02-16,NER,NE India,Assam,26.2,92.93,800.0,47000.0,17000.0
2023-02-16,NR,North India,Rajasthan,26.91,74.22,111790.0,1135000.0,744000.0
2023-02-16,SR,South India,Tamil Nadu,11.12,78.66,136780.0,1190000.0,655000.0
2023-02-16,WR,West India,Gujarat,23.02,72.57,65930.0,1452000.0,1432000.0
2023-02-17,ER,East India,Odisha,20.95,85.09,5180.0,448000.0,686000.0
2023-02-17,NER,NE India,Assam,26.2,92.93,830.0,47000.0,18000.0
2023-02-17,NR,North India,Rajasthan,26.91,74.22,126460.0,1140000.0,746000.0
2023-02-17,SR,South India,Tamil Nadu,11.12,78.66,137020.0,1216000.0,660000.0
2023-02-17,WR,West India,Gujarat,23.02,72.57,66170.0,1466000.0,1436000.0
2023-02-18,ER,East India,Odisha,20.95,85.09,5040.0,443000.0,669000.0
2023-02-18,NER,NE India,Assam,26.2,92.93,810.0,46000.0,14000.0
2023-02-18,NR,North India,Rajasthan,26.91,74.22,126590.0,1134000.0,743000.0
2023-02-18,SR,South India,Tamil Nadu,11.12,78.66,130900.0,1201000.0,659000.0
2023-02-18,WR,West India,Gujarat,23.02,72.57,64620.00000000001,1439000.0,1444000.0
2023-02-19,ER,East India,Odisha,20.95,85.09,5580.0,434000.0,645000.0
2023-02-19,NER,NE India,Assam,26.2,92.93,730.0,45000.0,12000.0
2023-02-19,NR,North India,Rajasthan,26.91,74.22,126320.0,1092000.0,709000.0
2023-02-19,SR,South India,Tamil Nadu,11.12,78.66,133140.0,1148000.0,637000.0
2023-02-19,WR,West India,Gujarat,23.02,72.57,64470.0,1419000.0,1417000.0
2023-02-20,ER,East India,Odisha,20.95,85.09,2730.0,459000.0,669000.0
2023-02-20,NER,NE India,Assam,26.2,92.93,510.0,47000.0,14000.0
2023-02-20,NR,North India,Rajasthan,26.91,74.22,126420.0,1113000.0,713000.0
2023-02-20,SR,South India,Tamil Nadu,11.12,78.66,130870.0,1200000.0,637000.0
2023-02-20,WR,West India,Gujarat,23.02,72.57,66060.0,1462000.0,1455000.0
2023-02-21,ER,East India,Odisha,20.95,85.09,5680.0,470000.0,686000.0
2023-02-21,NER,NE India,Assam,26.2,92.93,260.0,46000.0,17000.0
2023-02-21,NR,North India,Rajasthan,26.91,74.22,120570.0,1110000.0,713000.0
2023-02-21,SR,South India,Tamil Nadu,11.12,78.66,134540.0,1215000.0,649000.0
2023-02-21,WR,West India,Gujarat,23.02,72.57,70250.0,1477000.0,1449000.0
2023-02-22,ER,East India,Odisha,20.95,85.09,2640.0,458000.0,704000.0
2023-02-22,NER,NE India,Assam,26.2,92.93,440.0,44000.0,16000.0
2023-02-22,NR,North India,Rajasthan,26.91,74.22,114480.0,1124000.0,727000.0
2023-02-22,SR,South India,Tamil Nadu,11.12,78.66,134250.0,1230000.0,684000.0
2023-02-22,WR,West India,Gujarat,23.02,72.57,69480.0,1473000.0,1439000.0
2023-02-23,ER,East India,Odisha,20.95,85.09,3150.0,461000.0,691000.0
2023-02-23,NER,NE India,Assam,26.2,92.93,420.0,43000.0,17000.0
2023-02-23,NR,North India,Rajasthan,26.91,74.22,123740.0,1123000.0,710000.0
2023-02-23,SR,South India,Tamil Nadu,11.12,78.66,131260.0,1225000.0,703000.0
2023-02-23,WR,West India,Gujarat,23.02,72.57,67100.0,1473000.0,1461000.0
2023-02-24,ER,East India,Odisha,20.95,85.09,3100.0,472000.0,681000.0
2023-02-24,NER,NE India,Assam,26.2,92.93,610.0,46000.0,18000.0
2023-02-24,NR,North India,Rajasthan,26.91,74.22,113940.0,1113000.0,714000.0
2023-02-24,SR,South India,Tamil Nadu,11.12,78.66,133470.0,1244000.0,706000.0
2023-02-24,WR,West India,Gujarat,23.02,72.57,66610.0,1473000.0,1493000.0
2023-02-25,ER,East India,Odisha,20.95,85.09,2690.0,471000.0,659000.0
2023-02-25,NER,NE India,Assam,26.2,92.93,930.0,47000.0,18000.0
2023-02-25,NR,North India,Rajasthan,26.91,74.22,125880.0,1107000.0,699000.0
2023-02-25,SR,South India,Tamil Nadu,11.12,78.66,137850.0,1239000.0,700000.0
2023-02-25,WR,West India,Gujarat,23.02,72.57,66000.0,1467000.0,1489000.0
2023-02-26,ER,East India,Odisha,20.95,85.09,5870.0,453000.0,670000.0
2023-02-26,NER,NE India,Assam,26.2,92.93,1010.0,45000.0,17000.0
2023-02-26,NR,North India,Rajasthan,26.91,74.22,117200.0,1097000.0,702000.0
2023-02-26,SR,South India,Tamil Nadu,11.12,78.66,138000.0,1172000.0,673000.0
2023-02-26,WR,West India,Gujarat,23.02,72.57,66680.0,1431000.0,1423000.0
2023-02-27,ER,East India,Odisha,20.95,85.09,6060.0,457000.0,670000.0
2023-02-27,NER,NE India,Assam,26.2,92.93,980.0,46000.0,17000.0
2023-02-27,NR,North India,Rajasthan,26.91,74.22,121060.0,1115000.0,714000.0
2023-02-27,SR,South India,Tamil Nadu,11.12,78.66,132450.0,1224000.0,724000.0
2023-02-27,WR,West India,Gujarat,23.02,72.57,65120.00000000001,1470000.0,1457000.0
2023-02-28,ER,East India,Odisha,20.95,85.09,3150.0,456000.0,653000.0
2023-02-28,NER,NE India,Assam,26.2,92.93,970.0,46000.0,17000.0
2023-02-28,NR,North India,Rajasthan,26.91,74.22,116840.0,1116000.0,717000.0
2023-02-28,SR,South India,Tamil Nadu,11.12,78.66,127240.0,1236000.0,721000.0
2023-02-28,WR,West India,Gujarat,23.02,72.57,62740.0,1477000.0,1459000.0
2023-03-01,ER,East India,Odisha,20.95,85.09,3310.0,465000.0,657000.0
2023-03-01,NER,NE India,Assam,26.2,92.93,890.0,47000.0,17000.0
2023-03-01,NR,North India,Rajasthan,26.91,74.22,120680.0,1095000.0,696000.0
2023-03-01,SR,South India,Tamil Nadu,11.12,78.66,124560.0,1252000.0,711000.0
2023-03-01,WR,West India,Gujarat,23.02,72.57,61960.0,1466000.0,1470000.0
2023-03-02,ER,East India,Odisha,20.95,85.09,2590.0,471000.0,658000.0
2023-03-02,NER,NE India,Assam,26.2,92.93,840.0,46000.0,12000.0
2023-03-02,NR,North India,Rajasthan,26.91,74.22,121780.0,1127000.0,718000.0
2023-03-02,SR,South India,Tamil Nadu,11.12,78.66,132980.0,1242000.0,714000.0
2023-03-02,WR,West India,Gujarat,23.02,72.57,60510.0,1484000.0,1481000.0
2023-03-03,ER,East India,Odisha,20.95,85.09,2680.0,477000.0,677000.0
2023-03-03,NER,NE India,Assam,26.2,92.93,710.0,46000.0,12000.0
2023-03-03,NR,North India,Rajasthan,26.91,74.22,124510.0,1143000.0,702000.0
2023-03-03,SR,South India,Tamil Nadu,11.12,78.66,127530.0,1237000.0,745000.0
2023-03-03,WR,West India,Gujarat,23.02,72.57,59220.0,1490000.0,1494000.0
2023-03-04,ER,East India,Odisha,20.95,85.09,2760.0,493000.0,702000.0
2023-03-04,NER,NE India,Assam,26.2,92.93,860.0,47000.0,10000.0
2023-03-04,NR,North India,Rajasthan,26.91,74.22,103140.0,1109000.0,693000.0
2023-03-04,SR,South India,Tamil Nadu,11.12,78.66,127870.0,1250000.0,737000.0
2023-03-04,WR,West India,Gujarat,23.02,72.57,54760.0,1482000.0,1505000.0
2023-03-05,ER,East India,Odisha,20.95,85.09,2690.0,482000.0,695000.0
2023-03-05,NER,NE India,Assam,26.2,92.93,780.0,45000.0,11000.0
2023-03-05,NR,North India,Rajasthan,26.91,74.22,132800.0,1076000.0,674000.0
2023-03-05,SR,South India,Tamil Nadu,11.12,78.66,126600.0,1194000.0,682000.0
2023-03-05,WR,West India,Gujarat,23.02,72.57,55880.0,1421000.0,1407000.0
2023-03-06,ER,East India,Odisha,20.95,85.09,5570.0,476000.0,709000.0
2023-03-06,NER,NE India,Assam,26.2,92.93,740.0,47000.0,12000.0
2023-03-06,NR,North India,Rajasthan,26.91,74.22,128250.0,1103000.0,702000.0
2023-03-06,SR,South India,Tamil Nadu,11.12,78.66,126750.0,1248000.0,703000.0
2023-03-06,WR,West India,Gujarat,23.02,72.57,54020.0,1396000.0,1445000.0
2023-03-07,ER,East India,Odisha,20.95,85.09,5320.0,463000.0,693000.0
2023-03-07,NER,NE India,Assam,26.2,92.93,980.0,48000.0,10000.0
2023-03-07,NR,North India,Rajasthan,26.91,74.22,115950.0,1071000.0,677000.0
2023-03-07,SR,South India,Tamil Nadu,11.12,78.66,122170.0,1251000.0,671000.0
2023-03-07,WR,West India,Gujarat,23.02,72.57,57100.0,1219000.0,1286000.0
2023-03-08,ER,East India,Odisha,20.95,85.09,2170.0,426000.0,629000.0
2023-03-08,NER,NE India,Assam,26.2,92.93,970.0,43000.0,9000.0
2023-03-08,NR,North India,Rajasthan,26.91,74.22,134870.0,993000.0,604000.0
2023-03-08,SR,South India,Tamil Nadu,11.12,78.66,124200.0,1227000.0,621000.0
2023-03-08,WR,West India,Gujarat,23.02,72.57,62070.0,1181000.0,1286000.0
2023-03-09,ER,East India,Odisha,20.95,85.09,2750.0,444000.0,645000.0
2023-03-09,NER,NE India,Assam,26.2,92.93,930.0,46000.0,10000.0
2023-03-09,NR,North India,Rajasthan,26.91,74.22,133760.0,992000.0,611000.0
2023-03-09,SR,South India,Tamil Nadu,11.12,78.66,110380.0,1241000.0,649000.0
2023-03-09,WR,West India,Gujarat,23.02,72.57,67230.0,1282000.0,1375000.0
2023-03-10,ER,East India,Odisha,20.95,85.09,2070.0,455000.0,677000.0
2023-03-10,NER,NE India,Assam,26.2,92.93,710.0,48000.0,11000.0
2023-03-10,NR,North India,Rajasthan,26.91,74.22,137210.0,1074000.0,688000.0
2023-03-10,SR,South India,Tamil Nadu,11.12,78.66,121500.0,1267000.0,694000.0
2023-03-10,WR,West India,Gujarat,23.02,72.57,68550.0,1381000.0,1435000.0
2023-03-11,ER,East India,Odisha,20.95,85.09,2640.0,459000.0,681000.0
2023-03-11,NER,NE India,Assam,26.2,92.93,820.0,48000.0,11000.0
2023-03-11,NR,North India,Rajasthan,26.91,74.22,137990.0,1103000.0,709000.0
2023-03-11,SR,South India,Tamil Nadu,11.12,78.66,124630.0,1250000.0,714000.0
2023-03-11,WR,West India,Gujarat,23.02,72.57,67010.0,1411000.0,1446000.0
2023-03-12,ER,East India,Odisha,20.95,85.09,2710.0,473000.0,694000.0
2023-03-12,NER,NE India,Assam,26.2,92.93,880.0,47000.0,11000.0
2023-03-12,NR,North India,Rajasthan,26.91,74.22,111330.0,1074000.0,709000.0
2023-03-12,SR,South India,Tamil Nadu,11.12,78.66,132080.0,1196000.0,675000.0
2023-03-12,WR,West India,Gujarat,23.02,72.57,59540.0,1387000.0,1413000.0
2023-03-13,ER,East India,Odisha,20.95,85.09,2690.0,490000.0,698000.0
2023-03-13,NER,NE India,Assam,26.2,92.93,990.0,49000.0,12000.0
2023-03-13,NR,North India,Rajasthan,26.91,74.22,119110.0,1112000.0,759000.0
2023-03-13,SR,South India,Tamil Nadu,11.12,78.66,123370.0,1262000.0,714000.0
2023-03-13,WR,West India,Gujarat,23.02,72.57,55900.0,1428000.0,1451000.0
2023-03-14,ER,East India,Odisha,20.95,85.09,4880.0,488000.0,694000.0
2023-03-14,NER,NE India,Assam,26.2,92.93,830.0,49000.0,12000.0
2023-03-14,NR,North India,Rajasthan,26.91,74.22,127810.0,1123000.0,768000.0
2023-03-14,SR,South India,Tamil Nadu,11.12,78.66,128340.0,1295000.0,738000.0
2023-03-14,WR,West India,Gujarat,23.02,72.57,56830.0,1427000.0,1469000.0
2023-03-15,ER,East India,Odisha,20.95,85.09,4510.0,491000.0,704000.0
2023-03-15,NER,NE India,Assam,26.2,92.93,520.0,44000.0,12000.0
2023-03-15,NR,North India,Rajasthan,26.91,74.22,90630.0,1120000.0,771000.0
2023-03-15,SR,South India,Tamil Nadu,11.12,78.66,112050.0,1301000.0,743000.0
2023-03-15,WR,West India,Gujarat,23.02,72.57,36750.0,1399000.0,1464000.0
2023-03-16,ER,East India,Odisha,20.95,85.09,2009.9999999999998,483000.0,678000.0
2023-03-16,NER,NE India,Assam,26.2,92.93,720.0,43000.0,11000.0
2023-03-16,NR,North India,Rajasthan,26.91,74.22,98770.0,1079000.0,757000.0
2023-03-16,SR,South India,Tamil Nadu,11.12,78.66,101010.0,1250000.0,723000.0
2023-03-16,WR,West India,Gujarat,23.02,72.57,46580.0,1354000.0,1410000.0
2023-03-17,ER,East India,Odisha,20.95,85.09,1840.0,454000.0,644000.0
2023-03-17,NER,NE India,Assam,26.2,92.93,650.0,47000.0,10000.0
2023-03-17,NR,North India,Rajasthan,26.91,74.22,85170.0,981000.0,673000.0
2023-03-17,SR,South India,Tamil Nadu,11.12,78.66,101120.0,1146000.0,641000.0
2023-03-17,WR,West India,Gujarat,23.02,72.57,53240.0,1352000.0,1403000.0
2023-03-18,ER,East India,Odisha,20.95,85.09,2190.0,440000.0,612000.0
2023-03-18,NER,NE India,Assam,26.2,92.93,700.0,47000.0,8000.0
2023-03-18,NR,North India,Rajasthan,26.91,74.22,119330.0,899000.0,604000.0
2023-03-18,SR,South India,Tamil Nadu,11.12,78.66,103350.0,1126000.0,601000.0
2023-03-18,WR,West India,Gujarat,23.02,72.57,51200.0,1281000.0,1352000.0
2023-03-19,ER,East India,Odisha,20.95,85.09,2070.0,393000.0,552000.0
2023-03-19,NER,NE India,Assam,26.2,92.93,260.0,44000.0,7000.0
2023-03-19,NR,North India,Rajasthan,26.91,74.22,99230.0,879000.0,568000.0
2023-03-19,SR,South India,Tamil Nadu,11.12,78.66,115500.0,990000.0,509000.0
2023-03-19,WR,West India,Gujarat,23.02,72.57,59480.0,1209000.0,1242000.0
2023-03-20,ER,East India,Odisha,20.95,85.09,1870.0,402000.0,602000.0
2023-03-20,NER,NE India,Assam,26.2,92.93,520.0,43000.0,8000.0
2023-03-20,NR,North India,Rajasthan,26.91,74.22,127860.0,904000.0,599000.0
2023-03-20,SR,South India,Tamil Nadu,11.12,78.66,127160.0,1099000.0,560000.0
2023-03-20,WR,West India,Gujarat,23.02,72.57,62950.0,1261000.0,1261000.0
2023-03-21,ER,East India,Odisha,20.95,85.09,2160.0,425000.0,638000.0
2023-03-21,NER,NE India,Assam,26.2,92.93,560.0,44000.0,9000.0
2023-03-21,NR,North India,Rajasthan,26.91,74.22,125490.0,908000.0,605000.0
2023-03-21,SR,South India,Tamil Nadu,11.12,78.66,142680.0,1158000.0,599000.0
2023-03-21,WR,West India,Gujarat,23.02,72.57,64319.99999999999,1300000.0,1282000.0
2023-03-22,ER,East India,Odisha,20.95,85.09,5660.0,432000.0,673000.0
2023-03-22,NER,NE India,Assam,26.2,92.93,740.0,45000.0,9000.0
2023-03-22,NR,North India,Rajasthan,26.91,74.22,117450.0,955000.0,617000.0
2023-03-22,SR,South India,Tamil Nadu,11.12,78.66,136750.0,1175000.0,635000.0
2023-03-22,WR,West India,Gujarat,23.02,72.57,64440.0,1308000.0,1316000.0
2023-03-23,ER,East India,Odisha,20.95,85.09,6750.0,459000.0,694000.0
2023-03-23,NER,NE India,Assam,26.2,92.93,740.0,46000.0,10000.0
2023-03-23,NR,North India,Rajasthan,26.91,74.22,123030.0,963000.0,624000.0
2023-03-23,SR,South India,Tamil Nadu,11.12,78.66,132140.0,1201000.0,649000.0
2023-03-23,WR,West India,Gujarat,23.02,72.57,60860.0,1342000.0,1359000.0
2023-03-24,ER,East India,Odisha,20.95,85.09,5210.0,481000.0,696000.0
2023-03-24,NER,NE India,Assam,26.2,92.93,520.0,48000.0,10000.0
2023-03-24,NR,North India,Rajasthan,26.91,74.22,118810.0,965000.0,622000.0
2023-03-24,SR,South India,Tamil Nadu,11.12,78.66,124630.0,1229000.0,653000.0
2023-03-24,WR,West India,Gujarat,23.02,72.57,64580.0,1357000.0,1340000.0
2023-03-25,ER,East India,Odisha,20.95,85.09,2690.0,496000.0,708000.0
2023-03-25,NER,NE India,Assam,26.2,92.93,970.0,48000.0,11000.0
2023-03-25,NR,North India,Rajasthan,26.91,74.22,124200.0,936000.0,646000.0
2023-03-25,SR,South India,Tamil Nadu,11.12,78.66,113370.0,1230000.0,684000.0
2023-03-25,WR,West India,Gujarat,23.02,72.57,67930.0,1368000.0,1371000.0
2023-03-26,ER,East India,Odisha,20.95,85.09,2690.0,482000.0,693000.0
2023-03-26,NER,NE India,Assam,26.2,92.93,710.0,46000.0,10000.0
2023-03-26,NR,North India,Rajasthan,26.91,74.22,132640.0,927000.0,610000.0
2023-03-26,SR,South India,Tamil Nadu,11.12,78.66,114980.0,1172000.0,637000.0
2023-03-26,WR,West India,Gujarat,23.02,72.57,66870.0,1309000.0,1325000.0
2023-03-27,ER,East India,Odisha,20.95,85.09,2640.0,485000.0,710000.0
2023-03-27,NER,NE India,Assam,26.2,92.93,920.0,46000.0,10000.0
2023-03-27,NR,North India,Rajasthan,26.91,74.22,141670.0,976000.0,642000.0
2023-03-27,SR,South India,Tamil Nadu,11.12,78.66,130139.99999999999,1234000.0,664000.0
2023-03-27,WR,West India,Gujarat,23.02,72.57,68550.0,1371000.0,1377000.0
2023-03-28,ER,East India,Odisha,20.95,85.09,3240.0,506000.0,732000.0
2023-03-28,NER,NE India,Assam,26.2,92.93,950.0,46000.0,11000.0
2023-03-28,NR,North India,Rajasthan,26.91,74.22,142800.0,997000.0,669000.0
2023-03-28,SR,South India,Tamil Nadu,11.12,78.66,127430.0,1280000.0,713000.0
2023-03-28,WR,West India,Gujarat,23.02,72.57,68060.0,1397000.0,1429000.0
2023-03-29,ER,East India,Odisha,20.95,85.09,2770.0,514000.0,743000.0
2023-03-29,NER,NE India,Assam,26.2,92.93,990.0,46000.0,11000.0
2023-03-29,NR,North India,Rajasthan,26.91,74.22,113690.0,1016000.0,703000.0
2023-03-29,SR,South India,Tamil Nadu,11.12,78.66,123240.0,1291000.0,712000.0
2023-03-29,WR,West India,Gujarat,23.02,72.57,59590.0,1402000.0,1411000.0
2023-03-30,ER,East India,Odisha,20.95,85.09,5740.0,498000.0,726000.0
2023-03-30,NER,NE India,Assam,26.2,92.93,950.0,48000.0,11000.0
2023-03-30,NR,North India,Rajasthan,26.91,74.22,90030.0,957000.0,671000.0
2023-03-30,SR,South India,Tamil Nadu,11.12,78.66,122950.0,1295000.0,720000.0
2023-03-30,WR,West India,Gujarat,23.02,72.57,53970.0,1390000.0,1415000.0
2023-03-31,ER,East India,Odisha,20.95,85.09,4770.0,463000.0,703000.0
2023-03-31,NER,NE India,Assam,26.2,92.93,850.0,47000.0,9000.0
2023-03-31,NR,North India,Rajasthan,26.91,74.22,126500.0,890000.0,588000.0
2023-03-31,SR,South India,Tamil Nadu,11.12,78.66,129710.00000000001,1287000.0,676000.0
2023-03-31,WR,West India,Gujarat,23.02,72.57,62910.0,1346000.0,1359000.0
2023-04-01,ER,East India,Odisha,20.95,85.09,3550.0,411000.0,654000.0
2023-04-01,NER,NE India,Assam,26.2,92.93,250.0,45000.0,11000.0
2023-04-01,NR,North India,Rajasthan,26.91,74.22,135900.0,892000.0,553000.0
2023-04-01,SR,South India,Tamil Nadu,11.12,78.66,127370.0,1261000.0,659000.0
2023-04-01,WR,West India,Gujarat,23.02,72.57,65600.0,1326000.0,1339000.0
2023-04-02,ER,East India,Odisha,20.95,85.09,3310.0,434000.0,643000.0
2023-04-02,NER,NE India,Assam,26.2,92.93,710.0,40000.0,11000.0
2023-04-02,NR,North India,Rajasthan,26.91,74.22,139920.0,886000.0,543000.0
2023-04-02,SR,South India,Tamil Nadu,11.12,78.66,128449.99999999999,1187000.0,621000.0
2023-04-02,WR,West India,Gujarat,23.02,72.57,67750.0,1326000.0,1312000.0
2023-04-03,ER,East India,Odisha,20.95,85.09,2029.9999999999998,465000.0,680000.0
2023-04-03,NER,NE India,Assam,26.2,92.93,630.0,41000.0,13000.0
2023-04-03,NR,North India,Rajasthan,26.91,74.22,133830.0,944000.0,566000.0
2023-04-03,SR,South India,Tamil Nadu,11.12,78.66,127440.0,1253000.0,654000.0
2023-04-03,WR,West India,Gujarat,23.02,72.57,67340.0,1394000.0,1379000.0
2023-04-04,ER,East India,Odisha,20.95,85.09,2570.0,501000.0,706000.0
2023-04-04,NER,NE India,Assam,26.2,92.93,600.0,45000.0,16000.0
2023-04-04,NR,North India,Rajasthan,26.91,74.22,140400.0,960000.0,609000.0
2023-04-04,SR,South India,Tamil Nadu,11.12,78.66,117530.0,1252000.0,698000.0
2023-04-04,WR,West India,Gujarat,23.02,72.57,64860.0,1423000.0,1410000.0
2023-04-05,ER,East India,Odisha,20.95,85.09,6030.0,510000.0,715000.0
2023-04-05,NER,NE India,Assam,26.2,92.93,930.0,46000.0,15000.0
2023-04-05,NR,North India,Rajasthan,26.91,74.22,141680.0,988000.0,627000.0
2023-04-05,SR,South India,Tamil Nadu,11.12,78.66,126200.0,1257000.0,712000.0
2023-04-05,WR,West India,Gujarat,23.02,72.57,58850.0,1404000.0,1319000.0
2023-04-06,ER,East India,Odisha,20.95,85.09,5310.0,506000.0,732000.0
2023-04-06,NER,NE India,Assam,26.2,92.93,1200.0,47000.0,17000.0
2023-04-06,NR,North India,Rajasthan,26.91,74.22,138560.0,994000.0,643000.0
2023-04-06,SR,South India,Tamil Nadu,11.12,78.66,120880.0,1276000.0,711000.0
2023-04-06,WR,West India,Gujarat,23.02,72.57,59810.0,1409000.0,1334000.0
2023-04-07,ER,East India,Odisha,20.95,85.09,6070.0,522000.0,733000.0
2023-04-07,NER,NE India,Assam,26.2,92.93,1200.0,49000.0,17000.0
2023-04-07,NR,North India,Rajasthan,26.91,74.22,142490.0,1025000.0,674000.0
2023-04-07,SR,South India,Tamil Nadu,11.12,78.66,113540.0,1248000.0,698000.0
2023-04-07,WR,West India,Gujarat,23.02,72.57,51980.0,1378000.0,1384000.0
2023-04-08,ER,East India,Odisha,20.95,85.09,6070.0,532000.0,704000.0
2023-04-08,NER,NE India,Assam,26.2,92.93,1230.0,50000.0,17000.0
2023-04-08,NR,North India,Rajasthan,26.91,74.22,138980.0,1034000.0,685000.0
2023-04-08,SR,South India,Tamil Nadu,11.12,78.66,121590.0,1230000.0,667000.0
2023-04-08,WR,West India,Gujarat,23.02,72.57,55280.0,1395000.0,1457000.0
2023-04-09,ER,East India,Odisha,20.95,85.09,3220.0,531000.0,687000.0
2023-04-09,NER,NE India,Assam,26.2,92.93,1120.0,49000.0,15000.0
2023-04-09,NR,North India,Rajasthan,26.91,74.22,141360.0,1005000.0,658000.0
2023-04-09,SR,South India,Tamil Nadu,11.12,78.66,123260.0,1188000.0,644000.0
2023-04-09,WR,West India,Gujarat,23.02,72.57,62940.0,1378000.0,1454000.0
2023-04-10,ER,East India,Odisha,20.95,85.09,3210.0,545000.0,739000.0
2023-04-10,NER,NE India,Assam,26.2,92.93,1240.0,50000.0,16000.0
2023-04-10,NR,North India,Rajasthan,26.91,74.22,127230.0,1051000.0,704000.0
2023-04-10,SR,South India,Tamil Nadu,11.12,78.66,132540.0,1258000.0,681000.0
2023-04-10,WR,West India,Gujarat,23.02,72.57,64709.99999999999,1443000.0,1506000.0
2023-04-11,ER,East India,Odisha,20.95,85.09,2900.0,559000.0,760000.0
2023-04-11,NER,NE India,Assam,26.2,92.93,1200.0,53000.0,16000.0
2023-04-11,NR,North India,Rajasthan,26.91,74.22,100130.0,1091000.0,752000.0
2023-04-11,SR,South India,Tamil Nadu,11.12,78.66,133580.0,1291000.0,717000.0
2023-04-11,WR,West India,Gujarat,23.02,72.57,64470.0,1459000.0,1509000.0
2023-04-12,ER,East India,Odisha,20.95,85.09,2870.0,561000.0,756000.0
2023-04-12,NER,NE India,Assam,26.2,92.93,1120.0,54000.0,16000.0
2023-04-12,NR,North India,Rajasthan,26.91,74.22,140770.0,1134000.0,785000.0
2023-04-12,SR,South India,Tamil Nadu,11.12,78.66,131740.0,1305000.0,727000.0
2023-04-12,WR,West India,Gujarat,23.02,72.57,66850.0,1502000.0,1539000.0
2023-04-13,ER,East India,Odisha,20.95,85.09,5370.0,571000.0,744000.0
2023-04-13,NER,NE India,Assam,26.2,92.93,1060.0,55000.0,17000.0
2023-04-13,NR,North India,Rajasthan,26.91,74.22,139530.0,1136000.0,774000.0
2023-04-13,SR,South India,Tamil Nadu,11.12,78.66,126430.0,1313000.0,750000.0
2023-04-13,WR,West India,Gujarat,23.02,72.57,57190.0,1518000.0,1565000.0
2023-04-14,ER,East India,Odisha,20.95,85.09,5220.0,586000.0,723000.0
2023-04-14,NER,NE India,Assam,26.2,92.93,1060.0,53000.0,17000.0
2023-04-14,NR,North India,Rajasthan,26.91,74.22,136850.0,1177000.0,799000.0
2023-04-14,SR,South India,Tamil Nadu,11.12,78.66,118180.0,1281000.0,758000.0
2023-04-14,WR,West India,Gujarat,23.02,72.57,63330.0,1497000.0,1558000.0
2023-04-15,ER,East India,Odisha,20.95,85.09,5840.0,605000.0,716000.0
2023-04-15,NER,NE India,Assam,26.2,92.93,1020.0,53000.0,17000.0
2023-04-15,NR,North India,Rajasthan,26.91,74.22,130600.0,1192000.0,809000.0
2023-04-15,SR,South India,Tamil Nadu,11.12,78.66,117820.0,1251000.0,711000.0
2023-04-15,WR,West India,Gujarat,23.02,72.57,61480.0,1460000.0,1560000.0
2023-04-16,ER,East India,Odisha,20.95,85.09,5140.0,599000.0,701000.0
2023-04-16,NER,NE India,Assam,26.2,92.93,930.0,55000.0,16000.0
2023-04-16,NR,North India,Rajasthan,26.91,74.22,137530.0,1168000.0,806000.0
2023-04-16,SR,South India,Tamil Nadu,11.12,78.66,131030.0,1226000.0,706000.0
2023-04-16,WR,West India,Gujarat,23.02,72.57,68080.0,1432000.0,1517000.0
2023-04-17,ER,East India,Odisha,20.95,85.09,3340.0,605000.0,717000.0
2023-04-17,NER,NE India,Assam,26.2,92.93,1020.0,57000.0,17000.0
2023-04-17,NR,North India,Rajasthan,26.91,74.22,139440.0,1263000.0,836000.0
2023-04-17,SR,South India,Tamil Nadu,11.12,78.66,129620.0,1287000.0,744000.0
2023-04-17,WR,West India,Gujarat,23.02,72.57,67580.0,1509000.0,1572000.0
2023-04-18,ER,East India,Odisha,20.95,85.09,2660.0,631000.0,720000.0
2023-04-18,NER,NE India,Assam,26.2,92.93,930.0,59000.0,17000.0
2023-04-18,NR,North India,Rajasthan,26.91,74.22,135770.0,1286000.0,855000.0
2023-04-18,SR,South India,Tamil Nadu,11.12,78.66,127660.0,1321000.0,773000.0
2023-04-18,WR,West India,Gujarat,23.02,72.57,65960.0,1539000.0,1624000.0
2023-04-19,ER,East India,Odisha,20.95,85.09,2650.0,630000.0,715000.0
2023-04-19,NER,NE India,Assam,26.2,92.93,980.0,54000.0,17000.0
2023-04-19,NR,North India,Rajasthan,26.91,74.22,122530.0,1242000.0,821000.0
2023-04-19,SR,South India,Tamil Nadu,11.12,78.66,125230.0,1329000.0,770000.0
2023-04-19,WR,West India,Gujarat,23.02,72.57,65530.0,1537000.0,1583000.0
2023-04-20,ER,East India,Odisha,20.95,85.09,2660.0,608000.0,688000.0
2023-04-20,NER,NE India,Assam,26.2,92.93,1080.0,49000.0,16000.0
2023-04-20,NR,North India,Rajasthan,26.91,74.22,132920.0,1263000.0,817000.0
2023-04-20,SR,South India,Tamil Nadu,11.12,78.66,121840.0,1328000.0,771000.0
2023-04-20,WR,West India,Gujarat,23.02,72.57,63880.0,1505000.0,1579000.0
2023-04-21,ER,East India,Odisha,20.95,85.09,4780.0,570000.0,658000.0
2023-04-21,NER,NE India,Assam,26.2,92.93,830.0,43000.0,15000.0
2023-04-21,NR,North India,Rajasthan,26.91,74.22,146710.0,1229000.0,764000.0
2023-04-21,SR,South India,Tamil Nadu,11.12,78.66,117480.0,1274000.0,751000.0
2023-04-21,WR,West India,Gujarat,23.02,72.57,67030.0,1462000.0,1553000.0
2023-04-22,ER,East India,Odisha,20.95,85.09,2530.0,512000.0,641000.0
2023-04-22,NER,NE India,Assam,26.2,92.93,1140.0,43000.0,13000.0
2023-04-22,NR,North India,Rajasthan,26.91,74.22,143890.0,1202000.0,750000.0
2023-04-22,SR,South India,Tamil Nadu,11.12,78.66,109850.0,1206000.0,722000.0
2023-04-22,WR,West India,Gujarat,23.02,72.57,64730.00000000001,1433000.0,1509000.0
2023-04-23,ER,East India,Odisha,20.95,85.09,5150.0,496000.0,601000.0
2023-04-23,NER,NE India,Assam,26.2,92.93,520.0,39000.0,11000.0
2023-04-23,NR,North India,Rajasthan,26.91,74.22,142630.0,1075000.0,676000.0
2023-04-23,SR,South India,Tamil Nadu,11.12,78.66,127910.0,1112000.0,658000.0
2023-04-23,WR,West India,Gujarat,23.02,72.57,63330.0,1362000.0,1378000.0
2023-04-24,ER,East India,Odisha,20.95,85.09,5530.0,483000.0,642000.0
2023-04-24,NER,NE India,Assam,26.2,92.93,1380.0,45000.0,13000.0
2023-04-24,NR,North India,Rajasthan,26.91,74.22,141760.0,1113000.0,715000.0
2023-04-24,SR,South India,Tamil Nadu,11.12,78.66,126170.0,1178000.0,682000.0
2023-04-24,WR,West India,Gujarat,23.02,72.57,64470.0,1428000.0,1474000.0
2023-04-25,ER,East India,Odisha,20.95,85.09,2720.0,495000.0,691000.0
2023-04-25,NER,NE India,Assam,26.2,92.93,1350.0,50000.0,14000.0
2023-04-25,NR,North India,Rajasthan,26.91,74.22,140510.0,1160000.0,723000.0
2023-04-25,SR,South India,Tamil Nadu,11.12,78.66,109550.0,1177000.0,715000.0
2023-04-25,WR,West India,Gujarat,23.02,72.57,64599.99999999999,1453000.0,1493000.0
2023-04-26,ER,East India,Odisha,20.95,85.09,3090.0,527000.0,694000.0
2023-04-26,NER,NE India,Assam,26.2,92.93,1280.0,53000.0,15000.0
2023-04-26,NR,North India,Rajasthan,26.91,74.22,120290.0,1226000.0,763000.0
2023-04-26,SR,South India,Tamil Nadu,11.12,78.66,112450.0,1139000.0,703000.0
2023-04-26,WR,West India,Gujarat,23.02,72.57,59410.0,1433000.0,1486000.0
2023-04-27,ER,East India,Odisha,20.95,85.09,2530.0,529000.0,704000.0
2023-04-27,NER,NE India,Assam,26.2,92.93,1160.0,53000.0,16000.0
2023-04-27,NR,North India,Rajasthan,26.91,74.22,100290.0,1212000.0,765000.0
2023-04-27,SR,South India,Tamil Nadu,11.12,78.66,109480.0,1175000.0,708000.0
2023-04-27,WR,West India,Gujarat,23.02,72.57,63970.0,1392000.0,1491000.0
2023-04-28,ER,East India,Odisha,20.95,85.09,2640.0,525000.0,701000.0
2023-04-28,NER,NE India,Assam,26.2,92.93,1110.0,52000.0,15000.0
2023-04-28,NR,North India,Rajasthan,26.91,74.22,103440.0,1220000.0,773000.0
2023-04-28,SR,South India,Tamil Nadu,11.12,78.66,107990.0,1188000.0,685000.0
2023-04-28,WR,West India,Gujarat,23.02,72.57,54020.0,1357000.0,1469000.0
2023-04-29,ER,East India,Odisha,20.95,85.09,5050.0,536000.0,693000.0
2023-04-29,NER,NE India,Assam,26.2,92.93,920.0,50000.0,13000.0
2023-04-29,NR,North India,Rajasthan,26.91,74.22,119100.0,1197000.0,749000.0
2023-04-29,SR,South India,Tamil Nadu,11.12,78.66,103430.0,1134000.0,662000.0
2023-04-29,WR,West India,Gujarat,23.02,72.57,43200.0,1293000.0,1420000.0
2023-04-30,ER,East India,Odisha,20.95,85.09,5150.0,490000.0,629000.0
2023-04-30,NER,NE India,Assam,26.2,92.93,1100.0,48000.0,11000.0
2023-04-30,NR,North India,Rajasthan,26.91,74.22,99620.0,1047000.0,640000.0
2023-04-30,SR,South India,Tamil Nadu,11.12,78.66,116330.0,1037000.0,605000.0
2023-04-30,WR,West India,Gujarat,23.02,72.57,51480.0,1201000.0,1300000.0
2023-05-01,ER,East India,Odisha,20.95,85.09,4530.0,453070.0,592040.0
2023-05-01,NER,NE India,Assam,26.2,92.93,1170.0,48530.0,10630.0
2023-05-01,NR,North India,Rajasthan,26.91,74.22,124840.0,979000.0,513840.00000000006
2023-05-01,SR,South India,Tamil Nadu,11.12,78.66,103930.0,925860.0,575290.0
2023-05-01,WR,West India,Gujarat,23.02,72.57,54800.0,1198200.0,1245270.0
2023-05-02,ER,East India,Odisha,20.95,85.09,5180.0,471740.0,601320.0
2023-05-02,NER,NE India,Assam,26.2,92.93,1200.0,49520.0,12290.0
2023-05-02,NR,North India,Rajasthan,26.91,74.22,129039.99999999999,991000.0,502760.0
2023-05-02,SR,South India,Tamil Nadu,11.12,78.66,96830.0,959000.0,587450.0
2023-05-02,WR,West India,Gujarat,23.02,72.57,56510.0,1235700.0,1272050.0
2023-05-03,ER,East India,Odisha,20.95,85.09,2960.0,502190.0,643580.0
2023-05-03,NER,NE India,Assam,26.2,92.93,900.0,50780.0,14210.0
2023-05-03,NR,North India,Rajasthan,26.91,74.22,136730.0,1004000.0,519630.0
2023-05-03,SR,South India,Tamil Nadu,11.12,78.66,104360.0,1000780.0,611290.0
2023-05-03,WR,West India,Gujarat,23.02,72.57,55360.0,1246300.0,1268164.0
2023-05-04,ER,East India,Odisha,20.95,85.09,2810.0,491600.0,642210.0
2023-05-04,NER,NE India,Assam,26.2,92.93,700.0,49140.0,13990.0
2023-05-04,NR,North India,Rajasthan,26.91,74.22,134940.0,1019000.0,527280.0
2023-05-04,SR,South India,Tamil Nadu,11.12,78.66,110890.0,1024300.0,646000.0
2023-05-04,WR,West India,Gujarat,23.02,72.57,60130.0,1267000.0,1297470.0
2023-05-05,ER,East India,Odisha,20.95,85.09,2740.0,513730.0,671350.0
2023-05-05,NER,NE India,Assam,26.2,92.93,1030.0,51250.0,14520.0
2023-05-05,NR,North India,Rajasthan,26.91,74.22,139460.0,1113000.0,596530.0
2023-05-05,SR,South India,Tamil Nadu,11.12,78.66,92940.0,1032460.0,641180.0
2023-05-05,WR,West India,Gujarat,23.02,72.57,60110.0,1292500.0,1315190.0
2023-05-06,ER,East India,Odisha,20.95,85.09,2880.0,535130.0,686420.0
2023-05-06,NER,NE India,Assam,26.2,92.93,1140.0,52800.0,14900.0
2023-05-06,NR,North India,Rajasthan,26.91,74.22,131990.0,1156000.0,645180.0
2023-05-06,SR,South India,Tamil Nadu,11.12,78.66,114080.0,1020010.0,621920.0
2023-05-06,WR,West India,Gujarat,23.02,72.57,60250.0,1345200.0,1358000.0
2023-05-07,ER,East India,Odisha,20.95,85.09,5420.0,549200.0,665860.0
2023-05-07,NER,NE India,Assam,26.2,92.93,1380.0,53170.0,13790.0
2023-05-07,NR,North India,Rajasthan,26.91,74.22,134990.0,1125000.0,625150.0
2023-05-07,SR,South India,Tamil Nadu,11.12,78.66,94070.0,945420.0,585710.0
2023-05-07,WR,West India,Gujarat,23.02,72.57,62820.0,1325200.0,1338000.0
2023-05-08,ER,East India,Odisha,20.95,85.09,2930.0,572430.0,686090.0
2023-05-08,NER,NE India,Assam,26.2,92.93,1180.0,51870.0,14100.0
2023-05-08,NR,North India,Rajasthan,26.91,74.22,144660.0,1202000.0,685960.0
2023-05-08,SR,South India,Tamil Nadu,11.12,78.66,112700.0,1012030.0,625960.0
2023-05-08,WR,West India,Gujarat,23.02,72.57,62870.0,1396800.0,1448080.0
2023-05-09,ER,East India,Odisha,20.95,85.09,5380.0,591180.0,688770.0
2023-05-09,NER,NE India,Assam,26.2,92.93,1260.0,57060.0,15480.0
2023-05-09,NR,North India,Rajasthan,26.91,74.22,144910.0,1275000.0,736350.0
2023-05-09,SR,South India,Tamil Nadu,11.12,78.66,119000.0,1029599.9999999999,656350.0
2023-05-09,WR,West India,Gujarat,23.02,72.57,66893.0,1422900.0,1519610.0
2023-05-10,ER,East India,Odisha,20.95,85.09,6210.0,590240.0,689400.0
2023-05-10,NER,NE India,Assam,26.2,92.93,1240.0,56130.0,14400.0
2023-05-10,NR,North India,Rajasthan,26.91,74.22,147260.0,1281000.0,769770.0
2023-05-10,SR,South India,Tamil Nadu,11.12,78.66,126140.0,1042940.0,682550.0
2023-05-10,WR,West India,Gujarat,23.02,72.57,70350.0,1435900.0,1529120.0
2023-05-11,ER,East India,Odisha,20.95,85.09,3450.0,592940.0,689180.0
2023-05-11,NER,NE India,Assam,26.2,92.93,1260.0,56530.0,14890.0
2023-05-11,NR,North India,Rajasthan,26.91,74.22,145060.0,1322000.0,786780.0
2023-05-11,SR,South India,Tamil Nadu,11.12,78.66,119210.0,1071470.0,694330.0
2023-05-11,WR,West India,Gujarat,23.02,72.57,70220.0,1465400.0,1514560.0
2023-05-12,ER,East India,Odisha,20.95,85.09,3200.0,594050.0,686720.0
2023-05-12,NER,NE India,Assam,26.2,92.93,1120.0,56640.0,13510.0
2023-05-12,NR,North India,Rajasthan,26.91,74.22,143010.0,1378000.0,771160.0
2023-05-12,SR,South India,Tamil Nadu,11.12,78.66,118090.0,1085390.0,671250.0
2023-05-12,WR,West India,Gujarat,23.02,72.57,70690.0,1466700.0,1544150.0
2023-05-13,ER,East India,Odisha,20.95,85.09,2910.0,594310.0,708110.0
2023-05-13,NER,NE India,Assam,26.2,92.93,1050.0,58020.0,14520.0
2023-05-13,NR,North India,Rajasthan,26.91,74.22,132620.0,1403000.0,771360.0
2023-05-13,SR,South India,Tamil Nadu,11.12,78.66,119420.0,1092880.0,651120.0
2023-05-13,WR,West India,Gujarat,23.02,72.57,69410.0,1470500.0,1505150.0
2023-05-14,ER,East India,Odisha,20.95,85.09,2870.0,576850.0,663330.0
2023-05-14,NER,NE India,Assam,26.2,92.93,460.0,48330.0,13250.0
2023-05-14,NR,North India,Rajasthan,26.91,74.22,126850.0,1326000.0,710080.0
2023-05-14,SR,South India,Tamil Nadu,11.12,78.66,133040.0,1054430.0,601840.0
2023-05-14,WR,West India,Gujarat,23.02,72.57,68470.0,1427400.0,1430090.0
2023-05-15,ER,East India,Odisha,20.95,85.09,5780.0,537470.0,666250.0
2023-05-15,NER,NE India,Assam,26.2,92.93,1040.0,49440.0,13280.0
2023-05-15,NR,North India,Rajasthan,26.91,74.22,119850.0,1381000.0,762560.0
2023-05-15,SR,South India,Tamil Nadu,11.12,78.66,137580.0,1154000.0,615730.0
2023-05-15,WR,West India,Gujarat,23.02,72.57,66850.0,1474300.0,1466260.0
2023-05-16,ER,East India,Odisha,20.95,85.09,5350.0,546340.0,702910.0
2023-05-16,NER,NE India,Assam,26.2,92.93,920.0,45380.0,14810.0
2023-05-16,NR,North India,Rajasthan,26.91,74.22,130770.00000000001,1398000.0,803590.0
2023-05-16,SR,South India,Tamil Nadu,11.12,78.66,135750.0,1198640.0,659590.0
2023-05-16,WR,West India,Gujarat,23.02,72.57,65940.0,1480700.0,1493780.0
2023-05-17,ER,East India,Odisha,20.95,85.09,5640.0,561230.0,700470.0
2023-05-17,NER,NE India,Assam,26.2,92.93,730.0,44020.0,16190.000000000002
2023-05-17,NR,North India,Rajasthan,26.91,74.22,136540.0,1466000.0,868390.0
2023-05-17,SR,South India,Tamil Nadu,11.12,78.66,132980.0,1228670.0,681880.0
2023-05-17,WR,West India,Gujarat,23.02,72.57,67090.0,1477000.0,1534150.0
2023-05-18,ER,East India,Odisha,20.95,85.09,6020.0,531580.0,631860.0
2023-05-18,NER,NE India,Assam,26.2,92.93,730.0,47450.0,14030.0
2023-05-18,NR,North India,Rajasthan,26.91,74.22,134440.0,1271000.0,783020.0
2023-05-18,SR,South India,Tamil Nadu,11.12,78.66,130840.0,1242300.0,686970.0
2023-05-18,WR,West India,Gujarat,23.02,72.57,66570.0,1492800.0,1519890.0
2023-05-19,ER,East India,Odisha,20.95,85.09,2700.0,543900.0,674300.0
2023-05-19,NER,NE India,Assam,26.2,92.93,880.0,50620.0,16400.0
2023-05-19,NR,North India,Rajasthan,26.91,74.22,139180.0,1429000.0,849110.0
2023-05-19,SR,South India,Tamil Nadu,11.12,78.66,122300.0,1238620.0,727450.0
2023-05-19,WR,West India,Gujarat,23.02,72.57,65610.0,1490500.0,1597641.0
2023-05-20,ER,East India,Odisha,20.95,85.09,2200.0,561200.0,672550.0
2023-05-20,NER,NE India,Assam,26.2,92.93,1100.0,50450.0,15200.0
2023-05-20,NR,North India,Rajasthan,26.91,74.22,140920.0,1467000.0,834070.0
2023-05-20,SR,South India,Tamil Nadu,11.12,78.66,115590.0,1214490.0,736100.0
2023-05-20,WR,West India,Gujarat,23.02,72.57,64580.0,1494600.0,1554681.0
2023-05-21,ER,East India,Odisha,20.95,85.09,2340.0,562410.0,657540.0
2023-05-21,NER,NE India,Assam,26.2,92.93,1010.0,45660.0,14640.0
2023-05-21,NR,North India,Rajasthan,26.91,74.22,140110.0,1463000.0,817120.0
2023-05-21,SR,South India,Tamil Nadu,11.12,78.66,115980.0,1097760.0,698920.0
2023-05-21,WR,West India,Gujarat,23.02,72.57,64739.99999999999,1433400.0,1506180.0
2023-05-22,ER,East India,Odisha,20.95,85.09,2440.0,560080.0,659910.0
2023-05-22,NER,NE India,Assam,26.2,92.93,950.0,49460.0,14190.0
2023-05-22,NR,North India,Rajasthan,26.91,74.22,143520.0,1544000.0,848430.0
2023-05-22,SR,South India,Tamil Nadu,11.12,78.66,120500.0,1108740.0,708960.0
2023-05-22,WR,West India,Gujarat,23.02,72.57,68030.0,1472300.0,1546510.0
2023-05-23,ER,East India,Odisha,20.95,85.09,4870.0,532530.0,678780.0
2023-05-23,NER,NE India,Assam,26.2,92.93,1070.0,52380.0,15570.0
2023-05-23,NR,North India,Rajasthan,26.91,74.22,133910.0,1559000.0,833530.0
2023-05-23,SR,South India,Tamil Nadu,11.12,78.66,125830.0,1157770.0,729050.0
2023-05-23,WR,West India,Gujarat,23.02,72.57,64580.0,1497800.0,1568938.0
2023-05-24,ER,East India,Odisha,20.95,85.09,5310.0,532570.0,626020.0
2023-05-24,NER,NE India,Assam,26.2,92.93,740.0,50460.0,11650.0
2023-05-24,NR,North India,Rajasthan,26.91,74.22,127960.0,1332000.0,712200.0
2023-05-24,SR,South India,Tamil Nadu,11.12,78.66,127980.0,1170080.0,692980.0
2023-05-24,WR,West India,Gujarat,23.02,72.57,65430.00000000001,1503800.0,1453190.0
2023-05-25,ER,East India,Odisha,20.95,85.09,5170.0,522700.00000000006,599750.0
2023-05-25,NER,NE India,Assam,26.2,92.93,1160.0,55400.0,10510.0
2023-05-25,NR,North India,Rajasthan,26.91,74.22,131440.0,1220000.0,670170.0
2023-05-25,SR,South India,Tamil Nadu,11.12,78.66,123610.0,1165600.0,644150.0
2023-05-25,WR,West India,Gujarat,23.02,72.57,64730.00000000001,1484400.0,1396350.0
2023-05-26,ER,East India,Odisha,20.95,85.09,5500.0,483580.0,560990.0
2023-05-26,NER,NE India,Assam,26.2,92.93,1040.0,49020.0,11320.0
2023-05-26,NR,North India,Rajasthan,26.91,74.22,129759.99999999999,1148000.0,588700.0
2023-05-26,SR,South India,Tamil Nadu,11.12,78.66,127630.0,1164770.0,614230.0
2023-05-26,WR,West India,Gujarat,23.02,72.57,64030.0,1448400.0,1343220.0
2023-05-27,ER,East India,Odisha,20.95,85.09,3530.0,489900.0,582000.0
2023-05-27,NER,NE India,Assam,26.2,92.93,940.0,50170.0,12990.0
2023-05-27,NR,North India,Rajasthan,26.91,74.22,117730.0,1139000.0,584030.0
2023-05-27,SR,South India,Tamil Nadu,11.12,78.66,129550.00000000001,1174850.0,632390.0
2023-05-27,WR,West India,Gujarat,23.02,72.57,65940.0,1442400.0,1354320.0
2023-05-28,ER,East India,Odisha,20.95,85.09,3690.0,519460.00000000006,626110.0
2023-05-28,NER,NE India,Assam,26.2,92.93,1270.0,53010.0,15170.0
2023-05-28,NR,North India,Rajasthan,26.91,74.22,84520.0,1152000.0,626180.0
2023-05-28,SR,South India,Tamil Nadu,11.12,78.66,122670.0,1115240.0,626000.0
2023-05-28,WR,West India,Gujarat,23.02,72.57,61560.0,1378600.0,1383790.0
2023-05-29,ER,East India,Odisha,20.95,85.09,3020.0,564010.0,650200.0
2023-05-29,NER,NE India,Assam,26.2,92.93,1470.0,57900.0,16980.0
2023-05-29,NR,North India,Rajasthan,26.91,74.22,125310.0,1187000.0,703830.0
2023-05-29,SR,South India,Tamil Nadu,11.12,78.66,113820.0,1180820.0,696690.0
2023-05-29,WR,West India,Gujarat,23.02,72.57,59550.0,1367300.0,1498010.0
2023-05-30,ER,East India,Odisha,20.95,85.09,2970.0,593560.0,665550.0
2023-05-30,NER,NE India,Assam,26.2,92.93,1380.0,63630.0,15890.0
2023-05-30,NR,North India,Rajasthan,26.91,74.22,95160.0,1179000.0,728680.0
2023-05-30,SR,South India,Tamil Nadu,11.12,78.66,99330.0,1134730.0,722690.0
2023-05-30,WR,West India,Gujarat,23.02,72.57,61530.0,1410800.0,1512450.0
2023-05-31,ER,East India,Odisha,20.95,85.09,2850.0,610440.0,652860.0
2023-05-31,NER,NE India,Assam,26.2,92.93,1370.0,66760.0,13730.0
2023-05-31,NR,North India,Rajasthan,26.91,74.22,136680.0,1186000.0,715700.0
2023-05-31,SR,South India,Tamil Nadu,11.12,78.66,123510.0,1134750.0,708240.0
2023-05-31,WR,West India,Gujarat,23.02,72.57,68200.0,1443100.0,1480650.0
2023-06-01,ER,East India,Odisha,20.95,85.09,2980.0,606800.0,649130.0
2023-06-01,NER,NE India,Assam,26.2,92.93,1180.0,66390.0,14312.0
2023-06-01,NR,North India,Rajasthan,26.91,74.22,113800.0,1170000.0,715740.0
2023-06-01,SR,South India,Tamil Nadu,11.12,78.66,119720.0,1159780.0,703560.0
2023-06-01,WR,West India,Gujarat,23.02,72.57,56320.0,1455100.0,1439240.0
2023-06-02,ER,East India,Odisha,20.95,85.09,5660.0,610230.0,640930.0
2023-06-02,NER,NE India,Assam,26.2,92.93,1230.0,64480.00000000001,15800.0
2023-06-02,NR,North India,Rajasthan,26.91,74.22,128720.0,1231000.0,759450.0
2023-06-02,SR,South India,Tamil Nadu,11.12,78.66,119750.0,1178390.0,701490.0
2023-06-02,WR,West India,Gujarat,23.02,72.57,61740.0,1476000.0,1451430.0
2023-06-03,ER,East India,Odisha,20.95,85.09,5700.0,613290.0,663850.0
2023-06-03,NER,NE India,Assam,26.2,92.93,1260.0,66150.0,16860.0
2023-06-03,NR,North India,Rajasthan,26.91,74.22,129370.0,1294000.0,801690.0
2023-06-03,SR,South India,Tamil Nadu,11.12,78.66,125010.0,1203310.0,731600.0
2023-06-03,WR,West India,Gujarat,23.02,72.57,61610.0,1486200.0,1498570.0
2023-06-04,ER,East India,Odisha,20.95,85.09,3100.0,599660.0,634270.0
2023-06-04,NER,NE India,Assam,26.2,92.93,1210.0,61070.0,13680.0
2023-06-04,NR,North India,Rajasthan,26.91,74.22,138080.0,1223000.0,722840.0
2023-06-04,SR,South India,Tamil Nadu,11.12,78.66,84010.0,1110890.0,662320.0
2023-06-04,WR,West India,Gujarat,23.02,72.57,59340.0,1340200.0,1394260.0
2023-06-05,ER,East India,Odisha,20.95,85.09,2910.0,615720.0,691260.0
2023-06-05,NER,NE India,Assam,26.2,92.93,1260.0,64680.00000000001,15970.0
2023-06-05,NR,North India,Rajasthan,26.91,74.22,129860.00000000001,1352000.0,790830.0
2023-06-05,SR,South India,Tamil Nadu,11.12,78.66,128050.00000000001,1166530.0,670280.0
2023-06-05,WR,West India,Gujarat,23.02,72.57,66730.0,1422700.0,1478140.0
2023-06-06,ER,East India,Odisha,20.95,85.09,2980.0,626150.0,695500.0
2023-06-06,NER,NE India,Assam,26.2,92.93,1080.0,67680.0,16190.000000000002
2023-06-06,NR,North India,Rajasthan,26.91,74.22,120330.0,1364000.0,797260.0
2023-06-06,SR,South India,Tamil Nadu,11.12,78.66,122670.0,1182140.0,679890.0
2023-06-06,WR,West India,Gujarat,23.02,72.57,66400.0,1475400.0,1493020.0
2023-06-07,ER,East India,Odisha,20.95,85.09,3100.0,633750.0,697310.0
2023-06-07,NER,NE India,Assam,26.2,92.93,1040.0,69190.0,17540.0
2023-06-07,NR,North India,Rajasthan,26.91,74.22,132050.0,1398000.0,798440.0
2023-06-07,SR,South India,Tamil Nadu,11.12,78.66,117540.0,1164850.0,689650.0
2023-06-07,WR,West India,Gujarat,23.02,72.57,66490.0,1490800.0,1542760.0
2023-06-08,ER,East India,Odisha,20.95,85.09,2860.0,639420.0,694000.0
2023-06-08,NER,NE India,Assam,26.2,92.93,1080.0,67610.0,17640.0
2023-06-08,NR,North India,Rajasthan,26.91,74.22,134330.0,1467000.0,822330.0
2023-06-08,SR,South India,Tamil Nadu,11.12,78.66,122900.0,1183680.0,704430.0
2023-06-08,WR,West India,Gujarat,23.02,72.57,67450.0,1502400.0,1573080.0
2023-06-09,ER,East India,Odisha,20.95,85.09,3070.0,614880.0,686530.0
2023-06-09,NER,NE India,Assam,26.2,92.93,850.0,60690.0,17770.0
2023-06-09,NR,North India,Rajasthan,26.91,74.22,134720.0,1520000.0,845280.0
2023-06-09,SR,South India,Tamil Nadu,11.12,78.66,124700.0,1190960.0,688490.0
2023-06-09,WR,West India,Gujarat,23.02,72.57,68250.0,1526500.0,1541521.0
2023-06-10,ER,East India,Odisha,20.95,85.09,2960.0,599960.0,664250.0
2023-06-10,NER,NE India,Assam,26.2,92.93,840.0,57910.0,16250.0
2023-06-10,NR,North India,Rajasthan,26.91,74.22,131550.0,1526000.0,818900.0
2023-06-10,SR,South India,Tamil Nadu,11.12,78.66,124850.0,1151680.0,654840.0
2023-06-10,WR,West India,Gujarat,23.02,72.57,66710.0,1513000.0,1560070.0
2023-06-11,ER,East India,Odisha,20.95,85.09,5510.0,589600.0,644000.0
2023-06-11,NER,NE India,Assam,26.2,92.93,580.0,52360.0,12330.0
2023-06-11,NR,North India,Rajasthan,26.91,74.22,131530.0,1448000.0,762810.0
2023-06-11,SR,South India,Tamil Nadu,11.12,78.66,118860.0,1086940.0,603260.0
2023-06-11,WR,West India,Gujarat,23.02,72.57,64879.99999999999,1437500.0,1482820.0
2023-06-12,ER,East India,Odisha,20.95,85.09,2980.0,576180.0,665980.0
2023-06-12,NER,NE India,Assam,26.2,92.93,730.0,56330.0,14630.0
2023-06-12,NR,North India,Rajasthan,26.91,74.22,137800.0,1587000.0,788680.0
2023-06-12,SR,South India,Tamil Nadu,11.12,78.66,124770.0,1165820.0,635930.0
2023-06-12,WR,West India,Gujarat,23.02,72.57,60150.0,1431800.0,1485933.0
2023-06-13,ER,East India,Odisha,20.95,85.09,2210.0,590000.0,645900.0
2023-06-13,NER,NE India,Assam,26.2,92.93,990.0,59430.0,14990.0
2023-06-13,NR,North India,Rajasthan,26.91,74.22,131940.0,1621000.0,802980.0
2023-06-13,SR,South India,Tamil Nadu,11.12,78.66,129419.99999999999,1181340.0,628640.0
2023-06-13,WR,West India,Gujarat,23.02,72.57,58770.0,1462300.0,1477720.0
2023-06-14,ER,East India,Odisha,20.95,85.09,2640.0,591470.0,632500.0
2023-06-14,NER,NE India,Assam,26.2,92.93,500.0,55550.0,15420.0
2023-06-14,NR,North India,Rajasthan,26.91,74.22,133580.0,1581000.0,774990.0
2023-06-14,SR,South India,Tamil Nadu,11.12,78.66,127790.0,1201960.0,641110.0
2023-06-14,WR,West India,Gujarat,23.02,72.57,59680.0,1421600.0,1414390.0
2023-06-15,ER,East India,Odisha,20.95,85.09,2990.0,601150.0,636000.0
2023-06-15,NER,NE India,Assam,26.2,92.93,520.0,44120.0,14620.0
2023-06-15,NR,North India,Rajasthan,26.91,74.22,119810.0,1525000.0,782100.0
2023-06-15,SR,South India,Tamil Nadu,11.12,78.66,132530.0,1236390.0,663940.0
2023-06-15,WR,West India,Gujarat,23.02,72.57,56050.0,1383200.0,1433240.0
2023-06-16,ER,East India,Odisha,20.95,85.09,2810.0,626500.0,686060.0
2023-06-16,NER,NE India,Assam,26.2,92.93,450.0,43960.0,15950.0
2023-06-16,NR,North India,Rajasthan,26.91,74.22,92680.0,1567000.0,850690.0
2023-06-16,SR,South India,Tamil Nadu,11.12,78.66,135000.0,1265880.0,682920.0
2023-06-16,WR,West India,Gujarat,23.02,72.57,41120.0,1339500.0,1390360.0
2023-06-17,ER,East India,Odisha,20.95,85.09,2860.0,630670.0,677000.0
2023-06-17,NER,NE India,Assam,26.2,92.93,350.0,43070.0,15050.0
2023-06-17,NR,North India,Rajasthan,26.91,74.22,71460.0,1578000.0,852630.0
2023-06-17,SR,South India,Tamil Nadu,11.12,78.66,111690.0,1236210.0,686700.0
2023-06-17,WR,West India,Gujarat,23.02,72.57,41530.0,1362400.0,1399900.0
2023-06-18,ER,East India,Odisha,20.95,85.09,5670.0,600470.0,639930.0
2023-06-18,NER,NE India,Assam,26.2,92.93,440.0,42020.0,13100.0
2023-06-18,NR,North India,Rajasthan,26.91,74.22,106380.0,1466000.0,764950.0
2023-06-18,SR,South India,Tamil Nadu,11.12,78.66,99400.0,1149680.0,639990.0
2023-06-18,WR,West India,Gujarat,23.02,72.57,47810.0,1348700.0,1360420.0
2023-06-19,ER,East India,Odisha,20.95,85.09,5200.0,572310.0,665200.0
2023-06-19,NER,NE India,Assam,26.2,92.93,350.0,45090.0,13890.0
2023-06-19,NR,North India,Rajasthan,26.91,74.22,134710.0,1511000.0,769380.0
2023-06-19,SR,South India,Tamil Nadu,11.12,78.66,108080.0,1165690.0,667080.0
2023-06-19,WR,West India,Gujarat,23.02,72.57,50670.0,1427700.0,1444660.0
2023-06-20,ER,East India,Odisha,20.95,85.09,3150.0,578860.0,687000.0
2023-06-20,NER,NE India,Assam,26.2,92.93,570.0,49140.0,13650.0
2023-06-20,NR,North India,Rajasthan,26.91,74.22,133980.0,1546000.0,756800.0
2023-06-20,SR,South India,Tamil Nadu,11.12,78.66,105040.0,1156860.0,657200.0
2023-06-20,WR,West India,Gujarat,23.02,72.57,57230.0,1458900.0,1448150.0
2023-06-21,ER,East India,Odisha,20.95,85.09,2270.0,581880.0,680500.0
2023-06-21,NER,NE India,Assam,26.2,92.93,600.0,49060.0,14090.0
2023-06-21,NR,North India,Rajasthan,26.91,74.22,136240.0,1615000.0,781440.0
2023-06-21,SR,South India,Tamil Nadu,11.12,78.66,99160.0,1126590.0,660820.0
2023-06-21,WR,West India,Gujarat,23.02,72.57,56420.0,1462400.0,1481490.0
2023-06-22,ER,East India,Odisha,20.95,85.09,2660.0,576680.0,660000.0
2023-06-22,NER,NE India,Assam,26.2,92.93,650.0,51040.0,13750.0
2023-06-22,NR,North India,Rajasthan,26.91,74.22,136430.0,1668000.0,797130.0
2023-06-22,SR,South India,Tamil Nadu,11.12,78.66,103390.0,1104970.0,653820.0
2023-06-22,WR,West India,Gujarat,23.02,72.57,54120.0,1465700.0,1490340.0
2023-06-23,ER,East India,Odisha,20.95,85.09,2360.0,576990.0,659000.0
2023-06-23,NER,NE India,Assam,26.2,92.93,1010.0,56920.0,13870.0
2023-06-23,NR,North India,Rajasthan,26.91,74.22,140060.0,1719000.0,811050.0
2023-06-23,SR,South India,Tamil Nadu,11.12,78.66,95220.0,1100550.0,645490.0
2023-06-23,WR,West India,Gujarat,23.02,72.57,46940.0,1435500.0,1479920.0
2023-06-24,ER,East India,Odisha,20.95,85.09,2280.0,574560.0,645270.0
2023-06-24,NER,NE India,Assam,26.2,92.93,1270.0,61700.0,13740.0
2023-06-24,NR,North India,Rajasthan,26.91,74.22,138650.0,1690000.0,804040.0
2023-06-24,SR,South India,Tamil Nadu,11.12,78.66,87880.0,1062130.0,628930.0
2023-06-24,WR,West India,Gujarat,23.02,72.57,42090.0,1367800.0,1432810.0
2023-06-25,ER,East India,Odisha,20.95,85.09,1771.0,553220.0,602910.0
2023-06-25,NER,NE India,Assam,26.2,92.93,1140.0,64470.0,11910.0
2023-06-25,NR,North India,Rajasthan,26.91,74.22,124640.0,1402000.0,674570.0
2023-06-25,SR,South India,Tamil Nadu,11.12,78.66,94160.0,991920.0,596590.0
2023-06-25,WR,West India,Gujarat,23.02,72.57,40320.0,1260700.0,1327030.0
2023-06-26,ER,East India,Odisha,20.95,85.09,4370.0,526850.0,583870.0
2023-06-26,NER,NE India,Assam,26.2,92.93,1240.0,63340.0,11860.0
2023-06-26,NR,North India,Rajasthan,26.91,74.22,119680.0,1419000.0,669860.0
2023-06-26,SR,South India,Tamil Nadu,11.12,78.66,97470.0,1049170.0,590000.0
2023-06-26,WR,West India,Gujarat,23.02,72.57,33040.0,1261700.0,1337960.0
2023-06-27,ER,East India,Odisha,20.95,85.09,4150.0,516890.0,620800.0
2023-06-27,NER,NE India,Assam,26.2,92.93,980.0,60780.0,12530.0
2023-06-27,NR,North India,Rajasthan,26.91,74.22,120870.0,1497000.0,687340.0
2023-06-27,SR,South India,Tamil Nadu,11.12,78.66,105520.0,1088860.0,611880.0
2023-06-27,WR,West India,Gujarat,23.02,72.57,33380.0,1239300.0,1326540.0
2023-06-28,ER,East India,Odisha,20.95,85.09,1810.0,496630.0,622390.0
2023-06-28,NER,NE India,Assam,26.2,92.93,930.0,60850.0,11740.0
2023-06-28,NR,North India,Rajasthan,26.91,74.22,121710.0,1505000.0,679190.0
2023-06-28,SR,South India,Tamil Nadu,11.12,78.66,105670.0,1104530.0,612730.0
2023-06-28,WR,West India,Gujarat,23.02,72.57,35660.0,1225900.0,1342580.0
2023-06-29,ER,East India,Odisha,20.95,85.09,2110.0,504350.0,609270.0
2023-06-29,NER,NE India,Assam,26.2,92.93,840.0,60990.0,11850.0
2023-06-29,NR,North India,Rajasthan,26.91,74.22,121700.0,1480000.0,656830.0
2023-06-29,SR,South India,Tamil Nadu,11.12,78.66,106650.0,1106730.0,613430.0
2023-06-29,WR,West India,Gujarat,23.02,72.57,34810.0,1203700.0,1223570.0
2023-06-30,ER,East India,Odisha,20.95,85.09,2450.0,499500.0,564480.0
2023-06-30,NER,NE India,Assam,26.2,92.93,890.0,60260.0,11770.0
2023-06-30,NR,North India,Rajasthan,26.91,74.22,126420.0,1441000.0,630270.0
2023-06-30,SR,South India,Tamil Nadu,11.12,78.66,115610.0,1111780.0,600730.0
2023-06-30,WR,West India,Gujarat,23.02,72.57,37220.0,1198100.0,1186230.0
2023-07-01,ER,East India,Odisha,20.95,85.09,2800.0,533780.0,597000.0
2023-07-01,NER,NE India,Assam,26.2,92.93,830.0,59510.0,13580.0
2023-07-01,NR,North India,Rajasthan,26.91,74.22,129310.0,1466000.0,661710.0
2023-07-01,SR,South India,Tamil Nadu,11.12,78.66,117620.0,1140460.0,611710.0
2023-07-01,WR,West India,Gujarat,23.02,72.57,37250.0,1200100.0,1237920.0
2023-07-02,ER,East India,Odisha,20.95,85.09,2625.0,547360.0,610000.0
2023-07-02,NER,NE India,Assam,26.2,92.93,680.0,57550.0,13390.0
2023-07-02,NR,North India,Rajasthan,26.91,74.22,136430.0,1472000.0,669340.0
2023-07-02,SR,South India,Tamil Nadu,11.12,78.66,100210.0,1073370.0,586360.0
2023-07-02,WR,West India,Gujarat,23.02,72.57,48260.0,1207200.0,1270060.0
2023-07-03,ER,East India,Odisha,20.95,85.09,2290.0,557440.0,645000.0
2023-07-03,NER,NE India,Assam,26.2,92.93,900.0,58870.0,15544.0
2023-07-03,NR,North India,Rajasthan,26.91,74.22,140680.0,1594000.0,738640.0
2023-07-03,SR,South India,Tamil Nadu,11.12,78.66,100480.0,1098190.0,614880.0
2023-07-03,WR,West India,Gujarat,23.02,72.57,51770.0,1290500.0,1377930.0
2023-07-04,ER,East India,Odisha,20.95,85.09,2740.0,575970.0,642150.0
2023-07-04,NER,NE India,Assam,26.2,92.93,1090.0,62660.0,15210.0
2023-07-04,NR,North India,Rajasthan,26.91,74.22,135440.0,1631000.0,753700.0
2023-07-04,SR,South India,Tamil Nadu,11.12,78.66,92200.0,1078710.0,611690.0
2023-07-04,WR,West India,Gujarat,23.02,72.57,50180.0,1337800.0,1428380.0
2023-07-05,ER,East India,Odisha,20.95,85.09,5260.0,569060.0,595580.0
2023-07-05,NER,NE India,Assam,26.2,92.93,1190.0,65080.0,14300.0
2023-07-05,NR,North India,Rajasthan,26.91,74.22,127950.0,1538000.0,726200.0
2023-07-05,SR,South India,Tamil Nadu,11.12,78.66,87180.0,1050260.0,578290.0
2023-07-05,WR,West India,Gujarat,23.02,72.57,46180.0,1324200.0,1426451.0
2023-07-06,ER,East India,Odisha,20.95,85.09,2170.0,567680.0,609000.0
2023-07-06,NER,NE India,Assam,26.2,92.93,870.0,61740.0,12780.0
2023-07-06,NR,North India,Rajasthan,26.91,74.22,108990.0,1429000.0,680420.0
2023-07-06,SR,South India,Tamil Nadu,11.12,78.66,82740.0,1045240.0,557990.0
2023-07-06,WR,West India,Gujarat,23.02,72.57,39390.0,1283800.0,1381182.9
2023-07-07,ER,East India,Odisha,20.95,85.09,2350.0,553170.0,611000.0
2023-07-07,NER,NE India,Assam,26.2,92.93,930.0,63000.0,11770.0
2023-07-07,NR,North India,Rajasthan,26.91,74.22,103230.0,1461000.0,681810.0
2023-07-07,SR,South India,Tamil Nadu,11.12,78.66,89010.0,1069200.0,564590.0
2023-07-07,WR,West India,Gujarat,23.02,72.57,33960.0,1257300.0,1397840.0
2023-07-08,ER,East India,Odisha,20.95,85.09,2240.0,553690.0,549100.0
2023-07-08,NER,NE India,Assam,26.2,92.93,1120.0,63890.0,11250.0
2023-07-08,NR,North India,Rajasthan,26.91,74.22,100140.0,1304000.0,577510.0
2023-07-08,SR,South India,Tamil Nadu,11.12,78.66,88630.0,1071000.0,539760.0
2023-07-08,WR,West India,Gujarat,23.02,72.57,37900.0,1242800.0,1222420.0
2023-07-09,ER,East India,Odisha,20.95,85.09,2720.0,570580.0,585360.0
2023-07-09,NER,NE India,Assam,26.2,92.93,1000.0,62440.0,12630.0
2023-07-09,NR,North India,Rajasthan,26.91,74.22,116500.0,1174000.0,572140.0
2023-07-09,SR,South India,Tamil Nadu,11.12,78.66,108440.0,1029700.0,585620.0
2023-07-09,WR,West India,Gujarat,23.02,72.57,30360.0,1197100.0,1251840.0
2023-07-10,ER,East India,Odisha,20.95,85.09,2740.0,602820.0,657000.0
2023-07-10,NER,NE India,Assam,26.2,92.93,720.0,62100.0,15610.0
2023-07-10,NR,North India,Rajasthan,26.91,74.22,121330.0,1246000.0,658530.0
2023-07-10,SR,South India,Tamil Nadu,11.12,78.66,94050.0,1098260.0,624920.0
2023-07-10,WR,West India,Gujarat,23.02,72.57,40030.0,1264600.0,1377110.0
2023-07-11,ER,East India,Odisha,20.95,85.09,2310.0,594360.0,647220.0
2023-07-11,NER,NE India,Assam,26.2,92.93,640.0,62880.0,15430.0
2023-07-11,NR,North India,Rajasthan,26.91,74.22,132730.0,1339000.0,709150.0
2023-07-11,SR,South India,Tamil Nadu,11.12,78.66,81760.0,1078120.0,610920.0
2023-07-11,WR,West India,Gujarat,23.02,72.57,40500.0,1284700.0,1398250.0
2023-07-12,ER,East India,Odisha,20.95,85.09,5410.0,602290.0,648750.0
2023-07-12,NER,NE India,Assam,26.2,92.93,610.0,60710.0,13780.0
2023-07-12,NR,North India,Rajasthan,26.91,74.22,137870.0,1446000.0,757840.0
2023-07-12,SR,South India,Tamil Nadu,11.12,78.66,97650.0,1094240.0,612740.0
2023-07-12,WR,West India,Gujarat,23.02,72.57,43200.0,1291200.0,1408737.0
2023-07-13,ER,East India,Odisha,20.95,85.09,5400.0,612530.0,636120.0
2023-07-13,NER,NE India,Assam,26.2,92.93,800.0,61970.0,16110.0
2023-07-13,NR,North India,Rajasthan,26.91,74.22,137600.0,1487660.0,765010.0
2023-07-13,SR,South India,Tamil Nadu,11.12,78.66,102370.0,1095810.0,582950.0
2023-07-13,WR,West India,Gujarat,23.02,72.57,49230.0,1316200.0,1396310.0
2023-07-14,ER,East India,Odisha,20.95,85.09,2160.0,586480.0,623920.0
2023-07-14,NER,NE India,Assam,26.2,92.93,930.0,61360.0,13850.0
2023-07-14,NR,North India,Rajasthan,26.91,74.22,129229.99999999999,1514000.0,735490.0
2023-07-14,SR,South India,Tamil Nadu,11.12,78.66,114830.0,1131220.0,565360.0
2023-07-14,WR,West India,Gujarat,23.02,72.57,46560.0,1322700.0,1416700.0
2023-07-15,ER,East India,Odisha,20.95,85.09,1250.0,567650.0,600190.0
2023-07-15,NER,NE India,Assam,26.2,92.93,1090.0,64680.00000000001,14170.0
2023-07-15,NR,North India,Rajasthan,26.91,74.22,134500.0,1525000.0,724050.0
2023-07-15,SR,South India,Tamil Nadu,11.12,78.66,109310.0,1134150.0,550590.0
2023-07-15,WR,West India,Gujarat,23.02,72.57,43940.0,1304700.0,1400340.0
2023-07-16,ER,East India,Odisha,20.95,85.09,1760.0,555120.0,595740.0
2023-07-16,NER,NE India,Assam,26.2,92.93,700.0,60480.0,12930.0
2023-07-16,NR,North India,Rajasthan,26.91,74.22,129720.0,1458000.0,688460.0
2023-07-16,SR,South India,Tamil Nadu,11.12,78.66,92810.0,1074150.0,565600.0
2023-07-16,WR,West India,Gujarat,23.02,72.57,43420.0,1240500.0,1336230.0
2023-07-17,ER,East India,Odisha,20.95,85.09,1640.0,575230.0,637010.0
2023-07-17,NER,NE India,Assam,26.2,92.93,670.0,59000.0,14580.0
2023-07-17,NR,North India,Rajasthan,26.91,74.22,125570.0,1565000.0,761690.0
2023-07-17,SR,South India,Tamil Nadu,11.12,78.66,90050.0,1117470.0,583420.0
2023-07-17,WR,West India,Gujarat,23.02,72.57,39160.0,1277800.0,1375200.0
2023-07-18,ER,East India,Odisha,20.95,85.09,1850.0,591260.0,611700.0
2023-07-18,NER,NE India,Assam,26.2,92.93,1370.0,65129.99999999999,13570.0
2023-07-18,NR,North India,Rajasthan,26.91,74.22,124450.0,1589000.0,755060.0
2023-07-18,SR,South India,Tamil Nadu,11.12,78.66,75980.0,1073440.0,578210.0
2023-07-18,WR,West India,Gujarat,23.02,72.57,36100.0,1290800.0,1353390.0
2023-07-19,ER,East India,Odisha,20.95,85.09,2440.0,603120.0,594380.0
2023-07-19,NER,NE India,Assam,26.2,92.93,1360.0,68490.0,13240.0
2023-07-19,NR,North India,Rajasthan,26.91,74.22,106270.0,1579000.0,759590.0
2023-07-19,SR,South India,Tamil Nadu,11.12,78.66,73640.0,1042200.0,552940.0
2023-07-19,WR,West India,Gujarat,23.02,72.57,35670.0,1277300.0,1320430.0
2023-07-20,ER,East India,Odisha,20.95,85.09,5010.0,609330.0,591110.0
2023-07-20,NER,NE India,Assam,26.2,92.93,1080.0,69150.0,15770.0
2023-07-20,NR,North India,Rajasthan,26.91,74.22,117650.0,1659000.0,799710.0
2023-07-20,SR,South India,Tamil Nadu,11.12,78.66,80830.0,1023970.0,547010.0
2023-07-20,WR,West India,Gujarat,23.02,72.57,40670.0,1281900.0,1365070.0
2023-07-21,ER,East India,Odisha,20.95,85.09,5020.0,601170.0,618920.0
2023-07-21,NER,NE India,Assam,26.2,92.93,930.0,63340.0,17340.0
2023-07-21,NR,North India,Rajasthan,26.91,74.22,115440.0,1731000.0,817850.0
2023-07-21,SR,South India,Tamil Nadu,11.12,78.66,76060.0,1028300.0,525710.0
2023-07-21,WR,West India,Gujarat,23.02,72.57,39910.0,1277900.0,1393510.0
2023-07-22,ER,East India,Odisha,20.95,85.09,2640.0,590370.0,604160.0
2023-07-22,NER,NE India,Assam,26.2,92.93,1110.0,65710.0,14400.0
2023-07-22,NR,North India,Rajasthan,26.91,74.22,108180.0,1617000.0,746550.0
2023-07-22,SR,South India,Tamil Nadu,11.12,78.66,82550.0,1034349.9999999999,522190.00000000006
2023-07-22,WR,West India,Gujarat,23.02,72.57,31090.0,1252500.0,1350670.0
2023-07-23,ER,East India,Odisha,20.95,85.09,2590.0,601230.0,578870.0
2023-07-23,NER,NE India,Assam,26.2,92.93,970.0,61600.0,13630.0
2023-07-23,NR,North India,Rajasthan,26.91,74.22,118260.0,1585000.0,722730.0
2023-07-23,SR,South India,Tamil Nadu,11.12,78.66,76870.0,978350.0,496460.0
2023-07-23,WR,West India,Gujarat,23.02,72.57,37980.0,1217900.0,1278550.0
2023-07-24,ER,East India,Odisha,20.95,85.09,2550.0,628870.0,633810.0
2023-07-24,NER,NE India,Assam,26.2,92.93,910.0,62860.0,12730.0
2023-07-24,NR,North India,Rajasthan,26.91,74.22,111110.0,1702000.0,792820.0
2023-07-24,SR,South India,Tamil Nadu,11.12,78.66,66470.0,986560.0,514460.00000000006
2023-07-24,WR,West India,Gujarat,23.02,72.57,43840.0,1266400.0,1329850.0
2023-07-25,ER,East India,Odisha,20.95,85.09,2410.0,618570.0,638670.0
2023-07-25,NER,NE India,Assam,26.2,92.93,970.0,65750.0,14720.0
2023-07-25,NR,North India,Rajasthan,26.91,74.22,80370.0,1678000.0,769110.0
2023-07-25,SR,South India,Tamil Nadu,11.12,78.66,59970.0,941310.0,531650.0
2023-07-25,WR,West India,Gujarat,23.02,72.57,39780.0,1294400.0,1355550.0
2023-07-26,ER,East India,Odisha,20.95,85.09,1920.0,635930.0,614460.0
2023-07-26,NER,NE India,Assam,26.2,92.93,900.0,67360.0,12940.0
2023-07-26,NR,North India,Rajasthan,26.91,74.22,94580.0,1532000.0,695450.0
2023-07-26,SR,South India,Tamil Nadu,11.12,78.66,55480.0,931350.0,513909.99999999994
2023-07-26,WR,West India,Gujarat,23.02,72.57,47960.0,1296000.0,1316600.0
2023-07-27,ER,East India,Odisha,20.95,85.09,1870.0,632500.0,599090.0
2023-07-27,NER,NE India,Assam,26.2,92.93,970.0,66980.0,11910.0
2023-07-27,NR,North India,Rajasthan,26.91,74.22,65670.0,1561000.0,722570.0
2023-07-27,SR,South India,Tamil Nadu,11.12,78.66,75760.0,911090.0,472540.0
2023-07-27,WR,West India,Gujarat,23.02,72.57,38150.0,1287300.0,1268270.0
2023-07-28,ER,East India,Odisha,20.95,85.09,4630.0,638900.0,576210.0
2023-07-28,NER,NE India,Assam,26.2,92.93,800.0,65530.0,11540.0
2023-07-28,NR,North India,Rajasthan,26.91,74.22,85500.0,1508000.0,685700.0
2023-07-28,SR,South India,Tamil Nadu,11.12,78.66,101590.0,980080.0,475290.0
2023-07-28,WR,West India,Gujarat,23.02,72.57,42090.0,1258400.0,1187000.0
2023-07-29,ER,East India,Odisha,20.95,85.09,4680.0,589340.0,533170.0
2023-07-29,NER,NE India,Assam,26.2,92.93,850.0,65379.99999999999,10490.0
2023-07-29,NR,North India,Rajasthan,26.91,74.22,103080.0,1430000.0,621270.0
2023-07-29,SR,South India,Tamil Nadu,11.12,78.66,112320.0,1028119.9999999999,480500.0
2023-07-29,WR,West India,Gujarat,23.02,72.57,43000.0,1222100.0,1134960.0
2023-07-30,ER,East India,Odisha,20.95,85.09,1940.0,606860.0,565590.0
2023-07-30,NER,NE India,Assam,26.2,92.93,1170.0,64500.0,13390.0
2023-07-30,NR,North India,Rajasthan,26.91,74.22,120320.0,1459000.0,623360.0
2023-07-30,SR,South India,Tamil Nadu,11.12,78.66,111130.0,1011920.0,483800.0
2023-07-30,WR,West India,Gujarat,23.02,72.57,43880.0,1199700.0,1155730.0
2023-07-31,ER,East India,Odisha,20.95,85.09,2070.0,621000.0,608000.0
2023-07-31,NER,NE India,Assam,26.2,92.93,1190.0,67000.0,13000.0
2023-07-31,NR,North India,Rajasthan,26.91,74.22,127480.0,1591000.0,718000.0
2023-07-31,SR,South India,Tamil Nadu,11.12,78.66,104630.0,1087000.0,484000.0
2023-07-31,WR,West India,Gujarat,23.02,72.57,45310.0,1262000.0,1233000.0
2023-08-01,ER,East India,Odisha,20.95,85.09,1360.0,584370.0,566930.0
2023-08-01,NER,NE India,Assam,26.2,92.93,1260.0,69560.0,12740.0
2023-08-01,NR,North India,Rajasthan,26.91,74.22,131470.0,1684000.0,752120.0
2023-08-01,SR,South India,Tamil Nadu,11.12,78.66,105900.0,1104480.0,480950.0
2023-08-01,WR,West India,Gujarat,23.02,72.57,38360.0,1257300.0,1222380.0
2023-08-02,ER,East India,Odisha,20.95,85.09,1060.0,503600.0,552140.0
2023-08-02,NER,NE India,Assam,26.2,92.93,1010.0,68110.0,12580.0
2023-08-02,NR,North India,Rajasthan,26.91,74.22,116680.0,1678000.0,720590.0
2023-08-02,SR,South India,Tamil Nadu,11.12,78.66,100630.0,1127250.0,497560.0
2023-08-02,WR,West India,Gujarat,23.02,72.57,32409.999999999996,1229700.0,1176690.0
2023-08-03,ER,East India,Odisha,20.95,85.09,1490.0,558170.0,575190.0
2023-08-03,NER,NE India,Assam,26.2,92.93,810.0,64730.00000000001,12710.0
2023-08-03,NR,North India,Rajasthan,26.91,74.22,115040.0,1640000.0,726930.0
2023-08-03,SR,South India,Tamil Nadu,11.12,78.66,101050.0,1147480.0,511130.0
2023-08-03,WR,West India,Gujarat,23.02,72.57,28060.0,1196500.0,1177850.0
2023-08-04,ER,East India,Odisha,20.95,85.09,2009.9999999999998,588170.0,608670.0
2023-08-04,NER,NE India,Assam,26.2,92.93,850.0,64220.0,14290.0
2023-08-04,NR,North India,Rajasthan,26.91,74.22,119160.0,1605000.0,733580.0
2023-08-04,SR,South India,Tamil Nadu,11.12,78.66,115010.0,1186210.0,529060.0
2023-08-04,WR,West India,Gujarat,23.02,72.57,33940.0,1214900.0,1233120.0
2023-08-05,ER,East India,Odisha,20.95,85.09,4730.0,580750.0,613260.0
2023-08-05,NER,NE India,Assam,26.2,92.93,810.0,63870.0,14500.0
2023-08-05,NR,North India,Rajasthan,26.91,74.22,124040.0,1603000.0,738870.0
2023-08-05,SR,South India,Tamil Nadu,11.12,78.66,128600.0,1191600.0,520679.99999999994
2023-08-05,WR,West India,Gujarat,23.02,72.57,40150.0,1235200.0,1254040.0
2023-08-06,ER,East India,Odisha,20.95,85.09,4350.0,558920.0,595490.0
2023-08-06,NER,NE India,Assam,26.2,92.93,640.0,60500.0,11490.0
2023-08-06,NR,North India,Rajasthan,26.91,74.22,124650.0,1555000.0,661080.0
2023-08-06,SR,South India,Tamil Nadu,11.12,78.66,125820.0,1147220.0,499010.0
2023-08-06,WR,West India,Gujarat,23.02,72.57,40090.0,1212300.0,1184600.0
2023-08-07,ER,East India,Odisha,20.95,85.09,1640.0,533250.0,594570.0
2023-08-07,NER,NE India,Assam,26.2,92.93,810.0,59680.0,12640.0
2023-08-07,NR,North India,Rajasthan,26.91,74.22,127790.0,1587000.0,672840.0
2023-08-07,SR,South India,Tamil Nadu,11.12,78.66,112940.0,1212970.0,502690.0
2023-08-07,WR,West India,Gujarat,23.02,72.57,37410.0,1293700.0,1239600.0
2023-08-08,ER,East India,Odisha,20.95,85.09,2070.0,529180.0,607900.0
2023-08-08,NER,NE India,Assam,26.2,92.93,920.0,61840.0,15990.0
2023-08-08,NR,North India,Rajasthan,26.91,74.22,125050.0,1650000.0,743870.0
2023-08-08,SR,South India,Tamil Nadu,11.12,78.66,103330.0,1223760.0,499890.0
2023-08-08,WR,West India,Gujarat,23.02,72.57,40060.0,1350400.0,1320500.0
2023-08-09,ER,East India,Odisha,20.95,85.09,2220.0,532310.0,597940.0
2023-08-09,NER,NE India,Assam,26.2,92.93,980.0,62870.0,16630.0
2023-08-09,NR,North India,Rajasthan,26.91,74.22,122290.0,1676000.0,824710.0
2023-08-09,SR,South India,Tamil Nadu,11.12,78.66,115100.0,1220060.0,544980.0
2023-08-09,WR,West India,Gujarat,23.02,72.57,40520.0,1371300.0,1357510.0
2023-08-10,ER,East India,Odisha,20.95,85.09,2560.0,563900.0,600000.0
2023-08-10,NER,NE India,Assam,26.2,92.93,760.0,65170.0,17580.0
2023-08-10,NR,North India,Rajasthan,26.91,74.22,122050.0,1678000.0,851900.0
2023-08-10,SR,South India,Tamil Nadu,11.12,78.66,108460.0,1205270.0,604270.0
2023-08-10,WR,West India,Gujarat,23.02,72.57,47325.0,1394600.0,1331770.0
2023-08-11,ER,East India,Odisha,20.95,85.09,2280.0,578830.0,635760.0
2023-08-11,NER,NE India,Assam,26.2,92.93,900.0,66120.0,17180.0
2023-08-11,NR,North India,Rajasthan,26.91,74.22,121730.0,1707000.0,860540.0
2023-08-11,SR,South India,Tamil Nadu,11.12,78.66,117470.0,1205340.0,610080.0
2023-08-11,WR,West India,Gujarat,23.02,72.57,48030.0,1420600.0,1435570.0
2023-08-12,ER,East India,Odisha,20.95,85.09,2170.0,570630.0,643120.0
2023-08-12,NER,NE India,Assam,26.2,92.93,590.0,64640.0,15485.0
2023-08-12,NR,North India,Rajasthan,26.91,74.22,132590.0,1746000.0,843640.0
2023-08-12,SR,South India,Tamil Nadu,11.12,78.66,113560.0,1183200.0,556900.0
2023-08-12,WR,West India,Gujarat,23.02,72.57,47890.0,1437100.0,1412160.0
2023-08-13,ER,East India,Odisha,20.95,85.09,2280.0,554480.0,625170.0
2023-08-13,NER,NE India,Assam,26.2,92.93,730.0,60970.0,14400.0
2023-08-13,NR,North India,Rajasthan,26.91,74.22,127410.0,1715000.0,805870.0
2023-08-13,SR,South India,Tamil Nadu,11.12,78.66,124270.0,1153650.0,537740.0
2023-08-13,WR,West India,Gujarat,23.02,72.57,40770.0,1412000.0,1372160.0
2023-08-14,ER,East India,Odisha,20.95,85.09,2360.0,560390.0,629130.0
2023-08-14,NER,NE India,Assam,26.2,92.93,1010.0,63940.0,16940.0
2023-08-14,NR,North India,Rajasthan,26.91,74.22,119930.0,1691000.0,842980.0
2023-08-14,SR,South India,Tamil Nadu,11.12,78.66,114130.0,1200170.0,580890.0
2023-08-14,WR,West India,Gujarat,23.02,72.57,37220.0,1444600.0,1432510.0
2023-08-15,ER,East India,Odisha,20.95,85.09,2630.0,574490.0,625420.0
2023-08-15,NER,NE India,Assam,26.2,92.93,970.0,63910.0,17070.0
2023-08-15,NR,North India,Rajasthan,26.91,74.22,106370.0,1670000.0,845860.0
2023-08-15,SR,South India,Tamil Nadu,11.12,78.66,124460.0,1148140.0,553090.0
2023-08-15,WR,West India,Gujarat,23.02,72.57,46120.0,1371400.0,1452950.0
2023-08-16,ER,East India,Odisha,20.95,85.09,2300.0,590860.0,637830.0
2023-08-16,NER,NE India,Assam,26.2,92.93,850.0,63390.0,16440.0
2023-08-16,NR,North India,Rajasthan,26.91,74.22,126910.0,1703000.0,877540.0
2023-08-16,SR,South India,Tamil Nadu,11.12,78.66,125490.0,1212410.0,585300.0
2023-08-16,WR,West India,Gujarat,23.02,72.57,50120.0,1461200.0,1497250.0
2023-08-17,ER,East India,Odisha,20.95,85.09,1360.0,567460.0,611910.0
2023-08-17,NER,NE India,Assam,26.2,92.93,1280.0,66490.0,17000.0
2023-08-17,NR,North India,Rajasthan,26.91,74.22,123160.0,1754000.0,868240.0
2023-08-17,SR,South India,Tamil Nadu,11.12,78.66,120660.0,1250950.0,613890.0
2023-08-17,WR,West India,Gujarat,23.02,72.57,49590.0,1483500.0,1496360.0
2023-08-18,ER,East India,Odisha,20.95,85.09,1580.0,567760.0,612720.0
2023-08-18,NER,NE India,Assam,26.2,92.93,1020.0,68320.0,17380.0
2023-08-18,NR,North India,Rajasthan,26.91,74.22,129199.99999999999,1777000.0,855310.0
2023-08-18,SR,South India,Tamil Nadu,11.12,78.66,100570.0,1237000.0,625510.0
2023-08-18,WR,West India,Gujarat,23.02,72.57,45190.0,1448800.0,1478440.0
2023-08-19,ER,East India,Odisha,20.95,85.09,2380.0,579260.0,605180.0
2023-08-19,NER,NE India,Assam,26.2,92.93,700.0,66380.0,16000.0
2023-08-19,NR,North India,Rajasthan,26.91,74.22,123450.0,1750000.0,826540.0
2023-08-19,SR,South India,Tamil Nadu,11.12,78.66,88920.0,1149680.0,605610.0
2023-08-19,WR,West India,Gujarat,23.02,72.57,38890.0,1415300.0,1456490.0
2023-08-20,ER,East India,Odisha,20.95,85.09,2330.0,578600.0,616230.0
2023-08-20,NER,NE India,Assam,26.2,92.93,960.0,65280.0,16750.0
2023-08-20,NR,North India,Rajasthan,26.91,74.22,104050.0,1715000.0,824230.0
2023-08-20,SR,South India,Tamil Nadu,11.12,78.66,119130.0,1102620.0,598370.0
2023-08-20,WR,West India,Gujarat,23.02,72.57,30410.0,1363200.0,1494700.0
2023-08-21,ER,East India,Odisha,20.95,85.09,5180.0,588780.0,618450.0
2023-08-21,NER,NE India,Assam,26.2,92.93,630.0,64090.0,16880.0
2023-08-21,NR,North India,Rajasthan,26.91,74.22,129660.0,1720000.0,869780.0
2023-08-21,SR,South India,Tamil Nadu,11.12,78.66,127990.0,1184580.0,620130.0
2023-08-21,WR,West India,Gujarat,23.02,72.57,39030.0,1408900.0,1494690.0
2023-08-22,ER,East India,Odisha,20.95,85.09,4910.0,586240.0,611800.0
2023-08-22,NER,NE India,Assam,26.2,92.93,290.0,59690.0,17250.0
2023-08-22,NR,North India,Rajasthan,26.91,74.22,132930.0,1722000.0,866360.0
2023-08-22,SR,South India,Tamil Nadu,11.12,78.66,116670.0,1217980.0,651130.0
2023-08-22,WR,West India,Gujarat,23.02,72.57,42980.0,1445300.0,1459067.0
2023-08-23,ER,East India,Odisha,20.95,85.09,2220.0,570440.0,604740.0
2023-08-23,NER,NE India,Assam,26.2,92.93,790.0,60730.0,14520.0
2023-08-23,NR,North India,Rajasthan,26.91,74.22,124870.0,1558000.0,746840.0
2023-08-23,SR,South India,Tamil Nadu,11.12,78.66,115170.0,1269440.0,645250.0
2023-08-23,WR,West India,Gujarat,23.02,72.57,41470.0,1439800.0,1402720.0
2023-08-24,ER,East India,Odisha,20.95,85.09,1550.0,546770.0,604650.0
2023-08-24,NER,NE India,Assam,26.2,92.93,610.0,61130.0,13320.0
2023-08-24,NR,North India,Rajasthan,26.91,74.22,122010.0,1557000.0,745780.0
2023-08-24,SR,South India,Tamil Nadu,11.12,78.66,123960.0,1278180.0,639770.0
2023-08-24,WR,West India,Gujarat,23.02,72.57,44010.0,1458900.0,1381370.0
2023-08-25,ER,East India,Odisha,20.95,85.09,1660.0,532800.0,609300.0
2023-08-25,NER,NE India,Assam,26.2,92.93,840.0,61650.0,15690.0
2023-08-25,NR,North India,Rajasthan,26.91,74.22,124620.0,1584000.0,779860.0
2023-08-25,SR,South India,Tamil Nadu,11.12,78.66,125050.0,1299370.0,663850.0
2023-08-25,WR,West India,Gujarat,23.02,72.57,49260.0,1462300.0,1417750.0
2023-08-26,ER,East India,Odisha,20.95,85.09,2420.0,531470.0,629900.0
2023-08-26,NER,NE India,Assam,26.2,92.93,460.0,59090.0,16120.000000000002
2023-08-26,NR,North India,Rajasthan,26.91,74.22,122610.0,1601000.0,803230.0
2023-08-26,SR,South India,Tamil Nadu,11.12,78.66,113140.0,1261130.0,665680.0
2023-08-26,WR,West India,Gujarat,23.02,72.57,52840.0,1486000.0,1436930.0
2023-08-27,ER,East India,Odisha,20.95,85.09,2270.0,568330.0,642670.0
2023-08-27,NER,NE India,Assam,26.2,92.93,530.0,56200.0,13520.0
2023-08-27,NR,North India,Rajasthan,26.91,74.22,125650.0,1617000.0,808030.0
2023-08-27,SR,South India,Tamil Nadu,11.12,78.66,123680.0,1195940.0,624670.0
2023-08-27,WR,West India,Gujarat,23.02,72.57,56452.0,1435200.0,1445200.0
2023-08-28,ER,East India,Odisha,20.95,85.09,2870.0,604410.0,640910.0
2023-08-28,NER,NE India,Assam,26.2,92.93,710.0,56690.0,10120.0
2023-08-28,NR,North India,Rajasthan,26.91,74.22,130680.0,1627000.0,831970.0
2023-08-28,SR,South India,Tamil Nadu,11.12,78.66,128150.0,1245740.0,642350.0
2023-08-28,WR,West India,Gujarat,23.02,72.57,56340.0,1515900.0,1438150.0
2023-08-29,ER,East India,Odisha,20.95,85.09,5860.0,602880.0,655700.0
2023-08-29,NER,NE India,Assam,26.2,92.93,1110.0,62330.0,11790.0
2023-08-29,NR,North India,Rajasthan,26.91,74.22,127730.0,1661000.0,894210.0
2023-08-29,SR,South India,Tamil Nadu,11.12,78.66,123370.0,1247660.0,672770.0
2023-08-29,WR,West India,Gujarat,23.02,72.57,56370.0,1535400.0,1496847.0
2023-08-30,ER,East India,Odisha,20.95,85.09,5900.0,609250.0,650600.0
2023-08-30,NER,NE India,Assam,26.2,92.93,1510.0,65269.99999999999,14930.0
2023-08-30,NR,North India,Rajasthan,26.91,74.22,138010.0,1668000.0,914380.0
2023-08-30,SR,South India,Tamil Nadu,11.12,78.66,115370.0,1233640.0,691200.0
2023-08-30,WR,West India,Gujarat,23.02,72.57,58300.0,1497000.0,1519040.0
2023-08-31,ER,East India,Odisha,20.95,85.09,2580.0,621790.0,653950.0
2023-08-31,NER,NE India,Assam,26.2,92.93,1260.0,67190.0,17140.0
2023-08-31,NR,North India,Rajasthan,26.91,74.22,141140.0,1691000.0,914850.0
2023-08-31,SR,South India,Tamil Nadu,11.12,78.66,115690.0,1216280.0,711180.0
2023-08-31,WR,West India,Gujarat,23.02,72.57,59700.0,1529600.0,1555294.0
2023-09-01,ER,East India,Odisha,20.95,85.09,2500.0,616300.0,657510.0
2023-09-01,NER,NE India,Assam,26.2,92.93,960.0,66340.0,16850.0
2023-09-01,NR,North India,Rajasthan,26.91,74.22,140400.0,1717000.0,907520.0
2023-09-01,SR,South India,Tamil Nadu,11.12,78.66,117920.0,1223790.0,743200.0
2023-09-01,WR,West India,Gujarat,23.02,72.57,59950.0,1595100.0,1612885.0
2023-09-02,ER,East India,Odisha,20.95,85.09,1920.0,603570.0,636390.0
2023-09-02,NER,NE India,Assam,26.2,92.93,1060.0,63990.0,11910.0
2023-09-02,NR,North India,Rajasthan,26.91,74.22,142540.0,1750000.0,875270.0
2023-09-02,SR,South India,Tamil Nadu,11.12,78.66,111660.0,1188780.0,702610.0
2023-09-02,WR,West India,Gujarat,23.02,72.57,60250.0,1617600.0,1705731.0
2023-09-03,ER,East India,Odisha,20.95,85.09,2160.0,578480.0,640980.0
2023-09-03,NER,NE India,Assam,26.2,92.93,1310.0,65880.0,12740.0
2023-09-03,NR,North India,Rajasthan,26.91,74.22,144330.0,1777000.0,863480.0
2023-09-03,SR,South India,Tamil Nadu,11.12,78.66,93110.0,1028510.0,656430.0
2023-09-03,WR,West India,Gujarat,23.02,72.57,54650.0,1575800.0,1569110.0
2023-09-04,ER,East India,Odisha,20.95,85.09,1730.0,550350.0,644880.0
2023-09-04,NER,NE India,Assam,26.2,92.93,1290.0,71490.0,14540.0
2023-09-04,NR,North India,Rajasthan,26.91,74.22,141540.0,1796000.0,833420.0
2023-09-04,SR,South India,Tamil Nadu,11.12,78.66,62380.0,1036819.9999999999,635640.0
2023-09-04,WR,West India,Gujarat,23.02,72.57,55758.0,1574300.0,1527880.0
2023-09-05,ER,East India,Odisha,20.95,85.09,1920.0,560880.0,664490.0
2023-09-05,NER,NE India,Assam,26.2,92.93,1290.0,70640.0,17160.0
2023-09-05,NR,North India,Rajasthan,26.91,74.22,136890.0,1784000.0,844570.0
2023-09-05,SR,South India,Tamil Nadu,11.12,78.66,54990.0,1016970.0,670730.0
2023-09-05,WR,West India,Gujarat,23.02,72.57,58390.0,1567400.0,1529200.0
2023-09-06,ER,East India,Odisha,20.95,85.09,5180.0,562380.0,679880.0
2023-09-06,NER,NE India,Assam,26.2,92.93,1140.0,69990.0,14290.0
2023-09-06,NR,North India,Rajasthan,26.91,74.22,131870.0,1759000.0,838140.0
2023-09-06,SR,South India,Tamil Nadu,11.12,78.66,105170.0,1022330.0,641360.0
2023-09-06,WR,West India,Gujarat,23.02,72.57,53470.0,1512000.0,1488130.0
2023-09-07,ER,East India,Odisha,20.95,85.09,5650.0,554160.0,645930.0
2023-09-07,NER,NE India,Assam,26.2,92.93,1110.0,67210.0,14130.0
2023-09-07,NR,North India,Rajasthan,26.91,74.22,133850.0,1739000.0,812010.0
2023-09-07,SR,South India,Tamil Nadu,11.12,78.66,98960.0,1034550.0,608660.0
2023-09-07,WR,West India,Gujarat,23.02,72.57,44760.0,1375500.0,1395940.0
2023-09-08,ER,East India,Odisha,20.95,85.09,1470.0,540090.0,642630.0
2023-09-08,NER,NE India,Assam,26.2,92.93,920.0,65860.0,13780.0
2023-09-08,NR,North India,Rajasthan,26.91,74.22,130300.00000000001,1681000.0,762200.0
2023-09-08,SR,South India,Tamil Nadu,11.12,78.66,94800.0,1067210.0,600440.0
2023-09-08,WR,West India,Gujarat,23.02,72.57,41680.0,1326500.0,1372290.0
2023-09-09,ER,East India,Odisha,20.95,85.09,2190.0,556150.0,631960.0
2023-09-09,NER,NE India,Assam,26.2,92.93,1020.0,68350.0,13170.0
2023-09-09,NR,North India,Rajasthan,26.91,74.22,128289.99999999999,1572000.0,703470.0
2023-09-09,SR,South India,Tamil Nadu,11.12,78.66,103980.0,1093060.0,599950.0
2023-09-09,WR,West India,Gujarat,23.02,72.57,41940.0,1348800.0,1367318.0
2023-09-10,ER,East India,Odisha,20.95,85.09,2600.0,591040.0,620910.0
2023-09-10,NER,NE India,Assam,26.2,92.93,980.0,65590.0,12220.0
2023-09-10,NR,North India,Rajasthan,26.91,74.22,126870.0,1469000.0,658840.0
2023-09-10,SR,South India,Tamil Nadu,11.12,78.66,98490.0,1034990.0,551080.0
2023-09-10,WR,West India,Gujarat,23.02,72.57,47470.0,1329700.0,1294930.0
2023-09-11,ER,East India,Odisha,20.95,85.09,2580.0,625790.0,669020.0
2023-09-11,NER,NE India,Assam,26.2,92.93,1010.0,66410.0,13630.0
2023-09-11,NR,North India,Rajasthan,26.91,74.22,129490.00000000001,1519000.0,710400.0
2023-09-11,SR,South India,Tamil Nadu,11.12,78.66,97960.0,1098960.0,579500.0
2023-09-11,WR,West India,Gujarat,23.02,72.57,53750.0,1410300.0,1411147.0
2023-09-12,ER,East India,Odisha,20.95,85.09,1790.0,616100.0,695020.0
2023-09-12,NER,NE India,Assam,26.2,92.93,1150.0,67160.0,14950.0
2023-09-12,NR,North India,Rajasthan,26.91,74.22,130160.0,1584000.0,737410.0
2023-09-12,SR,South India,Tamil Nadu,11.12,78.66,113170.0,1143530.0,620770.0
2023-09-12,WR,West India,Gujarat,23.02,72.57,54430.0,1445200.0,1470380.0
2023-09-13,ER,East India,Odisha,20.95,85.09,1970.0,594880.0,689190.0
2023-09-13,NER,NE India,Assam,26.2,92.93,930.0,67220.0,16070.0
2023-09-13,NR,North India,Rajasthan,26.91,74.22,125610.0,1629000.0,791820.0
2023-09-13,SR,South India,Tamil Nadu,11.12,78.66,115420.0,1178100.0,640340.0
2023-09-13,WR,West India,Gujarat,23.02,72.57,47960.0,1455500.0,1536190.0
2023-09-14,ER,East India,Odisha,20.95,85.09,4380.0,574620.0,681270.0
2023-09-14,NER,NE India,Assam,26.2,92.93,1190.0,70790.0,17550.0
2023-09-14,NR,North India,Rajasthan,26.91,74.22,105910.0,1678000.0,857950.0
2023-09-14,SR,South India,Tamil Nadu,11.12,78.66,105310.0,1182290.0,684550.0
2023-09-14,WR,West India,Gujarat,23.02,72.57,41350.0,1422800.0,1539220.0
2023-09-15,ER,East India,Odisha,20.95,85.09,4950.0,585400.0,688780.0
2023-09-15,NER,NE India,Assam,26.2,92.93,1320.0,71890.0,16410.0
2023-09-15,NR,North India,Rajasthan,26.91,74.22,105480.0,1566000.0,797280.0
2023-09-15,SR,South India,Tamil Nadu,11.12,78.66,111080.0,1192020.0,663260.0
2023-09-15,WR,West India,Gujarat,23.02,72.57,37430.0,1379700.0,1494490.0
2023-09-16,ER,East India,Odisha,20.95,85.09,4750.0,598310.0,688160.0
2023-09-16,NER,NE India,Assam,26.2,92.93,970.0,71310.0,13870.0
2023-09-16,NR,North India,Rajasthan,26.91,74.22,120350.0,1481000.0,730840.0
2023-09-16,SR,South India,Tamil Nadu,11.12,78.66,110520.0,1176660.0,614610.0
2023-09-16,WR,West India,Gujarat,23.02,72.57,34160.0,1326400.0,1380290.0
2023-09-17,ER,East India,Odisha,20.95,85.09,2870.0,595630.0,625830.0
2023-09-17,NER,NE India,Assam,26.2,92.93,210.0,69250.0,13270.0
2023-09-17,NR,North India,Rajasthan,26.91,74.22,107410.0,1273000.0,636690.0
2023-09-17,SR,South India,Tamil Nadu,11.12,78.66,110010.0,1110550.0,590380.0
2023-09-17,WR,West India,Gujarat,23.02,72.57,33940.0,1235600.0,1254660.0
2023-09-18,ER,East India,Odisha,20.95,85.09,2600.0,587610.0,635280.0
2023-09-18,NER,NE India,Assam,26.2,92.93,720.0,63650.0,11880.0
2023-09-18,NR,North India,Rajasthan,26.91,74.22,72710.0,1329000.0,637890.0
2023-09-18,SR,South India,Tamil Nadu,11.12,78.66,116780.0,1121970.0,593190.0
2023-09-18,WR,West India,Gujarat,23.02,72.57,35160.0,1263500.0,1330918.0
2023-09-19,ER,East India,Odisha,20.95,85.09,2540.0,572780.0,644670.0
2023-09-19,NER,NE India,Assam,26.2,92.93,780.0,62460.0,13180.0
2023-09-19,NR,North India,Rajasthan,26.91,74.22,90070.0,1393000.0,681920.0
2023-09-19,SR,South India,Tamil Nadu,11.12,78.66,117600.0,1166260.0,618460.0
2023-09-19,WR,West India,Gujarat,23.02,72.57,37400.0,1258700.0,1354490.0
2023-09-20,ER,East India,Odisha,20.95,85.09,1650.0,555900.0,661250.0
2023-09-20,NER,NE India,Assam,26.2,92.93,680.0,58360.0,15210.0
2023-09-20,NR,North India,Rajasthan,26.91,74.22,113830.0,1461000.0,745540.0
2023-09-20,SR,South India,Tamil Nadu,11.12,78.66,113680.0,1219140.0,636360.0
2023-09-20,WR,West India,Gujarat,23.02,72.57,47320.0,1316800.0,1423890.0
2023-09-21,ER,East India,Odisha,20.95,85.09,1400.0,523539.99999999994,665760.0
2023-09-21,NER,NE India,Assam,26.2,92.93,700.0,57620.0,15440.0
2023-09-21,NR,North India,Rajasthan,26.91,74.22,128289.99999999999,1545000.0,795960.0
2023-09-21,SR,South India,Tamil Nadu,11.12,78.66,92750.0,1193880.0,659600.0
2023-09-21,WR,West India,Gujarat,23.02,72.57,49020.0,1315800.0,1404230.0
2023-09-22,ER,East India,Odisha,20.95,85.09,4059.9999999999995,510470.0,684750.0
2023-09-22,NER,NE India,Assam,26.2,92.93,890.0,58610.0,13100.0
2023-09-22,NR,North India,Rajasthan,26.91,74.22,130740.00000000001,1555000.0,783870.0
2023-09-22,SR,South India,Tamil Nadu,11.12,78.66,97850.0,1146770.0,636850.0
2023-09-22,WR,West India,Gujarat,23.02,72.57,46830.0,1284900.0,1377570.0
2023-09-23,ER,East India,Odisha,20.95,85.09,4330.0,505300.0,633770.0
2023-09-23,NER,NE India,Assam,26.2,92.93,1010.0,60160.0,13300.0
2023-09-23,NR,North India,Rajasthan,26.91,74.22,129560.0,1442000.0,743420.0
2023-09-23,SR,South India,Tamil Nadu,11.12,78.66,113960.0,1124070.0,607590.0
2023-09-23,WR,West India,Gujarat,23.02,72.57,46850.0,1271200.0,1320710.0
2023-09-24,ER,East India,Odisha,20.95,85.09,1700.0,497990.0,601020.0
2023-09-24,NER,NE India,Assam,26.2,92.93,1200.0,59960.0,10940.0
2023-09-24,NR,North India,Rajasthan,26.91,74.22,124950.0,1342000.0,676100.0
2023-09-24,SR,South India,Tamil Nadu,11.12,78.66,101630.0,1045140.0000000001,550590.0
2023-09-24,WR,West India,Gujarat,23.02,72.57,48260.0,1253400.0,1251293.0
2023-09-25,ER,East India,Odisha,20.95,85.09,2580.0,525240.0,614010.0
2023-09-25,NER,NE India,Assam,26.2,92.93,1200.0,61240.0,12400.0
2023-09-25,NR,North India,Rajasthan,26.91,74.22,132070.0,1395000.0,728890.0
2023-09-25,SR,South India,Tamil Nadu,11.12,78.66,104330.0,1086990.0,591720.0
2023-09-25,WR,West India,Gujarat,23.02,72.57,50240.0,1283100.0,1330730.0
2023-09-26,ER,East India,Odisha,20.95,85.09,2550.0,557990.0,664120.0
2023-09-26,NER,NE India,Assam,26.2,92.93,1140.0,65420.0,15290.0
2023-09-26,NR,North India,Rajasthan,26.91,74.22,123350.0,1483000.0,798030.0
2023-09-26,SR,South India,Tamil Nadu,11.12,78.66,108340.0,1111610.0,622760.0
2023-09-26,WR,West India,Gujarat,23.02,72.57,52560.0,1300100.0,1376740.0
2023-09-27,ER,East India,Odisha,20.95,85.09,2540.0,584340.0,669770.0
2023-09-27,NER,NE India,Assam,26.2,92.93,1200.0,68170.0,15960.0
2023-09-27,NR,North India,Rajasthan,26.91,74.22,118150.0,1495000.0,827610.0
2023-09-27,SR,South India,Tamil Nadu,11.12,78.66,103030.0,1126770.0,632620.0
2023-09-27,WR,West India,Gujarat,23.02,72.57,54250.0,1311700.0,1406740.0
2023-09-28,ER,East India,Odisha,20.95,85.09,2290.0,593460.0,665610.0
2023-09-28,NER,NE India,Assam,26.2,92.93,1290.0,68530.0,15900.0
2023-09-28,NR,North India,Rajasthan,26.91,74.22,129180.0,1493000.0,843440.0
2023-09-28,SR,South India,Tamil Nadu,11.12,78.66,109250.0,1130940.0,629960.0
2023-09-28,WR,West India,Gujarat,23.02,72.57,54470.0,1286600.0,1395880.0
2023-09-29,ER,East India,Odisha,20.95,85.09,2490.0,592690.0,660660.0
2023-09-29,NER,NE India,Assam,26.2,92.93,1160.0,70270.0,15620.0
2023-09-29,NR,North India,Rajasthan,26.91,74.22,131610.0,1513000.0,849810.0
2023-09-29,SR,South India,Tamil Nadu,11.12,78.66,106820.0,1097400.0,636640.0
2023-09-29,WR,West India,Gujarat,23.02,72.57,55450.0,1299300.0,1412690.0
2023-09-30,ER,East India,Odisha,20.95,85.09,5200.0,518640.0,629400.0
2023-09-30,NER,NE India,Assam,26.2,92.93,1080.0,67670.0,14900.0
2023-09-30,NR,North India,Rajasthan,26.91,74.22,127780.0,1508000.0,807980.0
2023-09-30,SR,South India,Tamil Nadu,11.12,78.66,103040.0,1092850.0,647590.0
2023-09-30,WR,West India,Gujarat,23.02,72.57,59220.0,1319700.0,1401400.0
2023-10-01,ER,East India,Odisha,20.95,85.09,4940.0,501410.0,631350.0
2023-10-01,NER,NE India,Assam,26.2,92.93,840.0,62440.0,12540.0
2023-10-01,NR,North India,Rajasthan,26.91,74.22,120980.0,1415000.0,699460.0
2023-10-01,SR,South India,Tamil Nadu,11.12,78.66,98590.0,1041380.0000000001,575490.0
2023-10-01,WR,West India,Gujarat,23.02,72.57,59130.0,1297000.0,1335700.0
2023-10-02,ER,East India,Odisha,20.95,85.09,1690.0,501310.0,609070.0
2023-10-02,NER,NE India,Assam,26.2,92.93,1050.0,64280.0,12910.0
2023-10-02,NR,North India,Rajasthan,26.91,74.22,131700.0,1335000.0,670290.0
2023-10-02,SR,South India,Tamil Nadu,11.12,78.66,95140.0,1039329.9999999999,564610.0
2023-10-02,WR,West India,Gujarat,23.02,72.57,60600.0,1304600.0,1324540.0
2023-10-03,ER,East India,Odisha,20.95,85.09,1730.0,502220.0,618750.0
2023-10-03,NER,NE India,Assam,26.2,92.93,940.0,62810.0,14480.0
2023-10-03,NR,North India,Rajasthan,26.91,74.22,140120.0,1347000.0,737590.0
2023-10-03,SR,South India,Tamil Nadu,11.12,78.66,114740.0,1155820.0,609320.0
2023-10-03,WR,West India,Gujarat,23.02,72.57,62210.0,1358500.0,1442400.0
2023-10-04,ER,East India,Odisha,20.95,85.09,1990.0,493760.0,616880.0
2023-10-04,NER,NE India,Assam,26.2,92.93,880.0,61420.0,16100.000000000002
2023-10-04,NR,North India,Rajasthan,26.91,74.22,137380.0,1367000.0,782320.0
2023-10-04,SR,South India,Tamil Nadu,11.12,78.66,116780.0,1218750.0,656850.0
2023-10-04,WR,West India,Gujarat,23.02,72.57,66640.0,1376400.0,1453440.0
2023-10-05,ER,East India,Odisha,20.95,85.09,2320.0,497930.0,599130.0
2023-10-05,NER,NE India,Assam,26.2,92.93,540.0,59250.0,17030.0
2023-10-05,NR,North India,Rajasthan,26.91,74.22,138010.0,1378000.0,801150.0
2023-10-05,SR,South India,Tamil Nadu,11.12,78.66,119360.0,1233010.0,671920.0
2023-10-05,WR,West India,Gujarat,23.02,72.57,66740.0,1389800.0,1465580.0
2023-10-06,ER,East India,Odisha,20.95,85.09,2430.0,524660.0,591160.0
2023-10-06,NER,NE India,Assam,26.2,92.93,370.0,52990.0,16379.999999999998
2023-10-06,NR,North India,Rajasthan,26.91,74.22,136660.0,1401000.0,811150.0
2023-10-06,SR,South India,Tamil Nadu,11.12,78.66,127690.0,1242820.0,686740.0
2023-10-06,WR,West India,Gujarat,23.02,72.57,67120.0,1429700.0,1518190.0
2023-10-07,ER,East India,Odisha,20.95,85.09,2770.0,545960.0,589510.0
2023-10-07,NER,NE India,Assam,26.2,92.93,540.0,55930.0,16640.0
2023-10-07,NR,North India,Rajasthan,26.91,74.22,135870.0,1398000.0,804350.0
2023-10-07,SR,South India,Tamil Nadu,11.12,78.66,123920.0,1229960.0,715640.0
2023-10-07,WR,West India,Gujarat,23.02,72.57,66400.0,1432600.0,1523380.0
2023-10-08,ER,East India,Odisha,20.95,85.09,5210.0,547880.0,620040.0
2023-10-08,NER,NE India,Assam,26.2,92.93,720.0,54390.0,17070.0
2023-10-08,NR,North India,Rajasthan,26.91,74.22,132950.0,1406000.0,798160.0
2023-10-08,SR,South India,Tamil Nadu,11.12,78.66,118180.0,1187380.0,701840.0
2023-10-08,WR,West India,Gujarat,23.02,72.57,66150.0,1421800.0,1535950.0
2023-10-09,ER,East India,Odisha,20.95,85.09,5360.0,559910.0,641400.0
2023-10-09,NER,NE India,Assam,26.2,92.93,870.0,55100.0,17440.0
2023-10-09,NR,North India,Rajasthan,26.91,74.22,133090.0,1422000.0,808720.0
2023-10-09,SR,South India,Tamil Nadu,11.12,78.66,110630.0,1226310.0,706470.0
2023-10-09,WR,West India,Gujarat,23.02,72.57,66570.0,1471600.0,1564420.0
2023-10-10,ER,East India,Odisha,20.95,85.09,2790.0,563520.0,649250.0
2023-10-10,NER,NE India,Assam,26.2,92.93,1090.0,58800.0,17390.0
2023-10-10,NR,North India,Rajasthan,26.91,74.22,133700.0,1425000.0,804120.0
2023-10-10,SR,South India,Tamil Nadu,11.12,78.66,111240.0,1221460.0,700380.0
2023-10-10,WR,West India,Gujarat,23.02,72.57,64989.99999999999,1495000.0,1581240.0
2023-10-11,ER,East India,Odisha,20.95,85.09,3000.0,570210.0,663730.0
2023-10-11,NER,NE India,Assam,26.2,92.93,1040.0,61640.0,17410.0
2023-10-11,NR,North India,Rajasthan,26.91,74.22,131420.0,1423000.0,793880.0
2023-10-11,SR,South India,Tamil Nadu,11.12,78.66,109870.0,1214900.0,732320.0
2023-10-11,WR,West India,Gujarat,23.02,72.57,63160.0,1509300.0,1610370.0
2023-10-12,ER,East India,Odisha,20.95,85.09,2950.0,563850.0,663190.0
2023-10-12,NER,NE India,Assam,26.2,92.93,1120.0,61420.0,17510.0
2023-10-12,NR,North India,Rajasthan,26.91,74.22,129900.0,1399000.0,790200.0
2023-10-12,SR,South India,Tamil Nadu,11.12,78.66,116290.0,1215270.0,743610.0
2023-10-12,WR,West India,Gujarat,23.02,72.57,60750.0,1518900.0,1601620.0
2023-10-13,ER,East India,Odisha,20.95,85.09,2910.0,557500.0,663370.0
2023-10-13,NER,NE India,Assam,26.2,92.93,1140.0,59340.0,15630.0
2023-10-13,NR,North India,Rajasthan,26.91,74.22,133750.0,1397000.0,783440.0
2023-10-13,SR,South India,Tamil Nadu,11.12,78.66,119600.0,1233510.0,764850.0
2023-10-13,WR,West India,Gujarat,23.02,72.57,59640.0,1525800.0,1608190.0
2023-10-14,ER,East India,Odisha,20.95,85.09,2790.0,548540.0,680370.0
2023-10-14,NER,NE India,Assam,26.2,92.93,1110.0,59390.0,16610.0
2023-10-14,NR,North India,Rajasthan,26.91,74.22,130199.99999999999,1360000.0,774010.0
2023-10-14,SR,South India,Tamil Nadu,11.12,78.66,114510.0,1224900.0,729230.0
2023-10-14,WR,West India,Gujarat,23.02,72.57,56180.0,1528100.0,1555460.0
2023-10-15,ER,East India,Odisha,20.95,85.09,2850.0,528140.0,670220.0
2023-10-15,NER,NE India,Assam,26.2,92.93,1050.0,55660.0,15120.0
2023-10-15,NR,North India,Rajasthan,26.91,74.22,123710.0,1270000.0,767560.0
2023-10-15,SR,South India,Tamil Nadu,11.12,78.66,115040.0,1151700.0,708280.0
2023-10-15,WR,West India,Gujarat,23.02,72.57,58240.0,1488700.0,1525530.0
2023-10-16,ER,East India,Odisha,20.95,85.09,5430.0,544730.0,672580.0
2023-10-16,NER,NE India,Assam,26.2,92.93,1220.0,55390.0,15480.0
2023-10-16,NR,North India,Rajasthan,26.91,74.22,84540.0,1141000.0,736660.0
2023-10-16,SR,South India,Tamil Nadu,11.12,78.66,99910.0,1204950.0,712970.0
2023-10-16,WR,West India,Gujarat,23.02,72.57,57260.0,1469200.0,1496900.0
2023-10-17,ER,East India,Odisha,20.95,85.09,5340.0,535320.0,616740.0
2023-10-17,NER,NE India,Assam,26.2,92.93,1230.0,58150.0,14000.0
2023-10-17,NR,North India,Rajasthan,26.91,74.22,99440.0,1053000.0,697320.0
2023-10-17,SR,South India,Tamil Nadu,11.12,78.66,114080.0,1205820.0,706060.0
2023-10-17,WR,West India,Gujarat,23.02,72.57,58430.0,1519700.0,1569320.0
2023-10-18,ER,East India,Odisha,20.95,85.09,2680.0,529450.0,609800.0
2023-10-18,NER,NE India,Assam,26.2,92.93,1010.0,58010.0,16340.0
2023-10-18,NR,North India,Rajasthan,26.91,74.22,131760.0,1119000.0,751590.0
2023-10-18,SR,South India,Tamil Nadu,11.12,78.66,121440.0,1223000.0,737080.0
2023-10-18,WR,West India,Gujarat,23.02,72.57,59460.0,1531900.0,1591640.0
2023-10-19,ER,East India,Odisha,20.95,85.09,2880.0,523210.00000000006,641440.0
2023-10-19,NER,NE India,Assam,26.2,92.93,1130.0,58070.0,17530.0
2023-10-19,NR,North India,Rajasthan,26.91,74.22,127410.0,1130000.0,752710.0
2023-10-19,SR,South India,Tamil Nadu,11.12,78.66,116710.0,1240200.0,760690.0
2023-10-19,WR,West India,Gujarat,23.02,72.57,59430.0,1551500.0,1614530.0
2023-10-20,ER,East India,Odisha,20.95,85.09,2810.0,502190.0,644980.0
2023-10-20,NER,NE India,Assam,26.2,92.93,1240.0,57000.0,16379.999999999998
2023-10-20,NR,North India,Rajasthan,26.91,74.22,125370.0,1149000.0,728690.0
2023-10-20,SR,South India,Tamil Nadu,11.12,78.66,114250.0,1248900.0,781740.0
2023-10-20,WR,West India,Gujarat,23.02,72.57,59740.0,1536400.0,1604930.0
2023-10-21,ER,East India,Odisha,20.95,85.09,2910.0,480410.0,667250.0
2023-10-21,NER,NE India,Assam,26.2,92.93,1280.0,56060.0,15080.0
2023-10-21,NR,North India,Rajasthan,26.91,74.22,120510.0,1151000.0,697790.0
2023-10-21,SR,South India,Tamil Nadu,11.12,78.66,117080.0,1217780.0,752210.0
2023-10-21,WR,West India,Gujarat,23.02,72.57,63930.0,1536200.0,1595830.0
2023-10-22,ER,East India,Odisha,20.95,85.09,2810.0,457770.0,666990.0
2023-10-22,NER,NE India,Assam,26.2,92.93,1290.0,51060.0,14420.0
2023-10-22,NR,North India,Rajasthan,26.91,74.22,113500.0,1103000.0,663760.0
2023-10-22,SR,South India,Tamil Nadu,11.12,78.66,118960.0,1178210.0,726370.0
2023-10-22,WR,West India,Gujarat,23.02,72.57,63350.0,1508100.0,1536110.0
2023-10-23,ER,East India,Odisha,20.95,85.09,2630.0,443760.0,654500.0
2023-10-23,NER,NE India,Assam,26.2,92.93,960.0,48260.0,12290.0
2023-10-23,NR,North India,Rajasthan,26.91,74.22,123400.0,1126000.0,691750.0
2023-10-23,SR,South India,Tamil Nadu,11.12,78.66,120270.0,1131880.0,696430.0
2023-10-23,WR,West India,Gujarat,23.02,72.57,64170.0,1514000.0,1511420.0
2023-10-24,ER,East India,Odisha,20.95,85.09,5700.0,441570.0,627770.0
2023-10-24,NER,NE India,Assam,26.2,92.93,650.0,45390.0,11520.0
2023-10-24,NR,North India,Rajasthan,26.91,74.22,119360.0,1079000.0,675140.0
2023-10-24,SR,South India,Tamil Nadu,11.12,78.66,124410.0,1150810.0,683770.0
2023-10-24,WR,West India,Gujarat,23.02,72.57,63340.0,1425200.0,1463160.0
2023-10-25,ER,East India,Odisha,20.95,85.09,5280.0,460440.0,666890.0
2023-10-25,NER,NE India,Assam,26.2,92.93,710.0,48600.0,13770.0
2023-10-25,NR,North India,Rajasthan,26.91,74.22,123580.0,1116000.0,710570.0
2023-10-25,SR,South India,Tamil Nadu,11.12,78.66,121360.0,1207150.0,714740.0
2023-10-25,WR,West India,Gujarat,23.02,72.57,63320.0,1480500.0,1535060.0
2023-10-26,ER,East India,Odisha,20.95,85.09,2920.0,484170.0,690000.0
2023-10-26,NER,NE India,Assam,26.2,92.93,1110.0,52100.0,16239.999999999998
2023-10-26,NR,North India,Rajasthan,26.91,74.22,125610.0,1151000.0,734650.0
2023-10-26,SR,South India,Tamil Nadu,11.12,78.66,124720.0,1232450.0,738480.0
2023-10-26,WR,West India,Gujarat,23.02,72.57,64200.0,1529100.0,1584000.0
2023-10-27,ER,East India,Odisha,20.95,85.09,3270.0,473680.0,675670.0
2023-10-27,NER,NE India,Assam,26.2,92.93,1180.0,53480.0,16309.999999999998
2023-10-27,NR,North India,Rajasthan,26.91,74.22,121720.0,1152000.0,721100.0
2023-10-27,SR,South India,Tamil Nadu,11.12,78.66,123630.0,1240420.0,753650.0
2023-10-27,WR,West India,Gujarat,23.02,72.57,66370.0,1519800.0,1590210.0
2023-10-28,ER,East India,Odisha,20.95,85.09,2810.0,466670.0,664360.0
2023-10-28,NER,NE India,Assam,26.2,92.93,1250.0,54230.0,16520.0
2023-10-28,NR,North India,Rajasthan,26.91,74.22,99390.0,1141000.0,702070.0
2023-10-28,SR,South India,Tamil Nadu,11.12,78.66,112530.0,1226720.0,770770.0
2023-10-28,WR,West India,Gujarat,23.02,72.57,61020.0,1506800.0,1599980.0
2023-10-29,ER,East India,Odisha,20.95,85.09,2900.0,449270.0,651460.0
2023-10-29,NER,NE India,Assam,26.2,92.93,1240.0,50370.0,13570.0
2023-10-29,NR,North India,Rajasthan,26.91,74.22,119520.0,1101000.0,669310.0
2023-10-29,SR,South India,Tamil Nadu,11.12,78.66,100000.0,1152300.0,711360.0
2023-10-29,WR,West India,Gujarat,23.02,72.57,64970.0,1480200.0,1569130.0
2023-10-30,ER,East India,Odisha,20.95,85.09,2640.0,461200.0,671900.0
2023-10-30,NER,NE India,Assam,26.2,92.93,1280.0,51020.0,15310.0
2023-10-30,NR,North India,Rajasthan,26.91,74.22,112020.0,1148000.0,708400.0
2023-10-30,SR,South India,Tamil Nadu,11.12,78.66,96220.0,1156740.0,706770.0
2023-10-30,WR,West India,Gujarat,23.02,72.57,61910.0,1515100.0,1583610.0
2023-10-31,ER,East India,Odisha,20.95,85.09,2710.0,468830.0,673250.0
2023-10-31,NER,NE India,Assam,26.2,92.93,1280.0,52570.0,15850.0
2023-10-31,NR,North India,Rajasthan,26.91,74.22,102260.0,1171000.0,729920.0
2023-10-31,SR,South India,Tamil Nadu,11.12,78.66,96900.0,1164040.0,729880.0
2023-10-31,WR,West India,Gujarat,23.02,72.57,61680.0,1521800.0,1594150.0
2023-11-01,ER,East India,Odisha,20.95,85.09,5080.0,478120.0,680580.0
2023-11-01,NER,NE India,Assam,26.2,92.93,1330.0,53900.0,16920.0
2023-11-01,NR,North India,Rajasthan,26.91,74.22,100740.0,1169000.0,753370.0
2023-11-01,SR,South India,Tamil Nadu,11.12,78.66,95890.0,1143230.0,737810.0
2023-11-01,WR,West India,Gujarat,23.02,72.57,60910.0,1510500.0,1581160.0
2023-11-02,ER,East India,Odisha,20.95,85.09,5240.0,481970.0,694210.0
2023-11-02,NER,NE India,Assam,26.2,92.93,1280.0,53520.0,16830.0
2023-11-02,NR,North India,Rajasthan,26.91,74.22,106210.0,1155000.0,756810.0
2023-11-02,SR,South India,Tamil Nadu,11.12,78.66,103200.0,1153500.0,741530.0
2023-11-02,WR,West India,Gujarat,23.02,72.57,59250.0,1524700.0,1567680.0
2023-11-03,ER,East India,Odisha,20.95,85.09,2970.0,481010.0,709350.0
2023-11-03,NER,NE India,Assam,26.2,92.93,1190.0,53620.0,16510.0
2023-11-03,NR,North India,Rajasthan,26.91,74.22,103890.0,1166000.0,756540.0
2023-11-03,SR,South India,Tamil Nadu,11.12,78.66,95430.0,1142740.0,724370.0
2023-11-03,WR,West India,Gujarat,23.02,72.57,55970.0,1526800.0,1594850.0
2023-11-04,ER,East India,Odisha,20.95,85.09,3010.0,466380.0,702380.0
2023-11-04,NER,NE India,Assam,26.2,92.93,1040.0,51580.0,11620.0
2023-11-04,NR,North India,Rajasthan,26.91,74.22,101800.0,1153000.0,750000.0
2023-11-04,SR,South India,Tamil Nadu,11.12,78.66,90080.0,1104840.0,675810.0
2023-11-04,WR,West India,Gujarat,23.02,72.57,56700.0,1533700.0,1619000.0
2023-11-05,ER,East India,Odisha,20.95,85.09,2630.0,450020.0,668470.0
2023-11-05,NER,NE India,Assam,26.2,92.93,1170.0,46710.0,12790.0
2023-11-05,NR,North India,Rajasthan,26.91,74.22,106330.0,1101000.0,682140.0
2023-11-05,SR,South India,Tamil Nadu,11.12,78.66,89030.0,1013440.0,616580.0
2023-11-05,WR,West India,Gujarat,23.02,72.57,57890.0,1496000.0,1592300.0
2023-11-06,ER,East India,Odisha,20.95,85.09,2620.0,451720.0,673390.0
2023-11-06,NER,NE India,Assam,26.2,92.93,1180.0,47590.0,13910.0
2023-11-06,NR,North India,Rajasthan,26.91,74.22,105230.0,1130000.0,698410.0
2023-11-06,SR,South India,Tamil Nadu,11.12,78.66,91010.0,1040200.0,640100.0
2023-11-06,WR,West India,Gujarat,23.02,72.57,51440.0,1521900.0,1610850.0
2023-11-07,ER,East India,Odisha,20.95,85.09,2910.0,445160.0,656000.0
2023-11-07,NER,NE India,Assam,26.2,92.93,990.0,48470.0,14940.0
2023-11-07,NR,North India,Rajasthan,26.91,74.22,99450.0,1150000.0,698180.0
2023-11-07,SR,South India,Tamil Nadu,11.12,78.66,80880.0,1025990.0,640640.0
2023-11-07,WR,West India,Gujarat,23.02,72.57,56630.0,1531000.0,1636560.0
2023-11-08,ER,East India,Odisha,20.95,85.09,3230.0,447900.0,653820.0
2023-11-08,NER,NE India,Assam,26.2,92.93,1080.0,49730.0,15570.0
2023-11-08,NR,North India,Rajasthan,26.91,74.22,88020.0,1150000.0,728000.0
2023-11-08,SR,South India,Tamil Nadu,11.12,78.66,82080.0,1020220.0,631430.0
2023-11-08,WR,West India,Gujarat,23.02,72.57,53510.0,1531500.0,1631890.0
2023-11-09,ER,East India,Odisha,20.95,85.09,6200.0,444430.0,678910.0
2023-11-09,NER,NE India,Assam,26.2,92.93,1110.0,49730.0,15750.0
2023-11-09,NR,North India,Rajasthan,26.91,74.22,73750.0,1137000.0,727630.0
2023-11-09,SR,South India,Tamil Nadu,11.12,78.66,89010.0,1000570.0,629180.0
2023-11-09,WR,West India,Gujarat,23.02,72.57,54010.0,1528100.0,1600740.0
2023-11-10,ER,East India,Odisha,20.95,85.09,5240.0,444590.0,662930.0
2023-11-10,NER,NE India,Assam,26.2,92.93,1160.0,49390.0,13420.0
2023-11-10,NR,North India,Rajasthan,26.91,74.22,109850.0,1103000.0,659430.0
2023-11-10,SR,South India,Tamil Nadu,11.12,78.66,101520.0,1010310.0,618410.0
2023-11-10,WR,West India,Gujarat,23.02,72.57,52450.0,1508200.0,1557450.0
2023-11-11,ER,East India,Odisha,20.95,85.09,2620.0,435970.0,637640.0
2023-11-11,NER,NE India,Assam,26.2,92.93,1160.0,49650.0,10980.0
2023-11-11,NR,North India,Rajasthan,26.91,74.22,108610.0,1059000.0,610800.0
2023-11-11,SR,South India,Tamil Nadu,11.12,78.66,107790.0,965270.0,559070.0
2023-11-11,WR,West India,Gujarat,23.02,72.57,61430.0,1428400.0,1417180.0
2023-11-12,ER,East India,Odisha,20.95,85.09,2480.0,425930.0,583400.0
2023-11-12,NER,NE India,Assam,26.2,92.93,1180.0,46540.0,10450.0
2023-11-12,NR,North India,Rajasthan,26.91,74.22,122100.0,950000.0,553100.0
2023-11-12,SR,South India,Tamil Nadu,11.12,78.66,112940.0,883760.0,488350.0
2023-11-12,WR,West India,Gujarat,23.02,72.57,62760.0,1275200.0,1261700.0
2023-11-13,ER,East India,Odisha,20.95,85.09,2690.0,414090.0,584720.0
2023-11-13,NER,NE India,Assam,26.2,92.93,1240.0,45550.0,11220.0
2023-11-13,NR,North India,Rajasthan,26.91,74.22,106320.0,875000.0,499890.0
2023-11-13,SR,South India,Tamil Nadu,11.12,78.66,106270.0,911330.0,496460.0
2023-11-13,WR,West India,Gujarat,23.02,72.57,56200.0,1220700.0,1232540.0
2023-11-14,ER,East India,Odisha,20.95,85.09,2390.0,418180.0,619490.0
2023-11-14,NER,NE India,Assam,26.2,92.93,1290.0,47010.0,11950.0
2023-11-14,NR,North India,Rajasthan,26.91,74.22,102710.0,961000.0,549270.0
2023-11-14,SR,South India,Tamil Nadu,11.12,78.66,76000.0,964690.0,565960.0
2023-11-14,WR,West India,Gujarat,23.02,72.57,56970.0,1233200.0,1293370.0
2023-11-15,ER,East India,Odisha,20.95,85.09,2550.0,414000.0,638880.0
2023-11-15,NER,NE India,Assam,26.2,92.93,1100.0,48900.0,12490.0
2023-11-15,NR,North India,Rajasthan,26.91,74.22,102780.0,1006000.0,587240.0
2023-11-15,SR,South India,Tamil Nadu,11.12,78.66,98330.0,1010570.0,590110.0
2023-11-15,WR,West India,Gujarat,23.02,72.57,60060.0,1276700.0,1314340.0
2023-11-16,ER,East India,Odisha,20.95,85.09,2520.0,417130.0,654720.0
2023-11-16,NER,NE India,Assam,26.2,92.93,880.0,48390.0,11880.0
2023-11-16,NR,North India,Rajasthan,26.91,74.22,108020.0,1039000.0,632720.0
2023-11-16,SR,South India,Tamil Nadu,11.12,78.66,108610.0,1050310.0,606610.0
2023-11-16,WR,West India,Gujarat,23.02,72.57,57650.0,1336600.0,1341840.0
2023-11-17,ER,East India,Odisha,20.95,85.09,5290.0,428500.0,668250.0
2023-11-17,NER,NE India,Assam,26.2,92.93,220.0,41880.0,13060.0
2023-11-17,NR,North India,Rajasthan,26.91,74.22,84020.0,1068000.0,646610.0
2023-11-17,SR,South India,Tamil Nadu,11.12,78.66,109510.0,1091970.0,623020.0
2023-11-17,WR,West India,Gujarat,23.02,72.57,57320.0,1358900.0,1404740.0
2023-11-18,ER,East India,Odisha,20.95,85.09,5240.0,431980.0,697430.0
2023-11-18,NER,NE India,Assam,26.2,92.93,840.0,43210.0,14700.0
2023-11-18,NR,North India,Rajasthan,26.91,74.22,89620.0,1070000.0,648820.0
2023-11-18,SR,South India,Tamil Nadu,11.12,78.66,106400.0,1101410.0,637920.0
2023-11-18,WR,West India,Gujarat,23.02,72.57,54640.0,1397400.0,1455686.0
2023-11-19,ER,East India,Odisha,20.95,85.09,2530.0,409720.0,689870.0
2023-11-19,NER,NE India,Assam,26.2,92.93,1220.0,44800.0,11880.0
2023-11-19,NR,North India,Rajasthan,26.91,74.22,84120.0,1033000.0,611570.0
2023-11-19,SR,South India,Tamil Nadu,11.12,78.66,95190.0,1035349.9999999999,612080.0
2023-11-19,WR,West India,Gujarat,23.02,72.57,51410.0,1390600.0,1409040.0
2023-11-20,ER,East India,Odisha,20.95,85.09,2350.0,413990.0,681840.0
2023-11-20,NER,NE India,Assam,26.2,92.93,1190.0,45830.0,12580.0
2023-11-20,NR,North India,Rajasthan,26.91,74.22,93700.0,1073000.0,625760.0
2023-11-20,SR,South India,Tamil Nadu,11.12,78.66,110200.0,1083480.0,629120.0
2023-11-20,WR,West India,Gujarat,23.02,72.57,53550.0,1438800.0,1464000.0
2023-11-21,ER,East India,Odisha,20.95,85.09,2450.0,417060.0,680100.0
2023-11-21,NER,NE India,Assam,26.2,92.93,770.0,48260.0,13883.0
2023-11-21,NR,North India,Rajasthan,26.91,74.22,93430.0,1081000.0,661950.0
2023-11-21,SR,South India,Tamil Nadu,11.12,78.66,88790.0,1094170.0,649420.0
2023-11-21,WR,West India,Gujarat,23.02,72.57,54680.0,1470000.0,1504330.0
2023-11-22,ER,East India,Odisha,20.95,85.09,2550.0,418170.0,680660.0
2023-11-22,NER,NE India,Assam,26.2,92.93,980.0,47450.0,14170.0
2023-11-22,NR,North India,Rajasthan,26.91,74.22,103970.0,1092000.0,691170.0
2023-11-22,SR,South India,Tamil Nadu,11.12,78.66,79320.0,1076760.0,650130.0
2023-11-22,WR,West India,Gujarat,23.02,72.57,56770.0,1465900.0,1527540.0
2023-11-23,ER,East India,Odisha,20.95,85.09,2310.0,417310.0,685180.0
2023-11-23,NER,NE India,Assam,26.2,92.93,1140.0,47990.0,13880.0
2023-11-23,NR,North India,Rajasthan,26.91,74.22,104110.0,1083000.0,680990.0
2023-11-23,SR,South India,Tamil Nadu,11.12,78.66,71420.0,1054070.0,646980.0
2023-11-23,WR,West India,Gujarat,23.02,72.57,55860.0,1480200.0,1537990.0
2023-11-24,ER,East India,Odisha,20.95,85.09,2130.0,417530.0,679600.0
2023-11-24,NER,NE India,Assam,26.2,92.93,1200.0,47940.0,12970.0
2023-11-24,NR,North India,Rajasthan,26.91,74.22,105040.0,1092000.0,652910.0
2023-11-24,SR,South India,Tamil Nadu,11.12,78.66,70760.0,1047109.9999999999,631810.0
2023-11-24,WR,West India,Gujarat,23.02,72.57,53730.0,1473600.0,1491510.0
2023-11-25,ER,East India,Odisha,20.95,85.09,5080.0,410740.0,646620.0
2023-11-25,NER,NE India,Assam,26.2,92.93,1200.0,47620.0,12420.0
2023-11-25,NR,North India,Rajasthan,26.91,74.22,84500.0,1062000.0,635920.0
2023-11-25,SR,South India,Tamil Nadu,11.12,78.66,82510.0,1026430.0000000001,604600.0
2023-11-25,WR,West India,Gujarat,23.02,72.57,49930.0,1475000.0,1491200.0
2023-11-26,ER,East India,Odisha,20.95,85.09,5240.0,405380.0,614850.0
2023-11-26,NER,NE India,Assam,26.2,92.93,1120.0,45490.0,10120.0
2023-11-26,NR,North India,Rajasthan,26.91,74.22,29450.0,1019000.0,606490.0
2023-11-26,SR,South India,Tamil Nadu,11.12,78.66,93790.0,960680.0,537660.0
2023-11-26,WR,West India,Gujarat,23.02,72.57,27470.0,1332300.0,1408630.0
2023-11-27,ER,East India,Odisha,20.95,85.09,2310.0,404850.0,635190.0
2023-11-27,NER,NE India,Assam,26.2,92.93,1170.0,45940.0,10840.0
2023-11-27,NR,North India,Rajasthan,26.91,74.22,44130.0,999000.0,574260.0
2023-11-27,SR,South India,Tamil Nadu,11.12,78.66,80000.0,1019130.0,560140.0
2023-11-27,WR,West India,Gujarat,23.02,72.57,31480.0,1173600.0,1356660.0
2023-11-28,ER,East India,Odisha,20.95,85.09,2520.0,416230.0,641900.0
2023-11-28,NER,NE India,Assam,26.2,92.93,1140.0,47310.0,11290.0
2023-11-28,NR,North India,Rajasthan,26.91,74.22,71770.0,1016000.0,570630.0
2023-11-28,SR,South India,Tamil Nadu,11.12,78.66,91960.0,1044910.0000000001,580810.0
2023-11-28,WR,West India,Gujarat,23.02,72.57,41600.0,1205800.0,1383430.0
2023-11-29,ER,East India,Odisha,20.95,85.09,2870.0,431920.0,648850.0
2023-11-29,NER,NE India,Assam,26.2,92.93,860.0,47330.0,14370.0
2023-11-29,NR,North India,Rajasthan,26.91,74.22,79310.0,1049000.0,600210.0
2023-11-29,SR,South India,Tamil Nadu,11.12,78.66,94440.0,1046490.0,599080.0
2023-11-29,WR,West India,Gujarat,23.02,72.57,46710.0,1197700.0,1370430.0
2023-11-30,ER,East India,Odisha,20.95,85.09,2910.0,429730.0,629920.0
2023-11-30,NER,NE India,Assam,26.2,92.93,1160.0,47020.0,12070.0
2023-11-30,NR,North India,Rajasthan,26.91,74.22,90640.0,1019000.0,577860.0
2023-11-30,SR,South India,Tamil Nadu,11.12,78.66,96040.0,1020300.0,581370.0
2023-11-30,WR,West India,Gujarat,23.02,72.57,47240.0,1189800.0,1332930.0
2023-12-01,ER,East India,Odisha,20.95,85.09,2080.0,419800.0,635890.0
2023-12-01,NER,NE India,Assam,26.2,92.93,1150.0,48020.0,12420.0
2023-12-01,NR,North India,Rajasthan,26.91,74.22,86230.0,1045000.0,605760.0
2023-12-01,SR,South India,Tamil Nadu,11.12,78.66,94490.0,1050370.0,594230.0
2023-12-01,WR,West India,Gujarat,23.02,72.57,41189.0,1197900.0,1299640.0
2023-12-02,ER,East India,Odisha,20.95,85.09,2230.0,415790.0,627490.0
2023-12-02,NER,NE India,Assam,26.2,92.93,1000.0,47580.0,12450.0
2023-12-02,NR,North India,Rajasthan,26.91,74.22,102040.0,1045000.0,594670.0
2023-12-02,SR,South India,Tamil Nadu,11.12,78.66,99340.0,1037520.0,556900.0
2023-12-02,WR,West India,Gujarat,23.02,72.57,44931.0,1204100.0,1288070.0
2023-12-03,ER,East India,Odisha,20.95,85.09,4630.0,402750.0,586350.0
2023-12-03,NER,NE India,Assam,26.2,92.93,1040.0,45700.0,11070.0
2023-12-03,NR,North India,Rajasthan,26.91,74.22,108780.0,1002000.0,556340.0
2023-12-03,SR,South India,Tamil Nadu,11.12,78.66,79870.0,949190.0,512559.99999999994
2023-12-03,WR,West India,Gujarat,23.02,72.57,47470.0,1206500.0,1286430.0
2023-12-04,ER,East India,Odisha,20.95,85.09,4480.0,407260.0,597960.0
2023-12-04,NER,NE India,Assam,26.2,92.93,1050.0,46850.0,12080.0
2023-12-04,NR,North India,Rajasthan,26.91,74.22,109050.0,1014000.0,568130.0
2023-12-04,SR,South India,Tamil Nadu,11.12,78.66,60320.0,925120.0,545720.0
2023-12-04,WR,West India,Gujarat,23.02,72.57,46910.0,1236400.0,1287200.0
2023-12-05,ER,East India,Odisha,20.95,85.09,3430.0,408370.0,610810.0
2023-12-05,NER,NE India,Assam,26.2,92.93,630.0,47860.0,11910.0
2023-12-05,NR,North India,Rajasthan,26.91,74.22,111230.0,1044000.0,578960.0
2023-12-05,SR,South India,Tamil Nadu,11.12,78.66,67460.0,903240.0,525100.0
2023-12-05,WR,West India,Gujarat,23.02,72.57,44450.0,1243500.0,1299220.0
2023-12-06,ER,East India,Odisha,20.95,85.09,600.0,394920.0,611190.0
2023-12-06,NER,NE India,Assam,26.2,92.93,850.0,48030.0,12690.0
2023-12-06,NR,North India,Rajasthan,26.91,74.22,107650.0,1063000.0,586060.0
2023-12-06,SR,South India,Tamil Nadu,11.12,78.66,76780.0,961640.0,588640.0
2023-12-06,WR,West India,Gujarat,23.02,72.57,45720.0,1243600.0,1323350.0
2023-12-07,ER,East India,Odisha,20.95,85.09,1100.0,387170.0,625740.0
2023-12-07,NER,NE India,Assam,26.2,92.93,310.0,46930.0,12870.0
2023-12-07,NR,North India,Rajasthan,26.91,74.22,109180.0,1061000.0,607790.0
2023-12-07,SR,South India,Tamil Nadu,11.12,78.66,86380.0,1023320.0,601140.0
2023-12-07,WR,West India,Gujarat,23.02,72.57,44470.0,1247100.0,1378360.0
2023-12-08,ER,East India,Odisha,20.95,85.09,1710.0,401060.0,634830.0
2023-12-08,NER,NE India,Assam,26.2,92.93,360.0,46020.0,13140.0
2023-12-08,NR,North India,Rajasthan,26.91,74.22,112310.0,1080000.0,629950.0
2023-12-08,SR,South India,Tamil Nadu,11.12,78.66,81570.0,1029410.0000000001,617040.0
2023-12-08,WR,West India,Gujarat,23.02,72.57,54630.0,1265200.0,1410600.0
2023-12-09,ER,East India,Odisha,20.95,85.09,2150.0,393170.0,633840.0
2023-12-09,NER,NE India,Assam,26.2,92.93,680.0,46730.0,12630.0
2023-12-09,NR,North India,Rajasthan,26.91,74.22,113410.0,1075000.0,624380.0
2023-12-09,SR,South India,Tamil Nadu,11.12,78.66,83300.0,1012070.0,589220.0
2023-12-09,WR,West India,Gujarat,23.02,72.57,60140.0,1282700.0,1422300.0
2023-12-10,ER,East India,Odisha,20.95,85.09,2250.0,383440.0,585940.0
2023-12-10,NER,NE India,Assam,26.2,92.93,800.0,45660.0,11560.0
2023-12-10,NR,North India,Rajasthan,26.91,74.22,111660.0,1042000.0,611230.0
2023-12-10,SR,South India,Tamil Nadu,11.12,78.66,98240.0,959410.0,549640.0
2023-12-10,WR,West India,Gujarat,23.02,72.57,62690.0,1275600.0,1392560.0
2023-12-11,ER,East India,Odisha,20.95,85.09,5680.0,395090.0,598780.0
2023-12-11,NER,NE India,Assam,26.2,92.93,1010.0,46810.0,12990.0
2023-12-11,NR,North India,Rajasthan,26.91,74.22,116030.0,1084000.0,643810.0
2023-12-11,SR,South India,Tamil Nadu,11.12,78.66,98930.0,1030180.0000000001,589600.0
2023-12-11,WR,West India,Gujarat,23.02,72.57,62260.0,1326600.0,1467090.0
2023-12-12,ER,East India,Odisha,20.95,85.09,5580.0,414460.0,619900.0
2023-12-12,NER,NE India,Assam,26.2,92.93,230.0,45980.0,11000.0
2023-12-12,NR,North India,Rajasthan,26.91,74.22,106960.0,1096000.0,660670.0
2023-12-12,SR,South India,Tamil Nadu,11.12,78.66,109000.0,1053100.0,600130.0
2023-12-12,WR,West India,Gujarat,23.02,72.57,60040.0,1357000.0,1513470.0
2023-12-13,ER,East India,Odisha,20.95,85.09,2880.0,412880.0,609220.0
2023-12-13,NER,NE India,Assam,26.2,92.93,930.0,46350.0,8820.0
2023-12-13,NR,North India,Rajasthan,26.91,74.22,110010.0,1117000.0,665440.0
2023-12-13,SR,South India,Tamil Nadu,11.12,78.66,108000.0,1064220.0,615170.0
2023-12-13,WR,West India,Gujarat,23.02,72.57,60790.0,1380100.0,1520360.0
2023-12-14,ER,East India,Odisha,20.95,85.09,3070.0,413940.0,606540.0
2023-12-14,NER,NE India,Assam,26.2,92.93,760.0,46590.0,8720.0
2023-12-14,NR,North India,Rajasthan,26.91,74.22,112280.0,1129000.0,700610.0
2023-12-14,SR,South India,Tamil Nadu,11.12,78.66,111440.0,1070480.0,598310.0
2023-12-14,WR,West India,Gujarat,23.02,72.57,61780.0,1393800.0,1514290.0
2023-12-15,ER,East India,Odisha,20.95,85.09,2710.0,406200.0,641290.0
2023-12-15,NER,NE India,Assam,26.2,92.93,930.0,46660.0,10000.0
2023-12-15,NR,North India,Rajasthan,26.91,74.22,108870.0,1151000.0,731770.0
2023-12-15,SR,South India,Tamil Nadu,11.12,78.66,81530.0,1073460.0,622360.0
2023-12-15,WR,West India,Gujarat,23.02,72.57,56310.0,1394800.0,1535960.0
2023-12-16,ER,East India,Odisha,20.95,85.09,2650.0,402270.0,591200.0
2023-12-16,NER,NE India,Assam,26.2,92.93,1030.0,47140.0,15170.0
2023-12-16,NR,North India,Rajasthan,26.91,74.22,108390.0,1144000.0,729870.0
2023-12-16,SR,South India,Tamil Nadu,11.12,78.66,56230.0,1046819.9999999999,639830.0
2023-12-16,WR,West India,Gujarat,23.02,72.57,52710.0,1403800.0,1543979.0
2023-12-17,ER,East India,Odisha,20.95,85.09,2600.0,390090.0,571400.0
2023-12-17,NER,NE India,Assam,26.2,92.93,1160.0,45490.0,13170.0
2023-12-17,NR,North India,Rajasthan,26.91,74.22,110020.0,1124000.0,680680.0
2023-12-17,SR,South India,Tamil Nadu,11.12,78.66,58240.0,984570.0,587910.0
2023-12-17,WR,West India,Gujarat,23.02,72.57,56680.0,1362900.0,1458270.0
2023-12-18,ER,East India,Odisha,20.95,85.09,2710.0,400360.0,602110.0
2023-12-18,NER,NE India,Assam,26.2,92.93,1210.0,46850.0,14430.0
2023-12-18,NR,North India,Rajasthan,26.91,74.22,109850.0,1159000.0,673790.0
2023-12-18,SR,South India,Tamil Nadu,11.12,78.66,67460.0,1019640.0,574290.0
2023-12-18,WR,West India,Gujarat,23.02,72.57,56580.0,1394100.0,1436870.0
2023-12-19,ER,East India,Odisha,20.95,85.09,5670.0,420510.0,619500.0
2023-12-19,NER,NE India,Assam,26.2,92.93,1190.0,47170.0,14510.0
2023-12-19,NR,North India,Rajasthan,26.91,74.22,104680.0,1178000.0,689890.0
2023-12-19,SR,South India,Tamil Nadu,11.12,78.66,86720.0,1050150.0,583630.0
2023-12-19,WR,West India,Gujarat,23.02,72.57,59290.0,1411900.0,1487560.0
2023-12-20,ER,East India,Odisha,20.95,85.09,5550.0,421930.0,634650.0
2023-12-20,NER,NE India,Assam,26.2,92.93,1170.0,47700.0,15470.0
2023-12-20,NR,North India,Rajasthan,26.91,74.22,105290.0,1185000.0,701500.0
2023-12-20,SR,South India,Tamil Nadu,11.12,78.66,89000.0,1073160.0,595960.0
2023-12-20,WR,West India,Gujarat,23.02,72.57,56630.0,1411000.0,1531960.0
2023-12-21,ER,East India,Odisha,20.95,85.09,2910.0,417600.0,623660.0
2023-12-21,NER,NE India,Assam,26.2,92.93,1220.0,46150.0,15960.0
2023-12-21,NR,North India,Rajasthan,26.91,74.22,114250.0,1182000.0,713850.0
2023-12-21,SR,South India,Tamil Nadu,11.12,78.66,88400.0,1074810.0,601680.0
2023-12-21,WR,West India,Gujarat,23.02,72.57,52730.0,1431200.0,1564530.0
2023-12-22,ER,East India,Odisha,20.95,85.09,3090.0,414150.0,628480.0
2023-12-22,NER,NE India,Assam,26.2,92.93,1190.0,47140.0,15960.0
2023-12-22,NR,North India,Rajasthan,26.91,74.22,98920.0,1185000.0,727930.0
2023-12-22,SR,South India,Tamil Nadu,11.12,78.66,102060.0,1087050.0,615950.0
2023-12-22,WR,West India,Gujarat,23.02,72.57,48180.0,1454000.0,1616360.0
2023-12-23,ER,East India,Odisha,20.95,85.09,1850.0,414920.0,606190.0
2023-12-23,NER,NE India,Assam,26.2,92.93,740.0,47610.0,15680.0
2023-12-23,NR,North India,Rajasthan,26.91,74.22,109390.0,1162000.0,718320.0
2023-12-23,SR,South India,Tamil Nadu,11.12,78.66,113380.0,1079290.0,591540.0
2023-12-23,WR,West India,Gujarat,23.02,72.57,59820.0,1440800.0,1583400.0
2023-12-24,ER,East India,Odisha,20.95,85.09,2330.0,417550.0,594290.0
2023-12-24,NER,NE India,Assam,26.2,92.93,930.0,45980.0,15090.0
2023-12-24,NR,North India,Rajasthan,26.91,74.22,93010.0,1127000.0,676350.0
2023-12-24,SR,South India,Tamil Nadu,11.12,78.66,107370.0,1018400.0,583410.0
2023-12-24,WR,West India,Gujarat,23.02,72.57,60320.0,1408700.0,1500370.0
2023-12-25,ER,East India,Odisha,20.95,85.09,2300.0,410970.0,599420.0
2023-12-25,NER,NE India,Assam,26.2,92.93,1100.0,45970.0,15750.0
2023-12-25,NR,North India,Rajasthan,26.91,74.22,98480.0,1145000.0,686710.0
2023-12-25,SR,South India,Tamil Nadu,11.12,78.66,112060.0,1046210.0,601730.0
2023-12-25,WR,West India,Gujarat,23.02,72.57,57228.0,1420000.0,1530980.0
2023-12-26,ER,East India,Odisha,20.95,85.09,2320.0,426010.0,625580.0
2023-12-26,NER,NE India,Assam,26.2,92.93,1110.0,46770.0,15800.0
2023-12-26,NR,North India,Rajasthan,26.91,74.22,98170.0,1152000.0,713660.0
2023-12-26,SR,South India,Tamil Nadu,11.12,78.66,116990.0,1091720.0,620930.0
2023-12-26,WR,West India,Gujarat,23.02,72.57,59910.0,1444700.0,1588590.0
2023-12-27,ER,East India,Odisha,20.95,85.09,5250.0,436670.0,628550.0
2023-12-27,NER,NE India,Assam,26.2,92.93,1130.0,47240.0,15520.0
2023-12-27,NR,North India,Rajasthan,26.91,74.22,99370.0,1160000.0,705520.0
2023-12-27,SR,South India,Tamil Nadu,11.12,78.66,120230.0,1110410.0,611150.0
2023-12-27,WR,West India,Gujarat,23.02,72.57,58370.0,1448300.0,1585190.0
2023-12-28,ER,East India,Odisha,20.95,85.09,5380.0,437490.0,607940.0
2023-12-28,NER,NE India,Assam,26.2,92.93,1070.0,47050.0,15930.0
2023-12-28,NR,North India,Rajasthan,26.91,74.22,108910.0,1167000.0,738030.0
2023-12-28,SR,South India,Tamil Nadu,11.12,78.66,107720.0,1121960.0,613130.0
2023-12-28,WR,West India,Gujarat,23.02,72.57,54710.0,1456100.0,1591210.0
2023-12-29,ER,East India,Odisha,20.95,85.09,3310.0,438080.0,604590.0
2023-12-29,NER,NE India,Assam,26.2,92.93,1150.0,46990.0,16460.0
2023-12-29,NR,North India,Rajasthan,26.91,74.22,104060.0,1182000.0,737690.0
2023-12-29,SR,South India,Tamil Nadu,11.12,78.66,104640.0,1128880.0,638700.0
2023-12-29,WR,West India,Gujarat,23.02,72.57,54180.0,1462300.0,1611170.0
2023-12-30,ER,East India,Odisha,20.95,85.09,3090.0,429930.0,617230.0
2023-12-30,NER,NE India,Assam,26.2,92.93,1150.0,47320.0,16219.999999999998
2023-12-30,NR,North India,Rajasthan,26.91,74.22,88630.0,1179000.0,739470.0
2023-12-30,SR,South India,Tamil Nadu,11.12,78.66,109120.0,1119340.0,647640.0
2023-12-30,WR,West India,Gujarat,23.02,72.57,53160.0,1455200.0,1607980.0
2023-12-31,ER,East India,Odisha,20.95,85.09,2350.0,427180.0,611850.0
2023-12-31,NER,NE India,Assam,26.2,92.93,1150.0,46400.0,14880.0
2023-12-31,NR,North India,Rajasthan,26.91,74.22,95780.0,1153000.0,680270.0
2023-12-31,SR,South India,Tamil Nadu,11.12,78.66,118390.0,1066250.0,613560.0
2023-12-31,WR,West India,Gujarat,23.02,72.57,55140.0,1408800.0,1555910.0
2024-01-01,ER,East India,Odisha,20.95,85.09,2120.0,410380.0,618850.0
2024-01-01,NER,NE India,Assam,26.2,92.93,1170.0,44140.0,14880.0
2024-01-01,NR,North India,Rajasthan,26.91,74.22,83500.0,1178000.0,691930.0
2024-01-01,SR,South India,Tamil Nadu,11.12,78.66,112870.0,1077100.0,623290.0
2024-01-01,WR,West India,Gujarat,23.02,72.57,51710.0,1391500.0,1568260.0
2024-01-02,ER,East India,Odisha,20.95,85.09,2460.0,408930.0,636780.0
2024-01-02,NER,NE India,Assam,26.2,92.93,1070.0,46080.0,15880.0
2024-01-02,NR,North India,Rajasthan,26.91,74.22,89640.0,1186000.0,720740.0
2024-01-02,SR,South India,Tamil Nadu,11.12,78.66,100150.0,1121260.0,638040.0
2024-01-02,WR,West India,Gujarat,23.02,72.57,47660.0,1399400.0,1608430.0
2024-01-03,ER,East India,Odisha,20.95,85.09,2560.0,413720.0,636540.0
2024-01-03,NER,NE India,Assam,26.2,92.93,1110.0,47130.0,16350.000000000002
2024-01-03,NR,North India,Rajasthan,26.91,74.22,96700.0,1214000.0,726610.0
2024-01-03,SR,South India,Tamil Nadu,11.12,78.66,93580.0,1142740.0,681980.0
2024-01-03,WR,West India,Gujarat,23.02,72.57,50430.0,1421000.0,1622670.0
2024-01-04,ER,East India,Odisha,20.95,85.09,5290.0,421700.0,636110.0
2024-01-04,NER,NE India,Assam,26.2,92.93,1140.0,48230.0,11500.0
2024-01-04,NR,North India,Rajasthan,26.91,74.22,84530.0,1209000.0,725260.0
2024-01-04,SR,South India,Tamil Nadu,11.12,78.66,77920.0,1128440.0,686390.0
2024-01-04,WR,West India,Gujarat,23.02,72.57,50280.0,1440800.0,1622430.0
2024-01-05,ER,East India,Odisha,20.95,85.09,4760.0,427840.0,642410.0
2024-01-05,NER,NE India,Assam,26.2,92.93,1160.0,46550.0,15080.0
2024-01-05,NR,North India,Rajasthan,26.91,74.22,95520.0,1240000.0,727200.0
2024-01-05,SR,South India,Tamil Nadu,11.12,78.66,86710.0,1121850.0,686630.0
2024-01-05,WR,West India,Gujarat,23.02,72.57,48680.0,1426500.0,1637370.0
2024-01-06,ER,East India,Odisha,20.95,85.09,5120.0,420450.0,618230.0
2024-01-06,NER,NE India,Assam,26.2,92.93,1100.0,47090.0,15420.0
2024-01-06,NR,North India,Rajasthan,26.91,74.22,95460.0,1249000.0,715830.0
2024-01-06,SR,South India,Tamil Nadu,11.12,78.66,94730.0,1110570.0,675230.0
2024-01-06,WR,West India,Gujarat,23.02,72.57,51730.0,1410000.0,1603820.0
2024-01-07,ER,East India,Odisha,20.95,85.09,5350.0,414260.0,576290.0
2024-01-07,NER,NE India,Assam,26.2,92.93,1150.0,45740.0,14860.0
2024-01-07,NR,North India,Rajasthan,26.91,74.22,75610.0,1206000.0,682020.0
2024-01-07,SR,South India,Tamil Nadu,11.12,78.66,92770.0,1033490.0,630800.0
2024-01-07,WR,West India,Gujarat,23.02,72.57,51500.0,1381000.0,1568720.0
2024-01-08,ER,East India,Odisha,20.95,85.09,2270.0,423100.0,601540.0
2024-01-08,NER,NE India,Assam,26.2,92.93,1120.0,47150.0,15550.0
2024-01-08,NR,North India,Rajasthan,26.91,74.22,69110.0,1236000.0,725540.0
2024-01-08,SR,South India,Tamil Nadu,11.12,78.66,60530.0,1061620.0,654380.0
2024-01-08,WR,West India,Gujarat,23.02,72.57,52380.0,1409800.0,1612670.0
2024-01-09,ER,East India,Odisha,20.95,85.09,4900.0,429480.0,600420.0
2024-01-09,NER,NE India,Assam,26.2,92.93,910.0,47720.0,15440.0
2024-01-09,NR,North India,Rajasthan,26.91,74.22,79780.0,1248000.0,739770.0
2024-01-09,SR,South India,Tamil Nadu,11.12,78.66,60200.0,1068720.0,626870.0
2024-01-09,WR,West India,Gujarat,23.02,72.57,44030.0,1431800.0,1609820.0
2024-01-10,ER,East India,Odisha,20.95,85.09,2380.0,433630.0,607070.0
2024-01-10,NER,NE India,Assam,26.2,92.93,990.0,49140.0,15370.0
2024-01-10,NR,North India,Rajasthan,26.91,74.22,102530.0,1274000.0,760900.0
2024-01-10,SR,South India,Tamil Nadu,11.12,78.66,81890.0,1086010.0,633840.0
2024-01-10,WR,West India,Gujarat,23.02,72.57,46470.0,1428000.0,1622220.0
2024-01-11,ER,East India,Odisha,20.95,85.09,2260.0,440590.0,622270.0
2024-01-11,NER,NE India,Assam,26.2,92.93,820.0,48960.0,15480.0
2024-01-11,NR,North India,Rajasthan,26.91,74.22,125690.0,1280000.0,744760.0
2024-01-11,SR,South India,Tamil Nadu,11.12,78.66,112600.0,1107290.0,641730.0
2024-01-11,WR,West India,Gujarat,23.02,72.57,58400.0,1446400.0,1643530.0
2024-01-12,ER,East India,Odisha,20.95,85.09,5530.0,446010.0,646370.0
2024-01-12,NER,NE India,Assam,26.2,92.93,730.0,46770.0,15810.0
2024-01-12,NR,North India,Rajasthan,26.91,74.22,122540.0,1299000.0,769890.0
2024-01-12,SR,South India,Tamil Nadu,11.12,78.66,115310.0,1126240.0,648500.0
2024-01-12,WR,West India,Gujarat,23.02,72.57,64370.00000000001,1470000.0,1657000.0
2024-01-13,ER,East India,Odisha,20.95,85.09,4750.0,438340.0,657030.0
2024-01-13,NER,NE India,Assam,26.2,92.93,760.0,46470.0,16140.0
2024-01-13,NR,North India,Rajasthan,26.91,74.22,104470.0,1269000.0,782660.0
2024-01-13,SR,South India,Tamil Nadu,11.12,78.66,110640.0,1124700.0,690130.0
2024-01-13,WR,West India,Gujarat,23.02,72.57,65720.0,1478200.0,1667390.0
2024-01-14,ER,East India,Odisha,20.95,85.09,5290.0,442170.0,658570.0
2024-01-14,NER,NE India,Assam,26.2,92.93,1050.0,46870.0,16850.0
2024-01-14,NR,North India,Rajasthan,26.91,74.22,105700.0,1229000.0,739030.0
2024-01-14,SR,South India,Tamil Nadu,11.12,78.66,111390.0,1073610.0,664780.0
2024-01-14,WR,West India,Gujarat,23.02,72.57,67940.0,1365200.0,1542250.0
2024-01-15,ER,East India,Odisha,20.95,85.09,5120.0,449550.0,649560.0
2024-01-15,NER,NE India,Assam,26.2,92.93,1100.0,43910.0,10840.0
2024-01-15,NR,North India,Rajasthan,26.91,74.22,115890.0,1267000.0,746670.0
2024-01-15,SR,South India,Tamil Nadu,11.12,78.66,113280.0,1029109.9999999999,673160.0
2024-01-15,WR,West India,Gujarat,23.02,72.57,65110.0,1408400.0,1575200.0
2024-01-16,ER,East India,Odisha,20.95,85.09,3079.0,447000.0,644370.0
2024-01-16,NER,NE India,Assam,26.2,92.93,840.0,45130.0,10550.0
2024-01-16,NR,North India,Rajasthan,26.91,74.22,110370.0,1281000.0,756580.0
2024-01-16,SR,South India,Tamil Nadu,11.12,78.66,111990.0,1041050.0,700950.0
2024-01-16,WR,West India,Gujarat,23.02,72.57,67980.0,1466800.0,1624420.0
2024-01-17,ER,East India,Odisha,20.95,85.09,4520.0,448420.0,642250.0
2024-01-17,NER,NE India,Assam,26.2,92.93,560.0,47190.0,10730.0
2024-01-17,NR,North India,Rajasthan,26.91,74.22,90240.0,1295000.0,795420.0
2024-01-17,SR,South India,Tamil Nadu,11.12,78.66,114970.0,1081500.0,703390.0
2024-01-17,WR,West India,Gujarat,23.02,72.57,59520.0,1484500.0,1633580.0
2024-01-18,ER,East India,Odisha,20.95,85.09,1700.0,441590.0,670980.0
2024-01-18,NER,NE India,Assam,26.2,92.93,720.0,47710.0,10820.0
2024-01-18,NR,North India,Rajasthan,26.91,74.22,94550.0,1303000.0,795890.0
2024-01-18,SR,South India,Tamil Nadu,11.12,78.66,103940.0,1138580.0,714040.0
2024-01-18,WR,West India,Gujarat,23.02,72.57,60470.0,1481900.0,1619400.0
2024-01-19,ER,East India,Odisha,20.95,85.09,2070.0,454150.0,687560.0
2024-01-19,NER,NE India,Assam,26.2,92.93,1020.0,47980.0,10990.0
2024-01-19,NR,North India,Rajasthan,26.91,74.22,112390.0,1321000.0,815870.0
2024-01-19,SR,South India,Tamil Nadu,11.12,78.66,106030.0,1171080.0,716450.0
2024-01-19,WR,West India,Gujarat,23.02,72.57,62110.0,1483300.0,1594710.0
2024-01-20,ER,East India,Odisha,20.95,85.09,4660.0,448920.0,683950.0
2024-01-20,NER,NE India,Assam,26.2,92.93,1150.0,48030.0,10820.0
2024-01-20,NR,North India,Rajasthan,26.91,74.22,110280.0,1321000.0,805470.0
2024-01-20,SR,South India,Tamil Nadu,11.12,78.66,98220.0,1157750.0,712700.0
2024-01-20,WR,West India,Gujarat,23.02,72.57,61450.0,1485600.0,1610560.0
2024-01-21,ER,East India,Odisha,20.95,85.09,4670.0,442300.0,683610.0
2024-01-21,NER,NE India,Assam,26.2,92.93,900.0,46730.0,10860.0
2024-01-21,NR,North India,Rajasthan,26.91,74.22,94720.0,1283000.0,785210.0
2024-01-21,SR,South India,Tamil Nadu,11.12,78.66,112360.0,1117490.0,690880.0
2024-01-21,WR,West India,Gujarat,23.02,72.57,65090.0,1443400.0,1573120.0
2024-01-22,ER,East India,Odisha,20.95,85.09,4260.0,444630.0,665740.0
2024-01-22,NER,NE India,Assam,26.2,92.93,1040.0,48360.0,10920.0
2024-01-22,NR,North India,Rajasthan,26.91,74.22,106420.0,1312000.0,794680.0
2024-01-22,SR,South India,Tamil Nadu,11.12,78.66,116410.0,1177540.0,696690.0
2024-01-22,WR,West India,Gujarat,23.02,72.57,65110.0,1431000.0,1604870.0
2024-01-23,ER,East India,Odisha,20.95,85.09,4680.0,443470.0,668210.0
2024-01-23,NER,NE India,Assam,26.2,92.93,1050.0,48140.0,11440.0
2024-01-23,NR,North India,Rajasthan,26.91,74.22,92860.0,1290000.0,786440.0
2024-01-23,SR,South India,Tamil Nadu,11.12,78.66,119510.0,1187320.0,715630.0
2024-01-23,WR,West India,Gujarat,23.02,72.57,62900.0,1472500.0,1638010.0
2024-01-24,ER,East India,Odisha,20.95,85.09,1620.0,444940.0,678120.0
2024-01-24,NER,NE India,Assam,26.2,92.93,930.0,47620.0,11610.0
2024-01-24,NR,North India,Rajasthan,26.91,74.22,100450.0,1293000.0,788180.0
2024-01-24,SR,South India,Tamil Nadu,11.12,78.66,116100.0,1190200.0,737110.0
2024-01-24,WR,West India,Gujarat,23.02,72.57,66980.0,1475400.0,1637410.0
2024-01-25,ER,East India,Odisha,20.95,85.09,2050.0,443150.0,667160.0
2024-01-25,NER,NE India,Assam,26.2,92.93,940.0,47580.0,11610.0
2024-01-25,NR,North India,Rajasthan,26.91,74.22,107470.0,1309000.0,785310.0
2024-01-25,SR,South India,Tamil Nadu,11.12,78.66,116850.0,1206940.0,746460.0
2024-01-25,WR,West India,Gujarat,23.02,72.57,69080.0,1476100.0,1624660.0
2024-01-26,ER,East India,Odisha,20.95,85.09,2610.0,441430.0,648670.0
2024-01-26,NER,NE India,Assam,26.2,92.93,910.0,47560.0,9850.0
2024-01-26,NR,North India,Rajasthan,26.91,74.22,96980.0,1276000.0,748920.0
2024-01-26,SR,South India,Tamil Nadu,11.12,78.66,123660.0,1128470.0,684370.0
2024-01-26,WR,West India,Gujarat,23.02,72.57,67030.0,1397700.0,1546570.0
2024-01-27,ER,East India,Odisha,20.95,85.09,2660.0,451250.0,650290.0
2024-01-27,NER,NE India,Assam,26.2,92.93,930.0,47940.0,10570.0
2024-01-27,NR,North India,Rajasthan,26.91,74.22,92620.0,1249000.0,741290.0
2024-01-27,SR,South India,Tamil Nadu,11.12,78.66,118580.0,1159340.0,713190.0
2024-01-27,WR,West India,Gujarat,23.02,72.57,65050.0,1448600.0,1586470.0
2024-01-28,ER,East India,Odisha,20.95,85.09,5230.0,446660.0,660370.0
2024-01-28,NER,NE India,Assam,26.2,92.93,1070.0,47540.0,10670.0
2024-01-28,NR,North India,Rajasthan,26.91,74.22,83510.0,1245000.0,746810.0
2024-01-28,SR,South India,Tamil Nadu,11.12,78.66,121810.0,1124320.0,705510.0
2024-01-28,WR,West India,Gujarat,23.02,72.57,65519.99999999999,1464900.0,1621600.0
2024-01-29,ER,East India,Odisha,20.95,85.09,6060.0,460850.0,661530.0
2024-01-29,NER,NE India,Assam,26.2,92.93,1050.0,48750.0,10610.0
2024-01-29,NR,North India,Rajasthan,26.91,74.22,103700.0,1251000.0,758730.0
2024-01-29,SR,South India,Tamil Nadu,11.12,78.66,119470.0,1179860.0,742060.0
2024-01-29,WR,West India,Gujarat,23.02,72.57,62890.0,1500100.0,1633450.0
2024-01-30,ER,East India,Odisha,20.95,85.09,5310.0,462250.0,639950.0
2024-01-30,NER,NE India,Assam,26.2,92.93,1050.0,48350.0,10670.0
2024-01-30,NR,North India,Rajasthan,26.91,74.22,66450.0,1246000.0,775600.0
2024-01-30,SR,South India,Tamil Nadu,11.12,78.66,129009.99999999999,1196960.0,766280.0
2024-01-30,WR,West India,Gujarat,23.02,72.57,60850.0,1506200.0,1664320.0
2024-01-31,ER,East India,Odisha,20.95,85.09,5140.0,451680.0,661030.0
2024-01-31,NER,NE India,Assam,26.2,92.93,790.0,48550.0,10720.0
2024-01-31,NR,North India,Rajasthan,26.91,74.22,107130.0,1201000.0,740030.0
2024-01-31,SR,South India,Tamil Nadu,11.12,78.66,126830.0,1219050.0,753750.0
2024-01-31,WR,West India,Gujarat,23.02,72.57,56300.0,1500400.0,1639300.0
2024-02-01,ER,East India,Odisha,20.95,85.09,2460.0,439600.0,655770.0
2024-02-01,NER,NE India,Assam,26.2,92.93,760.0,48790.0,10480.0
2024-02-01,NR,North India,Rajasthan,26.91,74.22,122760.0,1113000.0,702310.0
2024-02-01,SR,South India,Tamil Nadu,11.12,78.66,116170.0,1230310.0,724960.0
2024-02-01,WR,West India,Gujarat,23.02,72.57,64980.00000000001,1488100.0,1628600.0
2024-02-02,ER,East India,Odisha,20.95,85.09,2280.0,441990.0,670930.0
2024-02-02,NER,NE India,Assam,26.2,92.93,640.0,47640.0,10560.0
2024-02-02,NR,North India,Rajasthan,26.91,74.22,108620.0,1188000.0,733080.0
2024-02-02,SR,South India,Tamil Nadu,11.12,78.66,117810.0,1245670.0,740570.0
2024-02-02,WR,West India,Gujarat,23.02,72.57,65930.0,1497200.0,1677280.0
2024-02-03,ER,East India,Odisha,20.95,85.09,2850.0,440210.0,689520.0
2024-02-03,NER,NE India,Assam,26.2,92.93,660.0,46230.0,10720.0
2024-02-03,NR,North India,Rajasthan,26.91,74.22,68360.0,1183000.0,721430.0
2024-02-03,SR,South India,Tamil Nadu,11.12,78.66,112480.0,1231090.0,730540.0
2024-02-03,WR,West India,Gujarat,23.02,72.57,64790.00000000001,1490700.0,1658570.0
2024-02-04,ER,East India,Odisha,20.95,85.09,2890.0,426560.0,667390.0
2024-02-04,NER,NE India,Assam,26.2,92.93,970.0,47910.0,10470.0
2024-02-04,NR,North India,Rajasthan,26.91,74.22,66560.0,1082000.0,671550.0
2024-02-04,SR,South India,Tamil Nadu,11.12,78.66,125320.0,1159120.0,684170.0
2024-02-04,WR,West India,Gujarat,23.02,72.57,61570.0,1460000.0,1595600.0
2024-02-05,ER,East India,Odisha,20.95,85.09,5770.0,434300.0,676020.0
2024-02-05,NER,NE India,Assam,26.2,92.93,670.0,48440.0,10580.0
2024-02-05,NR,North India,Rajasthan,26.91,74.22,124870.0,1097000.0,670480.0
2024-02-05,SR,South India,Tamil Nadu,11.12,78.66,127270.0,1222830.0,694080.0
2024-02-05,WR,West India,Gujarat,23.02,72.57,62770.0,1494900.0,1610740.0
2024-02-06,ER,East India,Odisha,20.95,85.09,5400.0,448370.0,698470.0
2024-02-06,NER,NE India,Assam,26.2,92.93,480.0,48610.0,11180.0
2024-02-06,NR,North India,Rajasthan,26.91,74.22,123730.0,1152000.0,711800.0
2024-02-06,SR,South India,Tamil Nadu,11.12,78.66,132050.0,1248910.0,710350.0
2024-02-06,WR,West India,Gujarat,23.02,72.57,63770.0,1523600.0,1621940.0
2024-02-07,ER,East India,Odisha,20.95,85.09,5320.0,442110.0,694060.0
2024-02-07,NER,NE India,Assam,26.2,92.93,640.0,49340.0,11130.0
2024-02-07,NR,North India,Rajasthan,26.91,74.22,119490.0,1168000.0,720090.0
2024-02-07,SR,South India,Tamil Nadu,11.12,78.66,132530.0,1260210.0,725190.0
2024-02-07,WR,West India,Gujarat,23.02,72.57,63910.0,1523100.0,1581740.0
2024-02-08,ER,East India,Odisha,20.95,85.09,6020.0,443940.0,672270.0
2024-02-08,NER,NE India,Assam,26.2,92.93,1000.0,49130.0,10360.0
2024-02-08,NR,North India,Rajasthan,26.91,74.22,135970.0,1163000.0,710260.0
2024-02-08,SR,South India,Tamil Nadu,11.12,78.66,128970.0,1269580.0,737690.0
2024-02-08,WR,West India,Gujarat,23.02,72.57,69950.0,1515600.0,1552740.0
2024-02-09,ER,East India,Odisha,20.95,85.09,3020.0,449150.0,672370.0
2024-02-09,NER,NE India,Assam,26.2,92.93,1200.0,48530.0,11380.0
2024-02-09,NR,North India,Rajasthan,26.91,74.22,150200.0,1182000.0,732290.0
2024-02-09,SR,South India,Tamil Nadu,11.12,78.66,132500.0,1273540.0,755850.0
2024-02-09,WR,West India,Gujarat,23.02,72.57,75640.0,1510400.0,1550190.0
2024-02-10,ER,East India,Odisha,20.95,85.09,2960.0,444430.0,667220.0
2024-02-10,NER,NE India,Assam,26.2,92.93,1120.0,47700.0,10590.0
2024-02-10,NR,North India,Rajasthan,26.91,74.22,149280.0,1185000.0,705820.0
2024-02-10,SR,South India,Tamil Nadu,11.12,78.66,127430.0,1256080.0,732550.0
2024-02-10,WR,West India,Gujarat,23.02,72.57,73410.0,1499200.0,1578760.0
2024-02-11,ER,East India,Odisha,20.95,85.09,2790.0,432570.0,636930.0
2024-02-11,NER,NE India,Assam,26.2,92.93,1270.0,47660.0,9120.0
2024-02-11,NR,North India,Rajasthan,26.91,74.22,144990.0,1154000.0,676050.0
2024-02-11,SR,South India,Tamil Nadu,11.12,78.66,125350.0,1182430.0,679540.0
2024-02-11,WR,West India,Gujarat,23.02,72.57,70940.0,1443800.0,1534730.0
2024-02-12,ER,East India,Odisha,20.95,85.09,2570.0,440810.0,652300.0
2024-02-12,NER,NE India,Assam,26.2,92.93,1210.0,48890.0,10230.0
2024-02-12,NR,North India,Rajasthan,26.91,74.22,98680.0,1180000.0,703860.0
2024-02-12,SR,South India,Tamil Nadu,11.12,78.66,134200.0,1221620.0,711940.0
2024-02-12,WR,West India,Gujarat,23.02,72.57,64769.99999999999,1470800.0,1569470.0
2024-02-13,ER,East India,Odisha,20.95,85.09,5540.0,440790.0,656270.0
2024-02-13,NER,NE India,Assam,26.2,92.93,1120.0,49060.0,10280.0
2024-02-13,NR,North India,Rajasthan,26.91,74.22,110350.0,1188000.0,730350.0
2024-02-13,SR,South India,Tamil Nadu,11.12,78.66,135480.0,1263800.0,720580.0
2024-02-13,WR,West India,Gujarat,23.02,72.57,59380.0,1486600.0,1601820.0
2024-02-14,ER,East India,Odisha,20.95,85.09,5070.0,442530.0,664330.0
2024-02-14,NER,NE India,Assam,26.2,92.93,1040.0,49360.0,9750.0
2024-02-14,NR,North India,Rajasthan,26.91,74.22,134490.0,1189000.0,716920.0
2024-02-14,SR,South India,Tamil Nadu,11.12,78.66,127270.0,1274350.0,730230.0
2024-02-14,WR,West India,Gujarat,23.02,72.57,70760.0,1478700.0,1586030.0
2024-02-15,ER,East India,Odisha,20.95,85.09,5160.0,444960.0,678840.0
2024-02-15,NER,NE India,Assam,26.2,92.93,780.0,48890.0,9320.0
2024-02-15,NR,North India,Rajasthan,26.91,74.22,143630.0,1185000.0,703370.0
2024-02-15,SR,South India,Tamil Nadu,11.12,78.66,136840.0,1276770.0,705720.0
2024-02-15,WR,West India,Gujarat,23.02,72.57,68990.0,1489300.0,1581900.0
2024-02-16,ER,East India,Odisha,20.95,85.09,5840.0,449390.0,694870.0
2024-02-16,NER,NE India,Assam,26.2,92.93,1150.0,49020.0,9100.0
2024-02-16,NR,North India,Rajasthan,26.91,74.22,139680.0,1196000.0,711290.0
2024-02-16,SR,South India,Tamil Nadu,11.12,78.66,139570.0,1276740.0,702900.0
2024-02-16,WR,West India,Gujarat,23.02,72.57,71020.0,1502400.0,1559680.0
2024-02-17,ER,East India,Odisha,20.95,85.09,5480.0,449390.0,699590.0
2024-02-17,NER,NE India,Assam,26.2,92.93,990.0,48730.0,9770.0
2024-02-17,NR,North India,Rajasthan,26.91,74.22,146050.0,1178000.0,690400.0
2024-02-17,SR,South India,Tamil Nadu,11.12,78.66,141530.0,1263900.0,731610.0
2024-02-17,WR,West India,Gujarat,23.02,72.57,73060.0,1507300.0,1602042.0
2024-02-18,ER,East India,Odisha,20.95,85.09,3030.0,437510.0,673840.0
2024-02-18,NER,NE India,Assam,26.2,92.93,920.0,46580.0,8930.0
2024-02-18,NR,North India,Rajasthan,26.91,74.22,130740.00000000001,1112000.0,644820.0
2024-02-18,SR,South India,Tamil Nadu,11.12,78.66,138480.0,1201000.0,688200.0
2024-02-18,WR,West India,Gujarat,23.02,72.57,75670.0,1466600.0,1553710.0
2024-02-19,ER,East India,Odisha,20.95,85.09,3160.0,453010.0,683740.0
2024-02-19,NER,NE India,Assam,26.2,92.93,1010.0,49160.0,8420.0
2024-02-19,NR,North India,Rajasthan,26.91,74.22,126290.0,1076000.0,616800.0
2024-02-19,SR,South India,Tamil Nadu,11.12,78.66,135310.0,1268240.0,709140.0
2024-02-19,WR,West India,Gujarat,23.02,72.57,77440.0,1490400.0,1521500.0
2024-02-20,ER,East India,Odisha,20.95,85.09,2850.0,459580.0,742250.0
2024-02-20,NER,NE India,Assam,26.2,92.93,560.0,48640.0,9500.0
2024-02-20,NR,North India,Rajasthan,26.91,74.22,137590.0,1101000.0,677360.0
2024-02-20,SR,South India,Tamil Nadu,11.12,78.66,128259.99999999999,1300440.0,742810.0
2024-02-20,WR,West India,Gujarat,23.02,72.57,78520.0,1513800.0,1574940.0
2024-02-21,ER,East India,Odisha,20.95,85.09,5960.0,457390.0,750870.0
2024-02-21,NER,NE India,Assam,26.2,92.93,770.0,48350.0,9940.0
2024-02-21,NR,North India,Rajasthan,26.91,74.22,136290.0,1117000.0,689610.0
2024-02-21,SR,South India,Tamil Nadu,11.12,78.66,128850.0,1307060.0,733100.0
2024-02-21,WR,West India,Gujarat,23.02,72.57,76780.0,1504200.0,1546870.0
2024-02-22,ER,East India,Odisha,20.95,85.09,5660.0,457000.0,734030.0
2024-02-22,NER,NE India,Assam,26.2,92.93,350.0,47950.0,9940.0
2024-02-22,NR,North India,Rajasthan,26.91,74.22,142830.0,1151000.0,719930.0
2024-02-22,SR,South India,Tamil Nadu,11.12,78.66,136660.0,1317500.0,750710.0
2024-02-22,WR,West India,Gujarat,23.02,72.57,73740.0,1494900.0,1555860.0
2024-02-23,ER,East India,Odisha,20.95,85.09,2230.0,458870.0,738070.0
2024-02-23,NER,NE India,Assam,26.2,92.93,740.0,47750.0,10440.0
2024-02-23,NR,North India,Rajasthan,26.91,74.22,154120.0,1193000.0,733010.0
2024-02-23,SR,South India,Tamil Nadu,11.12,78.66,137220.0,1334820.0,746810.0
2024-02-23,WR,West India,Gujarat,23.02,72.57,83440.0,1492200.0,1583930.0
2024-02-24,ER,East India,Odisha,20.95,85.09,3220.0,458800.0,758560.0
2024-02-24,NER,NE India,Assam,26.2,92.93,1200.0,48740.0,9980.0
2024-02-24,NR,North India,Rajasthan,26.91,74.22,155070.0,1187000.0,720900.0
2024-02-24,SR,South India,Tamil Nadu,11.12,78.66,121250.0,1327900.0,727660.0
2024-02-24,WR,West India,Gujarat,23.02,72.57,83410.0,1479300.0,1615980.0
2024-02-25,ER,East India,Odisha,20.95,85.09,2849.0,439550.0,706190.0
2024-02-25,NER,NE India,Assam,26.2,92.93,530.0,47960.0,8830.0
2024-02-25,NR,North India,Rajasthan,26.91,74.22,140460.0,1167000.0,683280.0
2024-02-25,SR,South India,Tamil Nadu,11.12,78.66,118150.0,1242040.0,692770.0
2024-02-25,WR,West India,Gujarat,23.02,72.57,77870.0,1434600.0,1513330.0
2024-02-26,ER,East India,Odisha,20.95,85.09,2550.0,450440.0,733900.0
2024-02-26,NER,NE India,Assam,26.2,92.93,1280.0,51140.0,4600.0
2024-02-26,NR,North India,Rajasthan,26.91,74.22,101090.0,1178000.0,698080.0
2024-02-26,SR,South India,Tamil Nadu,11.12,78.66,130340.0,1286860.0,670940.0
2024-02-26,WR,West India,Gujarat,23.02,72.57,58100.0,1470800.0,1559610.0
2024-02-27,ER,East India,Odisha,20.95,85.09,2750.0,457460.0,704500.0
2024-02-27,NER,NE India,Assam,26.2,92.93,1150.0,49470.0,8710.0
2024-02-27,NR,North India,Rajasthan,26.91,74.22,140790.0,1164000.0,666380.0
2024-02-27,SR,South India,Tamil Nadu,11.12,78.66,136780.0,1320470.0,669080.0
2024-02-27,WR,West India,Gujarat,23.02,72.57,68350.0,1463900.0,1531920.0
2024-02-28,ER,East India,Odisha,20.95,85.09,2960.0,459310.0,710710.0
2024-02-28,NER,NE India,Assam,26.2,92.93,1190.0,49850.0,10910.0
2024-02-28,NR,North India,Rajasthan,26.91,74.22,158000.0,1159000.0,673830.0
2024-02-28,SR,South India,Tamil Nadu,11.12,78.66,140800.0,1327310.0,688500.0
2024-02-28,WR,West India,Gujarat,23.02,72.57,77810.0,1453600.0,1562710.0
2024-02-29,ER,East India,Odisha,20.95,85.09,6370.0,468390.0,730030.0
2024-02-29,NER,NE India,Assam,26.2,92.93,980.0,49140.0,13380.0
2024-02-29,NR,North India,Rajasthan,26.91,74.22,155430.0,1163000.0,675530.0
2024-02-29,SR,South India,Tamil Nadu,11.12,78.66,138310.0,1332680.0,703610.0
2024-02-29,WR,West India,Gujarat,23.02,72.57,77520.0,1495000.0,1605130.0
2024-03-01,ER,East India,Odisha,20.95,85.09,3400.0,560000.0,715000.0
2024-03-01,NER,NE India,Assam,26.2,92.93,910.0,43000.0,16000.0
2024-03-01,NR,North India,Rajasthan,26.91,74.22,156380.0,1127000.0,723000.0
2024-03-01,SR,South India,Tamil Nadu,11.12,78.66,140640.0,1369000.0,749000.0
2024-03-01,WR,West India,Gujarat,23.02,72.57,84550.0,1523000.0,1621000.0
2024-03-02,ER,East India,Odisha,20.95,85.09,3700.0,574000.0,713000.0
2024-03-02,NER,NE India,Assam,26.2,92.93,1260.0,49000.0,16000.0
2024-03-02,NR,North India,Rajasthan,26.91,74.22,155170.0,1148000.0,757000.0
2024-03-02,SR,South India,Tamil Nadu,11.12,78.66,133730.0,1397000.0,767000.0
2024-03-02,WR,West India,Gujarat,23.02,72.57,79670.0,1555000.0,1684000.0
2024-03-03,ER,East India,Odisha,20.95,85.09,2490.0,450510.0,637370.0
2024-03-03,NER,NE India,Assam,26.2,92.93,1010.0,46760.0,10620.0
2024-03-03,NR,North India,Rajasthan,26.91,74.22,161020.0,948000.0,586400.0
2024-03-03,SR,South India,Tamil Nadu,11.12,78.66,137420.0,1269270.0,637900.0
2024-03-03,WR,West India,Gujarat,23.02,72.57,82670.0,1343000.0,1397740.0
2024-03-04,ER,East India,Odisha,20.95,85.09,3120.0,452330.0,678148.0
2024-03-04,NER,NE India,Assam,26.2,92.93,510.0,49420.0,12340.0
2024-03-04,NR,North India,Rajasthan,26.91,74.22,163990.0,1043000.0,646790.0
2024-03-04,SR,South India,Tamil Nadu,11.12,78.66,135540.0,1325340.0,693920.0
2024-03-04,WR,West India,Gujarat,23.02,72.57,86260.0,1389800.0,1480190.0
2024-03-05,ER,East India,Odisha,20.95,85.09,3410.0,466150.0,698940.0
2024-03-05,NER,NE India,Assam,26.2,92.93,1200.0,48050.0,12740.0
2024-03-05,NR,North India,Rajasthan,26.91,74.22,148500.0,1089000.0,653560.0
2024-03-05,SR,South India,Tamil Nadu,11.12,78.66,140960.0,1358650.0,712260.0
2024-03-05,WR,West India,Gujarat,23.02,72.57,88750.0,1415800.0,1524490.0
2024-03-06,ER,East India,Odisha,20.95,85.09,2970.0,476920.0,708180.0
2024-03-06,NER,NE India,Assam,26.2,92.93,1250.0,48260.0,13280.0
2024-03-06,NR,North India,Rajasthan,26.91,74.22,139060.0,1094000.0,686080.0
2024-03-06,SR,South India,Tamil Nadu,11.12,78.66,130590.0,1362850.0,741370.0
2024-03-06,WR,West India,Gujarat,23.02,72.57,85590.0,1424100.0,1558720.0
2024-03-07,ER,East India,Odisha,20.95,85.09,3020.0,490330.0,684970.0
2024-03-07,NER,NE India,Assam,26.2,92.93,1300.0,48180.0,14200.0
2024-03-07,NR,North India,Rajasthan,26.91,74.22,160750.0,1096000.0,709830.0
2024-03-07,SR,South India,Tamil Nadu,11.12,78.66,134650.0,1373970.0,736240.0
2024-03-07,WR,West India,Gujarat,23.02,72.57,87140.0,1447100.0,1583580.0
2024-03-08,ER,East India,Odisha,20.95,85.09,5130.0,490450.0,680890.0
2024-03-08,NER,NE India,Assam,26.2,92.93,1200.0,49620.0,14480.0
2024-03-08,NR,North India,Rajasthan,26.91,74.22,166340.0,1099000.0,727970.0
2024-03-08,SR,South India,Tamil Nadu,11.12,78.66,136620.0,1374000.0,740450.0
2024-03-08,WR,West India,Gujarat,23.02,72.57,88430.0,1434400.0,1544380.0
2024-03-09,ER,East India,Odisha,20.95,85.09,5730.0,491420.0,683280.0
2024-03-09,NER,NE India,Assam,26.2,92.93,1180.0,48850.0,13692.0
2024-03-09,NR,North India,Rajasthan,26.91,74.22,163060.0,1098000.0,717340.0
2024-03-09,SR,South India,Tamil Nadu,11.12,78.66,130139.99999999999,1357820.0,735660.0
2024-03-09,WR,West India,Gujarat,23.02,72.57,87810.0,1449100.0,1525730.0
2024-03-10,ER,East India,Odisha,20.95,85.09,6010.0,490150.0,694620.0
2024-03-10,NER,NE India,Assam,26.2,92.93,1160.0,46370.0,13470.0
2024-03-10,NR,North India,Rajasthan,26.91,74.22,134870.0,1061000.0,682930.0
2024-03-10,SR,South India,Tamil Nadu,11.12,78.66,124160.0,1296670.0,704480.0
2024-03-10,WR,West India,Gujarat,23.02,72.57,84080.0,1442400.0,1540390.0
2024-03-11,ER,East India,Odisha,20.95,85.09,6570.0,498240.0,719790.0
2024-03-11,NER,NE India,Assam,26.2,92.93,1190.0,48000.0,12690.0
2024-03-11,NR,North India,Rajasthan,26.91,74.22,159120.0,1102000.0,719990.0
2024-03-11,SR,South India,Tamil Nadu,11.12,78.66,125430.0,1363320.0,750450.0
2024-03-11,WR,West India,Gujarat,23.02,72.57,85000.0,1503900.0,1588090.0
2024-03-12,ER,East India,Odisha,20.95,85.09,3550.0,503580.0,719812.695
2024-03-12,NER,NE India,Assam,26.2,92.93,980.0,49790.0,9750.0
2024-03-12,NR,North India,Rajasthan,26.91,74.22,160910.0,1145000.0,750360.0
2024-03-12,SR,South India,Tamil Nadu,11.12,78.66,130500.0,1387920.0,781010.0
2024-03-12,WR,West India,Gujarat,23.02,72.57,85390.0,1529100.0,1615540.0
2024-03-13,ER,East India,Odisha,20.95,85.09,3310.0,523530.0,707260.0
2024-03-13,NER,NE India,Assam,26.2,92.93,1150.0,50250.0,10140.0
2024-03-13,NR,North India,Rajasthan,26.91,74.22,147020.0,1135000.0,741210.0
2024-03-13,SR,South India,Tamil Nadu,11.12,78.66,132120.0,1400950.0,783100.0
2024-03-13,WR,West India,Gujarat,23.02,72.57,86900.0,1524000.0,1634200.0
2024-03-14,ER,East India,Odisha,20.95,85.09,2970.0,527350.0,723125.0
2024-03-14,NER,NE India,Assam,26.2,92.93,1010.0,50560.0,14070.0
2024-03-14,NR,North India,Rajasthan,26.91,74.22,161960.0,1149000.0,745090.0
2024-03-14,SR,South India,Tamil Nadu,11.12,78.66,132500.0,1402910.0,796840.0
2024-03-14,WR,West India,Gujarat,23.02,72.57,86550.0,1533600.0,1607570.0
2024-03-15,ER,East India,Odisha,20.95,85.09,3020.0,529070.0,724100.0
2024-03-15,NER,NE India,Assam,26.2,92.93,1160.0,49780.0,15610.0
2024-03-15,NR,North India,Rajasthan,26.91,74.22,162060.0,1183000.0,756470.0
2024-03-15,SR,South India,Tamil Nadu,11.12,78.66,128860.00000000001,1404150.0,786680.0
2024-03-15,WR,West India,Gujarat,23.02,72.57,83750.0,1528100.0,1680930.0
2024-03-16,ER,East India,Odisha,20.95,85.09,2890.0,520570.00000000006,717900.0
2024-03-16,NER,NE India,Assam,26.2,92.93,1160.0,51240.0,17400.0
2024-03-16,NR,North India,Rajasthan,26.91,74.22,166920.0,1181000.0,751860.0
2024-03-16,SR,South India,Tamil Nadu,11.12,78.66,126870.0,1380300.0,784800.0
2024-03-16,WR,West India,Gujarat,23.02,72.57,79670.0,1514900.0,1645100.0
2024-03-17,ER,East India,Odisha,20.95,85.09,2270.0,487630.0,707150.0
2024-03-17,NER,NE India,Assam,26.2,92.93,1090.0,48750.0,11002.0
2024-03-17,NR,North India,Rajasthan,26.91,74.22,153880.0,1161000.0,716810.0
2024-03-17,SR,South India,Tamil Nadu,11.12,78.66,133080.0,1286190.0,709800.0
2024-03-17,WR,West India,Gujarat,23.02,72.57,80170.0,1461700.0,1565710.0
2024-03-18,ER,East India,Odisha,20.95,85.09,2000.0,512090.00000000006,751560.0
2024-03-18,NER,NE India,Assam,26.2,92.93,1020.0,51650.0,14660.0
2024-03-18,NR,North India,Rajasthan,26.91,74.22,165380.0,1189000.0,753040.0
2024-03-18,SR,South India,Tamil Nadu,11.12,78.66,132230.0,1349340.0,746400.0
2024-03-18,WR,West India,Gujarat,23.02,72.57,79610.0,1491200.0,1601310.0
2024-03-19,ER,East India,Odisha,20.95,85.09,3240.0,504180.0,740560.0
2024-03-19,NER,NE India,Assam,26.2,92.93,860.0,51940.0,13260.0
2024-03-19,NR,North India,Rajasthan,26.91,74.22,160830.0,1201000.0,752970.0
2024-03-19,SR,South India,Tamil Nadu,11.12,78.66,128759.99999999999,1356860.0,743750.0
2024-03-19,WR,West India,Gujarat,23.02,72.57,83460.0,1481700.0,1611150.0
2024-03-20,ER,East India,Odisha,20.95,85.09,1960.0,419990.0,701370.0
2024-03-20,NER,NE India,Assam,26.2,92.93,430.0,47500.0,16590.0
2024-03-20,NR,North India,Rajasthan,26.91,74.22,162920.0,1196000.0,731950.0
2024-03-20,SR,South India,Tamil Nadu,11.12,78.66,137380.0,1344200.0,725630.0
2024-03-20,WR,West India,Gujarat,23.02,72.57,83970.0,1467400.0,1566210.0
2024-03-21,ER,East India,Odisha,20.95,85.09,2850.0,431960.0,702470.0
2024-03-21,NER,NE India,Assam,26.2,92.93,330.0,49330.0,15720.0
2024-03-21,NR,North India,Rajasthan,26.91,74.22,151110.0,1155000.0,730800.0
2024-03-21,SR,South India,Tamil Nadu,11.12,78.66,122670.0,1343200.0,718780.0
2024-03-21,WR,West India,Gujarat,23.02,72.57,79070.0,1505400.0,1553150.0
2024-03-22,ER,East India,Odisha,20.95,85.09,3970.0,469090.0,719130.0
2024-03-22,NER,NE India,Assam,26.2,92.93,1020.0,47790.0,16860.0
2024-03-22,NR,North India,Rajasthan,26.91,74.22,159980.0,1169000.0,754240.0
2024-03-22,SR,South India,Tamil Nadu,11.12,78.66,129500.0,1365910.0,735410.0
2024-03-22,WR,West India,Gujarat,23.02,72.57,87110.0,1523400.0,1565840.0
2024-03-23,ER,East India,Odisha,20.95,85.09,3040.0,483900.0,727550.0
2024-03-23,NER,NE India,Assam,26.2,92.93,900.0,47890.0,17280.0
2024-03-23,NR,North India,Rajasthan,26.91,74.22,148320.0,1170000.0,737580.0
2024-03-23,SR,South India,Tamil Nadu,11.12,78.66,134380.0,1358420.0,746050.0
2024-03-23,WR,West India,Gujarat,23.02,72.57,85990.0,1525300.0,1587780.0
2024-03-24,ER,East India,Odisha,20.95,85.09,3430.0,480680.0,715520.0
2024-03-24,NER,NE India,Assam,26.2,92.93,910.0,44860.0,15320.0
2024-03-24,NR,North India,Rajasthan,26.91,74.22,140220.0,1078000.0,684280.0
2024-03-24,SR,South India,Tamil Nadu,11.12,78.66,132420.0,1291340.0,686360.0
2024-03-24,WR,West India,Gujarat,23.02,72.57,83020.0,1464800.0,1512690.0
2024-03-25,ER,East India,Odisha,20.95,85.09,3210.0,451260.0,669210.0
2024-03-25,NER,NE India,Assam,26.2,92.93,1150.0,45870.0,12800.0
2024-03-25,NR,North India,Rajasthan,26.91,74.22,142930.0,958000.0,623450.0
2024-03-25,SR,South India,Tamil Nadu,11.12,78.66,133420.0,1301750.0,661250.0
2024-03-25,WR,West India,Gujarat,23.02,72.57,84900.0,1302500.0,1390761.0
2024-03-26,ER,East India,Odisha,20.95,85.09,3270.0,454080.0,698750.0
2024-03-26,NER,NE India,Assam,26.2,92.93,730.0,41490.0,13540.0
2024-03-26,NR,North India,Rajasthan,26.91,74.22,143440.0,1040000.0,661070.0
2024-03-26,SR,South India,Tamil Nadu,11.12,78.66,135130.0,1342300.0,697310.0
2024-03-26,WR,West India,Gujarat,23.02,72.57,83090.0,1439200.0,1493250.0
2024-03-27,ER,East India,Odisha,20.95,85.09,3340.0,510150.0,737140.0
2024-03-27,NER,NE India,Assam,26.2,92.93,740.0,48470.0,16980.0
2024-03-27,NR,North India,Rajasthan,26.91,74.22,148230.0,1137000.0,723680.0
2024-03-27,SR,South India,Tamil Nadu,11.12,78.66,137060.0,1369490.0,755430.0
2024-03-27,WR,West India,Gujarat,23.02,72.57,84030.0,1544100.0,1596270.0
2024-03-28,ER,East India,Odisha,20.95,85.09,2840.0,543110.0,706000.0
2024-03-28,NER,NE India,Assam,26.2,92.93,1070.0,49540.0,17430.0
2024-03-28,NR,North India,Rajasthan,26.91,74.22,149080.0,1185000.0,786220.0
2024-03-28,SR,South India,Tamil Nadu,11.12,78.66,133200.0,1384880.0,794600.0
2024-03-28,WR,West India,Gujarat,23.02,72.57,82360.0,1585400.0,1679160.0
2024-03-29,ER,East India,Odisha,20.95,85.09,2920.0,564220.0,727890.0
2024-03-29,NER,NE India,Assam,26.2,92.93,1150.0,51600.0,16440.0
2024-03-29,NR,North India,Rajasthan,26.91,74.22,153230.0,1216000.0,808170.0
2024-03-29,SR,South India,Tamil Nadu,11.12,78.66,134980.0,1390300.0,808720.0
2024-03-29,WR,West India,Gujarat,23.02,72.57,76830.0,1580400.0,1664480.0
2024-03-30,ER,East India,Odisha,20.95,85.09,2550.0,581990.0,741970.0
2024-03-30,NER,NE India,Assam,26.2,92.93,870.0,53060.0,15880.0
2024-03-30,NR,North India,Rajasthan,26.91,74.22,162000.0,1170000.0,749620.0
2024-03-30,SR,South India,Tamil Nadu,11.12,78.66,140200.0,1378490.0,788170.0
2024-03-30,WR,West India,Gujarat,23.02,72.57,82688.0,1551800.0,1645580.0
2024-03-31,ER,East India,Odisha,20.95,85.09,2580.0,541650.0,715410.0
2024-03-31,NER,NE India,Assam,26.2,92.93,400.0,42860.0,15220.0
2024-03-31,NR,North India,Rajasthan,26.91,74.22,158410.0,1144000.0,751110.0
2024-03-31,SR,South India,Tamil Nadu,11.12,78.66,148690.0,1310190.0,718950.0
2024-03-31,WR,West India,Gujarat,23.02,72.57,79600.0,1495300.0,1605690.0
2024-04-01,ER,East India,Odisha,20.95,85.09,3400.0,560220.0,714510.0
2024-04-01,NER,NE India,Assam,26.2,92.93,910.0,42910.0,15710.0
2024-04-01,NR,North India,Rajasthan,26.91,74.22,156380.0,1127000.0,723160.0
2024-04-01,SR,South India,Tamil Nadu,11.12,78.66,140640.0,1369150.0,749200.0
2024-04-01,WR,West India,Gujarat,23.02,72.57,84550.0,1523200.0,1621270.0
2024-04-02,ER,East India,Odisha,20.95,85.09,3700.0,573930.0,712980.0
2024-04-02,NER,NE India,Assam,26.2,92.93,1260.0,48790.0,15820.0
2024-04-02,NR,North India,Rajasthan,26.91,74.22,155170.0,1148000.0,756600.0
2024-04-02,SR,South India,Tamil Nadu,11.12,78.66,133730.0,1396660.0,766760.0
2024-04-02,WR,West India,Gujarat,23.02,72.57,79669.0,1555000.0,1684000.0
2024-04-03,ER,East India,Odisha,20.95,85.09,3030.0,587940.0,698630.0
2024-04-03,NER,NE India,Assam,26.2,92.93,1340.0,51000.0,16560.0
2024-04-03,NR,North India,Rajasthan,26.91,74.22,147740.0,1184000.0,804980.0
2024-04-03,SR,South India,Tamil Nadu,11.12,78.66,129580.00000000001,1405800.0,784580.0
2024-04-03,WR,West India,Gujarat,23.02,72.57,82470.0,1571900.0,1692080.0
2024-04-04,ER,East India,Odisha,20.95,85.09,3040.0,608840.0,711070.0
2024-04-04,NER,NE India,Assam,26.2,92.93,1050.0,52110.0,17450.0
2024-04-04,NR,North India,Rajasthan,26.91,74.22,149480.0,1206000.0,835340.0
2024-04-04,SR,South India,Tamil Nadu,11.12,78.66,138850.0,1408910.0,792260.0
2024-04-04,WR,West India,Gujarat,23.02,72.57,70730.0,1588100.0,1732370.0
2024-04-05,ER,East India,Odisha,20.95,85.09,3210.0,624160.0,715800.0
2024-04-05,NER,NE India,Assam,26.2,92.93,1015.9,56420.0,17370.0
2024-04-05,NR,North India,Rajasthan,26.91,74.22,118820.0,1226000.0,863240.0
2024-04-05,SR,South India,Tamil Nadu,11.12,78.66,139790.0,1415830.0,775590.0
2024-04-05,WR,West India,Gujarat,23.02,72.57,74950.0,1587600.0,1729970.0
2024-04-06,ER,East India,Odisha,20.95,85.09,3050.0,629450.0,733910.0
2024-04-06,NER,NE India,Assam,26.2,92.93,1170.0,54290.0,16500.0
2024-04-06,NR,North India,Rajasthan,26.91,74.22,161760.0,1210000.0,846900.0
2024-04-06,SR,South India,Tamil Nadu,11.12,78.66,136550.0,1401620.0,758690.0
2024-04-06,WR,West India,Gujarat,23.02,72.57,84530.0,1587300.0,1722940.0
2024-04-07,ER,East India,Odisha,20.95,85.09,2240.0,573750.0,714580.0
2024-04-07,NER,NE India,Assam,26.2,92.93,1100.0,50880.0,15090.0
2024-04-07,NR,North India,Rajasthan,26.91,74.22,163970.0,1153000.0,783470.0
2024-04-07,SR,South India,Tamil Nadu,11.12,78.66,134940.0,1342920.0,709060.0
2024-04-07,WR,West India,Gujarat,23.02,72.57,81200.0,1528900.0,1650590.0
2024-04-08,ER,East India,Odisha,20.95,85.09,2200.0,545600.0,730180.0
2024-04-08,NER,NE India,Assam,26.2,92.93,870.0,56460.0,15180.0
2024-04-08,NR,North India,Rajasthan,26.91,74.22,168240.0,1191000.0,800190.0
2024-04-08,SR,South India,Tamil Nadu,11.12,78.66,139250.0,1374680.0,729130.0
2024-04-08,WR,West India,Gujarat,23.02,72.57,86850.0,1548900.0,1663320.0
2024-04-09,ER,East India,Odisha,20.95,85.09,1990.0,552040.0,746710.0
2024-04-09,NER,NE India,Assam,26.2,92.93,1150.0,56080.0,15790.0
2024-04-09,NR,North India,Rajasthan,26.91,74.22,136490.0,1230000.0,810480.0
2024-04-09,SR,South India,Tamil Nadu,11.12,78.66,137670.0,1341970.0,716270.0
2024-04-09,WR,West India,Gujarat,23.02,72.57,82240.0,1525300.0,1675540.0
2024-04-10,ER,East India,Odisha,20.95,85.09,2520.0,574160.0,749270.0
2024-04-10,NER,NE India,Assam,26.2,92.93,990.0,56700.0,15300.0
2024-04-10,NR,North India,Rajasthan,26.91,74.22,146000.0,1222000.0,820970.0
2024-04-10,SR,South India,Tamil Nadu,11.12,78.66,136770.0,1344510.0,726280.0
2024-04-10,WR,West India,Gujarat,23.02,72.57,75636.0,1523300.0,1663600.0
2024-04-11,ER,East India,Odisha,20.95,85.09,1270.0,540000.0,717500.0
2024-04-11,NER,NE India,Assam,26.2,92.93,1140.0,55690.0,16090.0
2024-04-11,NR,North India,Rajasthan,26.91,74.22,150730.0,1216000.0,820850.0
2024-04-11,SR,South India,Tamil Nadu,11.12,78.66,130710.00000000001,1345630.0,727670.0
2024-04-11,WR,West India,Gujarat,23.02,72.57,78230.0,1492900.0,1638210.0
2024-04-12,ER,East India,Odisha,20.95,85.09,2620.0,540070.0,723060.0
2024-04-12,NER,NE India,Assam,26.2,92.93,1120.0,57650.0,16129.999999999998
2024-04-12,NR,North India,Rajasthan,26.91,74.22,140710.0,1235000.0,825850.0
2024-04-12,SR,South India,Tamil Nadu,11.12,78.66,118700.0,1334730.0,723630.0
2024-04-12,WR,West India,Gujarat,23.02,72.57,82770.0,1483200.0,1652160.0
2024-04-13,ER,East India,Odisha,20.95,85.09,2750.0,567470.0,732890.0
2024-04-13,NER,NE India,Assam,26.2,92.93,1210.0,56950.0,16640.0
2024-04-13,NR,North India,Rajasthan,26.91,74.22,113630.0,1209000.0,803810.0
2024-04-13,SR,South India,Tamil Nadu,11.12,78.66,117750.0,1281140.0,724790.0
2024-04-13,WR,West India,Gujarat,23.02,72.57,84190.0,1462600.0,1640230.0
2024-04-14,ER,East India,Odisha,20.95,85.09,2870.0,572390.0,693200.0
2024-04-14,NER,NE India,Assam,26.2,92.93,1130.0,54990.0,14490.0
2024-04-14,NR,North India,Rajasthan,26.91,74.22,129770.00000000001,1130000.0,746320.0
2024-04-14,SR,South India,Tamil Nadu,11.12,78.66,137210.0,1225150.0,690340.0
2024-04-14,WR,West India,Gujarat,23.02,72.57,75462.0,1457600.0,1599150.0
2024-04-15,ER,East India,Odisha,20.95,85.09,3360.0,611780.0,725310.0
2024-04-15,NER,NE India,Assam,26.2,92.93,1120.0,58300.0,17240.0
2024-04-15,NR,North India,Rajasthan,26.91,74.22,126050.0,1217000.0,814930.0
2024-04-15,SR,South India,Tamil Nadu,11.12,78.66,140360.0,1309520.0,761350.0
2024-04-15,WR,West India,Gujarat,23.02,72.57,82670.0,1553800.0,1673010.0
2024-04-16,ER,East India,Odisha,20.95,85.09,3040.0,629790.0,722400.0
2024-04-16,NER,NE India,Assam,26.2,92.93,640.0,54150.0,14860.0
2024-04-16,NR,North India,Rajasthan,26.91,74.22,167780.0,1238000.0,802340.0
2024-04-16,SR,South India,Tamil Nadu,11.12,78.66,142760.0,1351620.0,769220.0
2024-04-16,WR,West India,Gujarat,23.02,72.57,90230.0,1586800.0,1691340.0
2024-04-17,ER,East India,Odisha,20.95,85.09,3360.0,617650.0,721710.0
2024-04-17,NER,NE India,Assam,26.2,92.93,960.0,49650.0,14730.0
2024-04-17,NR,North India,Rajasthan,26.91,74.22,139750.0,1213000.0,795010.0
2024-04-17,SR,South India,Tamil Nadu,11.12,78.66,129039.99999999999,1374970.0,773120.0
2024-04-17,WR,West India,Gujarat,23.02,72.57,88077.0,1598900.0,1707350.0
2024-04-18,ER,East India,Odisha,20.95,85.09,3140.0,631180.0,726560.0
2024-04-18,NER,NE India,Assam,26.2,92.93,910.0,51420.0,15170.0
2024-04-18,NR,North India,Rajasthan,26.91,74.22,117680.0,1241000.0,803770.0
2024-04-18,SR,South India,Tamil Nadu,11.12,78.66,125160.0,1368380.0,776720.0
2024-04-18,WR,West India,Gujarat,23.02,72.57,91530.0,1614800.0,1712580.0
2024-04-19,ER,East India,Odisha,20.95,85.09,3980.0,635310.0,719350.0
2024-04-19,NER,NE India,Assam,26.2,92.93,650.0,51040.0,14300.0
2024-04-19,NR,North India,Rajasthan,26.91,74.22,169260.0,1261000.0,770580.0
2024-04-19,SR,South India,Tamil Nadu,11.12,78.66,120180.0,1288230.0,702500.0
2024-04-19,WR,West India,Gujarat,23.02,72.57,90390.0,1628100.0,1675020.0
2024-04-20,ER,East India,Odisha,20.95,85.09,3590.0,637230.0,741060.0
2024-04-20,NER,NE India,Assam,26.2,92.93,770.0,47800.0,14810.0
2024-04-20,NR,North India,Rajasthan,26.91,74.22,160720.0,1284000.0,793060.0
2024-04-20,SR,South India,Tamil Nadu,11.12,78.66,106550.0,1279170.0,737390.0
2024-04-20,WR,West India,Gujarat,23.02,72.57,91610.0,1595900.0,1684740.0
2024-04-21,ER,East India,Odisha,20.95,85.09,3390.0,622460.0,719950.0
2024-04-21,NER,NE India,Assam,26.2,92.93,1210.0,50410.0,14220.0
2024-04-21,NR,North India,Rajasthan,26.91,74.22,158450.0,1237000.0,786690.0
2024-04-21,SR,South India,Tamil Nadu,11.12,78.66,112070.0,1235860.0,706500.0
2024-04-21,WR,West India,Gujarat,23.02,72.57,91050.0,1533700.0,1649030.0
2024-04-22,ER,East India,Odisha,20.95,85.09,2870.0,628790.0,737150.0
2024-04-22,NER,NE India,Assam,26.2,92.93,1080.0,55290.0,14960.0
2024-04-22,NR,North India,Rajasthan,26.91,74.22,171290.0,1299000.0,801540.0
2024-04-22,SR,South India,Tamil Nadu,11.12,78.66,130970.0,1298050.0,754300.0
2024-04-22,WR,West India,Gujarat,23.02,72.57,89670.0,1545300.0,1640270.0
2024-04-23,ER,East India,Odisha,20.95,85.09,3770.0,623320.0,732850.0
2024-04-23,NER,NE India,Assam,26.2,92.93,1060.0,58000.0,14230.0
2024-04-23,NR,North India,Rajasthan,26.91,74.22,174940.0,1285000.0,787920.0
2024-04-23,SR,South India,Tamil Nadu,11.12,78.66,143750.0,1321730.0,746840.0
2024-04-23,WR,West India,Gujarat,23.02,72.57,95850.0,1554800.0,1652070.0
2024-04-24,ER,East India,Odisha,20.95,85.09,3340.0,623920.0,737660.0
2024-04-24,NER,NE India,Assam,26.2,92.93,1280.0,57020.0,14820.0
2024-04-24,NR,North India,Rajasthan,26.91,74.22,169610.0,1303000.0,800920.0
2024-04-24,SR,South India,Tamil Nadu,11.12,78.66,140920.0,1336400.0,754550.0
2024-04-24,WR,West India,Gujarat,23.02,72.57,97960.0,1558600.0,1667600.0
2024-04-25,ER,East India,Odisha,20.95,85.09,3480.0,630430.0,752860.0
2024-04-25,NER,NE India,Assam,26.2,92.93,1330.0,57130.0,14790.0
2024-04-25,NR,North India,Rajasthan,26.91,74.22,169530.0,1347000.0,833920.0
2024-04-25,SR,South India,Tamil Nadu,11.12,78.66,137070.0,1354780.0,775610.0
2024-04-25,WR,West India,Gujarat,23.02,72.57,99230.0,1601500.0,1714300.0
2024-04-26,ER,East India,Odisha,20.95,85.09,3610.0,655990.0,727950.0
2024-04-26,NER,NE India,Assam,26.2,92.93,1310.0,57250.0,15010.0
2024-04-26,NR,North India,Rajasthan,26.91,74.22,174890.0,1346000.0,838010.0
2024-04-26,SR,South India,Tamil Nadu,11.12,78.66,138210.0,1343040.0,797810.0
2024-04-26,WR,West India,Gujarat,23.02,72.57,86510.0,1592500.0,1668540.0
2024-04-27,ER,East India,Odisha,20.95,85.09,3800.0,651560.0,715900.0
2024-04-27,NER,NE India,Assam,26.2,92.93,1070.0,55970.0,15200.0
2024-04-27,NR,North India,Rajasthan,26.91,74.22,168440.0,1352000.0,850620.0
2024-04-27,SR,South India,Tamil Nadu,11.12,78.66,140230.0,1354230.0,808430.0
2024-04-27,WR,West India,Gujarat,23.02,72.57,91730.0,1601800.0,1671800.0
2024-04-28,ER,East India,Odisha,20.95,85.09,3260.0,637790.0,707630.0
2024-04-28,NER,NE India,Assam,26.2,92.93,920.0,50130.0,15150.0
2024-04-28,NR,North India,Rajasthan,26.91,74.22,159840.0,1332000.0,839680.0
2024-04-28,SR,South India,Tamil Nadu,11.12,78.66,136540.0,1300550.0,762600.0
2024-04-28,WR,West India,Gujarat,23.02,72.57,94590.0,1553300.0,1621060.0
2024-04-29,ER,East India,Odisha,20.95,85.09,3380.0,653070.0,725270.0
2024-04-29,NER,NE India,Assam,26.2,92.93,1210.0,52490.0,15370.0
2024-04-29,NR,North India,Rajasthan,26.91,74.22,172450.0,1364000.0,864170.0
2024-04-29,SR,South India,Tamil Nadu,11.12,78.66,134950.0,1368920.0,794760.0
2024-04-29,WR,West India,Gujarat,23.02,72.57,93456.0,1612800.0,1661320.0
2024-04-30,ER,East India,Odisha,20.95,85.09,3620.0,666870.0,717650.0
2024-04-30,NER,NE India,Assam,26.2,92.93,1180.0,55710.0,15120.0
2024-04-30,NR,North India,Rajasthan,26.91,74.22,184200.0,1357000.0,851580.0
2024-04-30,SR,South India,Tamil Nadu,11.12,78.66,134630.0,1393190.0,800940.0
2024-04-30,WR,West India,Gujarat,23.02,72.57,102850.0,1635400.0,1678850.0
2024-05-01,ER,East India,Odisha,20.95,85.09,3080.0,651200.0,673320.0
2024-05-01,NER,NE India,Assam,26.2,92.93,1240.0,54910.0,13400.0
2024-05-01,NR,North India,Rajasthan,26.91,74.22,185660.0,1322000.0,795760.0
2024-05-01,SR,South India,Tamil Nadu,11.12,78.66,132810.0,1309670.0,741320.0
2024-05-01,WR,West India,Gujarat,23.02,72.57,102220.0,1510500.0,1619010.0
2024-05-02,ER,East India,Odisha,20.95,85.09,3240.0,643040.0,689350.0
2024-05-02,NER,NE India,Assam,26.2,92.93,960.0,53870.0,14720.0
2024-05-02,NR,North India,Rajasthan,26.91,74.22,178860.0,1330000.0,838990.0
2024-05-02,SR,South India,Tamil Nadu,11.12,78.66,138810.0,1376650.0,778570.0
2024-05-02,WR,West India,Gujarat,23.02,72.57,99810.0,1570200.0,1723520.0
2024-05-03,ER,East India,Odisha,20.95,85.09,3960.0,643040.0,700170.0
2024-05-03,NER,NE India,Assam,26.2,92.93,1390.0,55610.0,15260.0
2024-05-03,NR,North India,Rajasthan,26.91,74.22,151250.0,1373000.0,870880.0
2024-05-03,SR,South India,Tamil Nadu,11.12,78.66,130940.0,1377900.0,787520.0
2024-05-03,WR,West India,Gujarat,23.02,72.57,98210.0,1595900.0,1760450.0
2024-05-04,ER,East India,Odisha,20.95,85.09,3570.0,657470.0,729330.0
2024-05-04,NER,NE India,Assam,26.2,92.93,1140.0,58090.0,15490.0
2024-05-04,NR,North India,Rajasthan,26.91,74.22,168560.0,1424000.0,874370.0
2024-05-04,SR,South India,Tamil Nadu,11.12,78.66,135730.0,1364000.0,783300.0
2024-05-04,WR,West India,Gujarat,23.02,72.57,88890.0,1608700.0,1730960.0
2024-05-05,ER,East India,Odisha,20.95,85.09,3650.0,636940.0,716330.0
2024-05-05,NER,NE India,Assam,26.2,92.93,480.0,43880.0,14310.0
2024-05-05,NR,North India,Rajasthan,26.91,74.22,170610.0,1407000.0,842680.0
2024-05-05,SR,South India,Tamil Nadu,11.12,78.66,135030.0,1294280.0,748680.0
2024-05-05,WR,West India,Gujarat,23.02,72.57,91960.0,1586900.0,1641450.0
2024-05-06,ER,East India,Odisha,20.95,85.09,3620.0,589570.0,739600.0
2024-05-06,NER,NE India,Assam,26.2,92.93,310.0,41420.0,15270.0
2024-05-06,NR,North India,Rajasthan,26.91,74.22,161120.0,1503000.0,867000.0
2024-05-06,SR,South India,Tamil Nadu,11.12,78.66,131640.0,1348110.0,765690.0
2024-05-06,WR,West India,Gujarat,23.02,72.57,100090.0,1648000.0,1718020.0
2024-05-07,ER,East India,Odisha,20.95,85.09,2500.0,519960.00000000006,693720.0
2024-05-07,NER,NE India,Assam,26.2,92.93,840.0,43910.0,13000.0
2024-05-07,NR,North India,Rajasthan,26.91,74.22,161030.0,1538000.0,847720.0
2024-05-07,SR,South India,Tamil Nadu,11.12,78.66,127920.0,1253860.0,693060.0
2024-05-07,WR,West India,Gujarat,23.02,72.57,97090.0,1585100.0,1706325.0
2024-05-08,ER,East India,Odisha,20.95,85.09,3850.0,515520.0,682590.0
2024-05-08,NER,NE India,Assam,26.2,92.93,1080.0,51200.0,11960.0
2024-05-08,NR,North India,Rajasthan,26.91,74.22,174230.0,1533000.0,813520.0
2024-05-08,SR,South India,Tamil Nadu,11.12,78.66,133500.0,1208280.0,693620.0
2024-05-08,WR,West India,Gujarat,23.02,72.57,96140.0,1592400.0,1680420.0
2024-05-09,ER,East India,Odisha,20.95,85.09,2880.0,500320.0,686240.0
2024-05-09,NER,NE India,Assam,26.2,92.93,1030.0,50910.0,12460.0
2024-05-09,NR,North India,Rajasthan,26.91,74.22,164650.0,1562000.0,825160.0
2024-05-09,SR,South India,Tamil Nadu,11.12,78.66,120330.0,1232250.0,712170.0
2024-05-09,WR,West India,Gujarat,23.02,72.57,91900.0,1589600.0,1685620.0
2024-05-10,ER,East India,Odisha,20.95,85.09,3220.0,516299.99999999994,694940.0
2024-05-10,NER,NE India,Assam,26.2,92.93,770.0,51530.0,11970.0
2024-05-10,NR,North India,Rajasthan,26.91,74.22,166290.0,1532000.0,796050.0
2024-05-10,SR,South India,Tamil Nadu,11.12,78.66,116420.0,1227070.0,721130.0
2024-05-10,WR,West India,Gujarat,23.02,72.57,93520.0,1573200.0,1651350.0
2024-05-11,ER,East India,Odisha,20.95,85.09,3330.0,531620.0,703530.0
2024-05-11,NER,NE India,Assam,26.2,92.93,1170.0,54520.0,14460.0
2024-05-11,NR,North India,Rajasthan,26.91,74.22,157020.0,1397000.0,764540.0
2024-05-11,SR,South India,Tamil Nadu,11.12,78.66,120450.0,1201430.0,715150.0
2024-05-11,WR,West India,Gujarat,23.02,72.57,94330.0,1564900.0,1648290.0
2024-05-12,ER,East India,Odisha,20.95,85.09,3500.0,530190.0,696230.0
2024-05-12,NER,NE India,Assam,26.2,92.93,1400.0,57320.0,13840.0
2024-05-12,NR,North India,Rajasthan,26.91,74.22,173990.0,1454000.0,797210.0
2024-05-12,SR,South India,Tamil Nadu,11.12,78.66,118440.0,1118270.0,700150.0
2024-05-12,WR,West India,Gujarat,23.02,72.57,90420.0,1499300.0,1613000.0
2024-05-13,ER,East India,Odisha,20.95,85.09,3420.0,577150.0,714180.0
2024-05-13,NER,NE India,Assam,26.2,92.93,1340.0,61350.0,15110.0
2024-05-13,NR,North India,Rajasthan,26.91,74.22,161070.0,1550000.0,822660.0
2024-05-13,SR,South India,Tamil Nadu,11.12,78.66,110770.0,1103900.0,725620.0
2024-05-13,WR,West India,Gujarat,23.02,72.57,90960.0,1483800.0,1663270.0
2024-05-14,ER,East India,Odisha,20.95,85.09,4150.0,607470.0,696080.0
2024-05-14,NER,NE India,Assam,26.2,92.93,1360.0,66150.0,13650.0
2024-05-14,NR,North India,Rajasthan,26.91,74.22,166060.0,1567000.0,836930.0
2024-05-14,SR,South India,Tamil Nadu,11.12,78.66,116710.0,1145860.0,719500.0
2024-05-14,WR,West India,Gujarat,23.02,72.57,93540.0,1461800.0,1637360.0
2024-05-15,ER,East India,Odisha,20.95,85.09,3920.0,628460.0,705340.0
2024-05-15,NER,NE India,Assam,26.2,92.93,1260.0,67640.0,14110.0
2024-05-15,NR,North India,Rajasthan,26.91,74.22,160560.0,1596000.0,869180.0
2024-05-15,SR,South India,Tamil Nadu,11.12,78.66,116240.0,1148900.0,731960.0
2024-05-15,WR,West India,Gujarat,23.02,72.57,90250.0,1519900.0,1670330.0
2024-05-16,ER,East India,Odisha,20.95,85.09,2920.0,639470.0,731710.0
2024-05-16,NER,NE India,Assam,26.2,92.93,1260.0,69270.0,12950.0
2024-05-16,NR,North India,Rajasthan,26.91,74.22,159050.0,1645000.0,873010.0
2024-05-16,SR,South India,Tamil Nadu,11.12,78.66,103470.0,1117240.0,740730.0
2024-05-16,WR,West India,Gujarat,23.02,72.57,87060.0,1545300.0,1705150.0
2024-05-17,ER,East India,Odisha,20.95,85.09,2950.0,653510.0,745340.0
2024-05-17,NER,NE India,Assam,26.2,92.93,990.0,64760.00000000001,13200.0
2024-05-17,NR,North India,Rajasthan,26.91,74.22,165310.0,1691000.0,885450.0
2024-05-17,SR,South India,Tamil Nadu,11.12,78.66,92810.0,1078410.0,740170.0
2024-05-17,WR,West India,Gujarat,23.02,72.57,85490.0,1562800.0,1690680.0
2024-05-18,ER,East India,Odisha,20.95,85.09,3110.0,646240.0,734150.0
2024-05-18,NER,NE India,Assam,26.2,92.93,730.0,58330.0,12830.0
2024-05-18,NR,North India,Rajasthan,26.91,74.22,166780.0,1724000.0,888700.0
2024-05-18,SR,South India,Tamil Nadu,11.12,78.66,115680.0,1069220.0,728160.0
2024-05-18,WR,West India,Gujarat,23.02,72.57,92440.0,1586800.0,1653470.0
2024-05-19,ER,East India,Odisha,20.95,85.09,3910.0,615070.0,718400.0
2024-05-19,NER,NE India,Assam,26.2,92.93,990.0,56480.0,13090.0
2024-05-19,NR,North India,Rajasthan,26.91,74.22,159190.0,1691000.0,831070.0
2024-05-19,SR,South India,Tamil Nadu,11.12,78.66,108020.0,968560.0,658840.0
2024-05-19,WR,West India,Gujarat,23.02,72.57,95060.0,1533000.0,1615500.0
2024-05-20,ER,East India,Odisha,20.95,85.09,4120.0,583300.0,713910.0
2024-05-20,NER,NE India,Assam,26.2,92.93,940.0,59310.0,11750.0
2024-05-20,NR,North India,Rajasthan,26.91,74.22,169420.0,1756000.0,852320.0
2024-05-20,SR,South India,Tamil Nadu,11.12,78.66,104480.0,1021730.0,662620.0
2024-05-20,WR,West India,Gujarat,23.02,72.57,95210.0,1574500.0,1659830.0
2024-05-21,ER,East India,Odisha,20.95,85.09,3770.0,589120.0,706620.0
2024-05-21,NER,NE India,Assam,26.2,92.93,1170.0,64190.0,12650.0
2024-05-21,NR,North India,Rajasthan,26.91,74.22,175170.0,1763000.0,863690.0
2024-05-21,SR,South India,Tamil Nadu,11.12,78.66,122220.0,1047640.0000000001,694300.0
2024-05-21,WR,West India,Gujarat,23.02,72.57,96210.0,1611300.0,1685740.0
2024-05-22,ER,East India,Odisha,20.95,85.09,3850.0,591850.0,727350.0
2024-05-22,NER,NE India,Assam,26.2,92.93,1400.0,64730.00000000001,13230.0
2024-05-22,NR,North India,Rajasthan,26.91,74.22,165620.0,1817000.0,894840.0
2024-05-22,SR,South India,Tamil Nadu,11.12,78.66,118090.0,1072170.0,733000.0
2024-05-22,WR,West India,Gujarat,23.02,72.57,93800.0,1622100.0,1701800.0
2024-05-23,ER,East India,Odisha,20.95,85.09,3750.0,606140.0,720720.0
2024-05-23,NER,NE India,Assam,26.2,92.93,1380.0,68490.0,12420.0
2024-05-23,NR,North India,Rajasthan,26.91,74.22,175290.0,1805000.0,877760.0
2024-05-23,SR,South India,Tamil Nadu,11.12,78.66,115110.0,1080680.0,727160.0
2024-05-23,WR,West India,Gujarat,23.02,72.57,94380.0,1620300.0,1689650.0
2024-05-24,ER,East India,Odisha,20.95,85.09,3860.0,656720.0,753880.0
2024-05-24,NER,NE India,Assam,26.2,92.93,1320.0,69060.0,12810.0
2024-05-24,NR,North India,Rajasthan,26.91,74.22,168610.0,1822000.0,888060.0
2024-05-24,SR,South India,Tamil Nadu,11.12,78.66,112750.0,1097160.0,742490.0
2024-05-24,WR,West India,Gujarat,23.02,72.57,96970.0,1624500.0,1682850.0
2024-05-25,ER,East India,Odisha,20.95,85.09,3470.0,667010.0,707270.0
2024-05-25,NER,NE India,Assam,26.2,92.93,1440.0,71390.0,13330.0
2024-05-25,NR,North India,Rajasthan,26.91,74.22,163320.0,1804000.0,869160.0
2024-05-25,SR,South India,Tamil Nadu,11.12,78.66,98290.0,1051130.0,659270.0
2024-05-25,WR,West India,Gujarat,23.02,72.57,95290.0,1621200.0,1674350.0
2024-05-26,ER,East India,Odisha,20.95,85.09,3080.0,601390.0,655400.0
2024-05-26,NER,NE India,Assam,26.2,92.93,1250.0,66860.0,12010.0
2024-05-26,NR,North India,Rajasthan,26.91,74.22,168030.0,1780000.0,836890.0
2024-05-26,SR,South India,Tamil Nadu,11.12,78.66,105470.0,974430.0,579400.0
2024-05-26,WR,West India,Gujarat,23.02,72.57,91780.0,1556600.0,1565460.0
2024-05-27,ER,East India,Odisha,20.95,85.09,2850.0,540350.0,657760.0
2024-05-27,NER,NE India,Assam,26.2,92.93,430.0,48220.0,12090.0
2024-05-27,NR,North India,Rajasthan,26.91,74.22,171860.0,1869000.0,849560.0
2024-05-27,SR,South India,Tamil Nadu,11.12,78.66,105660.0,1072550.0,582250.0
2024-05-27,WR,West India,Gujarat,23.02,72.57,91280.0,1590400.0,1580510.0
2024-05-28,ER,East India,Odisha,20.95,85.09,3760.0,624510.0,683420.0
2024-05-28,NER,NE India,Assam,26.2,92.93,200.0,31780.0,12330.0
2024-05-28,NR,North India,Rajasthan,26.91,74.22,174440.0,1872000.0,817850.0
2024-05-28,SR,South India,Tamil Nadu,11.12,78.66,123120.0,1144200.0,652270.0
2024-05-28,WR,West India,Gujarat,23.02,72.57,95760.0,1586100.0,1562210.0
2024-05-29,ER,East India,Odisha,20.95,85.09,3660.0,669600.0,695090.0
2024-05-29,NER,NE India,Assam,26.2,92.93,640.0,45910.0,12430.0
2024-05-29,NR,North India,Rajasthan,26.91,74.22,178440.0,1890000.0,822760.0
2024-05-29,SR,South India,Tamil Nadu,11.12,78.66,134290.0,1183390.0,681020.0
2024-05-29,WR,West India,Gujarat,23.02,72.57,92410.0,1619100.0,1564820.0
2024-05-30,ER,East India,Odisha,20.95,85.09,3450.0,664450.0,721360.0
2024-05-30,NER,NE India,Assam,26.2,92.93,620.0,47510.0,12140.0
2024-05-30,NR,North India,Rajasthan,26.91,74.22,181960.0,1877000.0,886880.0
2024-05-30,SR,South India,Tamil Nadu,11.12,78.66,137450.0,1232340.0,729150.0
2024-05-30,WR,West India,Gujarat,23.02,72.57,97020.0,1644800.0,1660710.0
2024-05-31,ER,East India,Odisha,20.95,85.09,3250.0,568890.0,687610.0
2024-05-31,NER,NE India,Assam,26.2,92.93,640.0,52510.0,8970.0
2024-05-31,NR,North India,Rajasthan,26.91,74.22,180030.0,1876000.0,886340.0
2024-05-31,SR,South India,Tamil Nadu,11.12,78.66,135650.0,1276980.0,739810.0
2024-05-31,WR,West India,Gujarat,23.02,72.57,96640.0,1641700.0,1657950.0
2024-06-01,ER,East India,Odisha,20.95,85.09,2980.0,595330.0,695480.0
2024-06-01,NER,NE India,Assam,26.2,92.93,1020.0,55570.0,12670.0
2024-06-01,NR,North India,Rajasthan,26.91,74.22,180600.0,1785000.0,842190.0
2024-06-01,SR,South India,Tamil Nadu,11.12,78.66,120910.0,1225570.0,712200.0
2024-06-01,WR,West India,Gujarat,23.02,72.57,92300.0,1628500.0,1692590.0
2024-06-02,ER,East India,Odisha,20.95,85.09,3080.0,580220.0,707280.0
2024-06-02,NER,NE India,Assam,26.2,92.93,920.0,52200.0,14780.0
2024-06-02,NR,North India,Rajasthan,26.91,74.22,173830.0,1698000.0,831090.0
2024-06-02,SR,South India,Tamil Nadu,11.12,78.66,118620.0,1079990.0,704840.0
2024-06-02,WR,West India,Gujarat,23.02,72.57,92320.0,1564300.0,1656030.0
2024-06-03,ER,East India,Odisha,20.95,85.09,3830.0,613030.0,726670.0
2024-06-03,NER,NE India,Assam,26.2,92.93,650.0,52400.0,15700.0
2024-06-03,NR,North India,Rajasthan,26.91,74.22,173370.0,1781000.0,864660.0
2024-06-03,SR,South India,Tamil Nadu,11.12,78.66,89400.0,1061300.0,735600.0
2024-06-03,WR,West India,Gujarat,23.02,72.57,91840.0,1604600.0,1708990.0
2024-06-04,ER,East India,Odisha,20.95,85.09,3890.0,626400.0,719850.0
2024-06-04,NER,NE India,Assam,26.2,92.93,720.0,54770.0,13060.0
2024-06-04,NR,North India,Rajasthan,26.91,74.22,173310.0,1792000.0,845750.0
2024-06-04,SR,South India,Tamil Nadu,11.12,78.66,109480.0,1132670.0,698410.0
2024-06-04,WR,West India,Gujarat,23.02,72.57,92510.0,1600900.0,1706220.0
2024-06-05,ER,East India,Odisha,20.95,85.09,3900.0,638740.0,710650.0
2024-06-05,NER,NE India,Assam,26.2,92.93,1040.0,59200.0,11400.0
2024-06-05,NR,North India,Rajasthan,26.91,74.22,178890.0,1763000.0,853120.0
2024-06-05,SR,South India,Tamil Nadu,11.12,78.66,122600.0,1091710.0,667590.0
2024-06-05,WR,West India,Gujarat,23.02,72.57,91920.0,1566600.0,1647800.0
2024-06-06,ER,East India,Odisha,20.95,85.09,4010.0,637200.0,702080.0
2024-06-06,NER,NE India,Assam,26.2,92.93,1000.0,63910.0,11160.0
2024-06-06,NR,North India,Rajasthan,26.91,74.22,170810.0,1591000.0,781530.0
2024-06-06,SR,South India,Tamil Nadu,11.12,78.66,104900.0,1033660.0000000001,673550.0
2024-06-06,WR,West India,Gujarat,23.02,72.57,87240.0,1592800.0,1635430.0
2024-06-07,ER,East India,Odisha,20.95,85.09,4000.0,657720.0,743380.0
2024-06-07,NER,NE India,Assam,26.2,92.93,1020.0,65330.0,11260.0
2024-06-07,NR,North India,Rajasthan,26.91,74.22,165690.0,1716000.0,847700.0
2024-06-07,SR,South India,Tamil Nadu,11.12,78.66,91320.0,1016460.0,693910.0
2024-06-07,WR,West India,Gujarat,23.02,72.57,94040.0,1574500.0,1675700.0
2024-06-08,ER,East India,Odisha,20.95,85.09,3250.0,664570.0,730270.0
2024-06-08,NER,NE India,Assam,26.2,92.93,1090.0,64470.0,12010.0
2024-06-08,NR,North India,Rajasthan,26.91,74.22,166580.0,1749000.0,867010.0
2024-06-08,SR,South India,Tamil Nadu,11.12,78.66,101060.0,983300.0,660340.0
2024-06-08,WR,West India,Gujarat,23.02,72.57,83810.0,1531000.0,1672460.0
2024-06-09,ER,East India,Odisha,20.95,85.09,4170.0,673680.0,693970.0
2024-06-09,NER,NE India,Assam,26.2,92.93,850.0,62010.0,13100.0
2024-06-09,NR,North India,Rajasthan,26.91,74.22,171920.0,1723000.0,871940.0
2024-06-09,SR,South India,Tamil Nadu,11.12,78.66,106700.0,924210.0,603700.0
2024-06-09,WR,West India,Gujarat,23.02,72.57,89670.0,1464200.0,1598530.0
2024-06-10,ER,East India,Odisha,20.95,85.09,3610.0,692020.0,723360.0
2024-06-10,NER,NE India,Assam,26.2,92.93,910.0,66130.0,13050.0
2024-06-10,NR,North India,Rajasthan,26.91,74.22,170410.0,1796000.0,887560.0
2024-06-10,SR,South India,Tamil Nadu,11.12,78.66,107220.0,1005020.0,623900.0
2024-06-10,WR,West India,Gujarat,23.02,72.57,80770.0,1465600.0,1623120.0
2024-06-11,ER,East India,Odisha,20.95,85.09,3500.0,685150.0,706480.0
2024-06-11,NER,NE India,Assam,26.2,92.93,1000.0,69430.0,11680.0
2024-06-11,NR,North India,Rajasthan,26.91,74.22,173370.0,1849000.0,890980.0
2024-06-11,SR,South India,Tamil Nadu,11.12,78.66,106730.0,1047890.0000000001,633610.0
2024-06-11,WR,West India,Gujarat,23.02,72.57,91790.0,1489500.0,1616180.0
2024-06-12,ER,East India,Odisha,20.95,85.09,3360.0,676840.0,704210.0
2024-06-12,NER,NE India,Assam,26.2,92.93,910.0,68550.0,10660.0
2024-06-12,NR,North India,Rajasthan,26.91,74.22,174240.0,1886000.0,903350.0
2024-06-12,SR,South India,Tamil Nadu,11.12,78.66,92450.0,1042700.0,636690.0
2024-06-12,WR,West India,Gujarat,23.02,72.57,88900.0,1486600.0,1612400.0
2024-06-13,ER,East India,Odisha,20.95,85.09,3460.0,666350.0,714540.0
2024-06-13,NER,NE India,Assam,26.2,92.93,610.0,64050.0,11240.0
2024-06-13,NR,North India,Rajasthan,26.91,74.22,168280.0,1903000.0,890650.0
2024-06-13,SR,South India,Tamil Nadu,11.12,78.66,105420.0,1051960.0,657710.0
2024-06-13,WR,West India,Gujarat,23.02,72.57,85170.0,1502300.0,1605200.0
2024-06-14,ER,East India,Odisha,20.95,85.09,2380.0,671300.0,728900.0
2024-06-14,NER,NE India,Assam,26.2,92.93,860.0,61940.0,11640.0
2024-06-14,NR,North India,Rajasthan,26.91,74.22,176450.0,1909000.0,890340.0
2024-06-14,SR,South India,Tamil Nadu,11.12,78.66,112730.0,1075960.0,658900.0
2024-06-14,WR,West India,Gujarat,23.02,72.57,82670.0,1506300.0,1585740.0
2024-06-15,ER,East India,Odisha,20.95,85.09,3630.0,668460.0,718280.0
2024-06-15,NER,NE India,Assam,26.2,92.93,470.0,58860.0,15490.0
2024-06-15,NR,North India,Rajasthan,26.91,74.22,178000.0,1937000.0,924730.0
2024-06-15,SR,South India,Tamil Nadu,11.12,78.66,133630.0,1083450.0,686200.0
2024-06-15,WR,West India,Gujarat,23.02,72.57,85240.0,1503900.0,1632750.0
2024-06-16,ER,East India,Odisha,20.95,85.09,2940.0,636670.0,727190.0
2024-06-16,NER,NE India,Assam,26.2,92.93,420.0,54630.0,15520.0
2024-06-16,NR,North India,Rajasthan,26.91,74.22,173100.0,1927000.0,900040.0
2024-06-16,SR,South India,Tamil Nadu,11.12,78.66,131310.0,1059930.0,665620.0
2024-06-16,WR,West India,Gujarat,23.02,72.57,84490.0,1465600.0,1619940.0
2024-06-17,ER,East India,Odisha,20.95,85.09,4070.0000000000005,665320.0,751824.0
2024-06-17,NER,NE India,Assam,26.2,92.93,380.0,53230.0,16720.0
2024-06-17,NR,North India,Rajasthan,26.91,74.22,174500.0,1973000.0,923380.0
2024-06-17,SR,South India,Tamil Nadu,11.12,78.66,124330.0,1122500.0,737940.0
2024-06-17,WR,West India,Gujarat,23.02,72.57,79570.0,1494800.0,1669470.0
2024-06-18,ER,East India,Odisha,20.95,85.09,3280.0,663770.0,739860.0
2024-06-18,NER,NE India,Assam,26.2,92.93,260.0,53330.0,13990.0
2024-06-18,NR,North India,Rajasthan,26.91,74.22,173580.0,1990000.0,905840.0
2024-06-18,SR,South India,Tamil Nadu,11.12,78.66,124290.0,1128250.0,673090.0
2024-06-18,WR,West India,Gujarat,23.02,72.57,85080.0,1478700.0,1605160.0
2024-06-19,ER,East India,Odisha,20.95,85.09,3140.0,655670.0,719920.0
2024-06-19,NER,NE India,Assam,26.2,92.93,290.0,48680.0,12190.0
2024-06-19,NR,North India,Rajasthan,26.91,74.22,173090.0,1955000.0,888280.0
2024-06-19,SR,South India,Tamil Nadu,11.12,78.66,111690.0,1109010.0,616720.0
2024-06-19,WR,West India,Gujarat,23.02,72.57,78770.0,1468300.0,1572990.0
2024-06-20,ER,East India,Odisha,20.95,85.09,3230.0,608640.0,649650.0
2024-06-20,NER,NE India,Assam,26.2,92.93,600.0,53940.0,11110.0
2024-06-20,NR,North India,Rajasthan,26.91,74.22,168720.0,1794000.0,802830.0
2024-06-20,SR,South India,Tamil Nadu,11.12,78.66,119580.0,1111460.0,600690.0
2024-06-20,WR,West India,Gujarat,23.02,72.57,84710.0,1476500.0,1476350.0
2024-06-21,ER,East India,Odisha,20.95,85.09,2170.0,603130.0,704560.0
2024-06-21,NER,NE India,Assam,26.2,92.93,950.0,61760.0,12060.0
2024-06-21,NR,North India,Rajasthan,26.91,74.22,148860.0,1830000.0,868550.0
2024-06-21,SR,South India,Tamil Nadu,11.12,78.66,111830.0,1122070.0,632780.0
2024-06-21,WR,West India,Gujarat,23.02,72.57,75330.0,1460000.0,1525760.0
2024-06-22,ER,East India,Odisha,20.95,85.09,2440.0,622830.0,713180.0
2024-06-22,NER,NE India,Assam,26.2,92.93,1000.0,66070.0,16030.000000000002
2024-06-22,NR,North India,Rajasthan,26.91,74.22,138880.0,1829000.0,882080.0
2024-06-22,SR,South India,Tamil Nadu,11.12,78.66,109950.0,1099160.0,681420.0
2024-06-22,WR,West India,Gujarat,23.02,72.57,79800.0,1453200.0,1590120.0
2024-06-23,ER,East India,Odisha,20.95,85.09,3310.0,625930.0,698110.0
2024-06-23,NER,NE India,Assam,26.2,92.93,880.0,64879.99999999999,14430.0
2024-06-23,NR,North India,Rajasthan,26.91,74.22,164370.0,1817000.0,859090.0
2024-06-23,SR,South India,Tamil Nadu,11.12,78.66,111840.0,1028550.0,649050.0
2024-06-23,WR,West India,Gujarat,23.02,72.57,71260.0,1393900.0,1549130.0
2024-06-24,ER,East India,Odisha,20.95,85.09,3240.0,652820.0,719090.0
2024-06-24,NER,NE India,Assam,26.2,92.93,810.0,66680.0,15270.0
2024-06-24,NR,North India,Rajasthan,26.91,74.22,163880.0,1871000.0,872140.0
2024-06-24,SR,South India,Tamil Nadu,11.12,78.66,114010.0,1086130.0,560360.2
2024-06-24,WR,West India,Gujarat,23.02,72.57,68830.0,1416800.0,1614370.0
2024-06-25,ER,East India,Odisha,20.95,85.09,2980.0,661920.0,724652.0
2024-06-25,NER,NE India,Assam,26.2,92.93,870.0,68800.0,15650.0
2024-06-25,NR,North India,Rajasthan,26.91,74.22,151580.0,1887000.0,873590.0
2024-06-25,SR,South India,Tamil Nadu,11.12,78.66,110390.0,1123870.0,665600.0
2024-06-25,WR,West India,Gujarat,23.02,72.57,73790.0,1445000.0,1617130.0
2024-06-26,ER,East India,Odisha,20.95,85.09,3010.0,648480.0,734555.0
2024-06-26,NER,NE India,Assam,26.2,92.93,1080.0,71660.0,14920.0
2024-06-26,NR,North India,Rajasthan,26.91,74.22,127310.0,1843000.0,847100.0
2024-06-26,SR,South India,Tamil Nadu,11.12,78.66,100340.0,1115210.0,654740.0
2024-06-26,WR,West India,Gujarat,23.02,72.57,79010.0,1442500.0,1609070.0
2024-06-27,ER,East India,Odisha,20.95,85.09,2940.0,640890.0,710133.0
2024-06-27,NER,NE India,Assam,26.2,92.93,820.0,70280.0,10970.0
2024-06-27,NR,North India,Rajasthan,26.91,74.22,134480.0,1716000.0,770950.0
2024-06-27,SR,South India,Tamil Nadu,11.12,78.66,83670.0,1093860.0,633340.0
2024-06-27,WR,West India,Gujarat,23.02,72.57,65140.0,1428100.0,1583310.0
2024-06-28,ER,East India,Odisha,20.95,85.09,2420.0,632340.0,724640.0
2024-06-28,NER,NE India,Assam,26.2,92.93,640.0,64970.0,13640.0
2024-06-28,NR,North India,Rajasthan,26.91,74.22,121480.0,1716000.0,801250.0
2024-06-28,SR,South India,Tamil Nadu,11.12,78.66,113700.0,1116720.0,617600.0
2024-06-28,WR,West India,Gujarat,23.02,72.57,66720.0,1389900.0,1547990.0
2024-06-29,ER,East India,Odisha,20.95,85.09,2350.0,610210.0,703310.0
2024-06-29,NER,NE India,Assam,26.2,92.93,530.0,63310.0,14340.0
2024-06-29,NR,North India,Rajasthan,26.91,74.22,112630.0,1712000.0,803520.0
2024-06-29,SR,South India,Tamil Nadu,11.12,78.66,113650.0,1137770.0,626640.0
2024-06-29,WR,West India,Gujarat,23.02,72.57,67560.0,1364700.0,1524110.0
2024-06-30,ER,East India,Odisha,20.95,85.09,2440.0,557660.0,647920.0
2024-06-30,NER,NE India,Assam,26.2,92.93,490.0,58410.0,13720.0
2024-06-30,NR,North India,Rajasthan,26.91,74.22,156900.0,1664000.0,776590.0
2024-06-30,SR,South India,Tamil Nadu,11.12,78.66,85710.0,1048790.0,550930.0
2024-06-30,WR,West India,Gujarat,23.02,72.57,52830.0,1293100.0,1435590.0
2024-07-01,ER,East India,Odisha,20.95,85.09,2560.0,570930.0,685570.0
2024-07-01,NER,NE India,Assam,26.2,92.93,260.0,52680.0,14230.0
2024-07-01,NR,North India,Rajasthan,26.91,74.22,159340.0,1709000.0,791440.0
2024-07-01,SR,South India,Tamil Nadu,11.12,78.66,95490.0,1070050.0,558290.0
2024-07-01,WR,West India,Gujarat,23.02,72.57,51563.0,1275700.0,1371920.0
2024-07-02,ER,East India,Odisha,20.95,85.09,2530.0,539470.0,653540.0
2024-07-02,NER,NE India,Assam,26.2,92.93,610.0,55760.0,12560.0
2024-07-02,NR,North India,Rajasthan,26.91,74.22,160290.0,1710000.0,737310.0
2024-07-02,SR,South India,Tamil Nadu,11.12,78.66,113720.0,1109730.0,550330.0
2024-07-02,WR,West India,Gujarat,23.02,72.57,41240.0,1287500.0,1311360.0
2024-07-03,ER,East India,Odisha,20.95,85.09,1390.0,537740.0,631791.0
2024-07-03,NER,NE India,Assam,26.2,92.93,950.0,59410.0,12560.0
2024-07-03,NR,North India,Rajasthan,26.91,74.22,164540.0,1640000.0,733230.0
2024-07-03,SR,South India,Tamil Nadu,11.12,78.66,111010.0,1140810.0,565790.0
2024-07-03,WR,West India,Gujarat,23.02,72.57,70430.0,1333200.0,1373210.0
2024-07-04,ER,East India,Odisha,20.95,85.09,2460.0,554030.0,647647.0
2024-07-04,NER,NE India,Assam,26.2,92.93,980.0,63210.0,14360.0
2024-07-04,NR,North India,Rajasthan,26.91,74.22,140050.0,1525000.0,758250.0
2024-07-04,SR,South India,Tamil Nadu,11.12,78.66,104270.0,1160370.0,572100.0
2024-07-04,WR,West India,Gujarat,23.02,72.57,61070.0,1357700.0,1394340.0
2024-07-05,ER,East India,Odisha,20.95,85.09,2330.0,558730.0,631031.0
2024-07-05,NER,NE India,Assam,26.2,92.93,650.0,59520.0,15010.0
2024-07-05,NR,North India,Rajasthan,26.91,74.22,149600.0,1563000.0,768460.0
2024-07-05,SR,South India,Tamil Nadu,11.12,78.66,109820.0,1163700.0,579290.0
2024-07-05,WR,West India,Gujarat,23.02,72.57,58500.0,1352000.0,1414300.0
2024-07-06,ER,East India,Odisha,20.95,85.09,2480.0,558190.0,599580.0
2024-07-06,NER,NE India,Assam,26.2,92.93,900.0,61490.0,12250.0
2024-07-06,NR,North India,Rajasthan,26.91,74.22,149040.0,1444000.0,675140.0
2024-07-06,SR,South India,Tamil Nadu,11.12,78.66,88670.0,1096060.0,520340.00000000006
2024-07-06,WR,West India,Gujarat,23.02,72.57,68680.0,1349700.0,1323460.0
2024-07-07,ER,East India,Odisha,20.95,85.09,2920.0,560660.0,604500.0
2024-07-07,NER,NE India,Assam,26.2,92.93,840.0,62460.0,12060.0
2024-07-07,NR,North India,Rajasthan,26.91,74.22,110980.0,1424000.0,662340.0
2024-07-07,SR,South India,Tamil Nadu,11.12,78.66,105270.0,1039760.0,546920.0
2024-07-07,WR,West India,Gujarat,23.02,72.57,63740.0,1329100.0,1306910.0
2024-07-08,ER,East India,Odisha,20.95,85.09,3780.0,611380.0,681250.0
2024-07-08,NER,NE India,Assam,26.2,92.93,890.0,62470.0,15530.0
2024-07-08,NR,North India,Rajasthan,26.91,74.22,129479.99999999999,1562000.0,771120.0
2024-07-08,SR,South India,Tamil Nadu,11.12,78.66,98750.0,1106290.0,618890.0
2024-07-08,WR,West India,Gujarat,23.02,72.57,68000.0,1387800.0,1487740.0
2024-07-09,ER,East India,Odisha,20.95,85.09,3590.0,631650.0,701716.0
2024-07-09,NER,NE India,Assam,26.2,92.93,840.0,64690.0,16219.999999999998
2024-07-09,NR,North India,Rajasthan,26.91,74.22,161520.0,1672000.0,818850.0
2024-07-09,SR,South India,Tamil Nadu,11.12,78.66,101550.0,1124550.0,660520.0
2024-07-09,WR,West India,Gujarat,23.02,72.57,73650.0,1390000.0,1519010.0
2024-07-10,ER,East India,Odisha,20.95,85.09,3340.0,625510.0,710510.0
2024-07-10,NER,NE India,Assam,26.2,92.93,510.0,62940.0,16030.000000000002
2024-07-10,NR,North India,Rajasthan,26.91,74.22,165910.0,1737000.0,811210.0
2024-07-10,SR,South India,Tamil Nadu,11.12,78.66,125750.0,1151690.0,668750.0
2024-07-10,WR,West India,Gujarat,23.02,72.57,81510.0,1390500.0,1527870.0
2024-07-11,ER,East India,Odisha,20.95,85.09,3010.0,630290.0,692000.0
2024-07-11,NER,NE India,Assam,26.2,92.93,580.0,62420.0,15550.0
2024-07-11,NR,North India,Rajasthan,26.91,74.22,166270.0,1786000.0,829450.0
2024-07-11,SR,South India,Tamil Nadu,11.12,78.66,120500.0,1171150.0,647530.0
2024-07-11,WR,West India,Gujarat,23.02,72.57,78340.0,1399400.0,1474470.0
2024-07-12,ER,East India,Odisha,20.95,85.09,1640.0,583460.0,644736.0
2024-07-12,NER,NE India,Assam,26.2,92.93,950.0,65069.99999999999,14250.0
2024-07-12,NR,North India,Rajasthan,26.91,74.22,157430.0,1725000.0,787310.0
2024-07-12,SR,South India,Tamil Nadu,11.12,78.66,113600.0,1170290.0,606590.0
2024-07-12,WR,West India,Gujarat,23.02,72.57,70190.0,1390200.0,1426870.0
2024-07-13,ER,East India,Odisha,20.95,85.09,2240.0,602210.0,650420.0
2024-07-13,NER,NE India,Assam,26.2,92.93,1140.0,65680.0,13470.0
2024-07-13,NR,North India,Rajasthan,26.91,74.22,148560.0,1712000.0,790870.0
2024-07-13,SR,South India,Tamil Nadu,11.12,78.66,90880.0,1091940.0,589880.0
2024-07-13,WR,West India,Gujarat,23.02,72.57,74310.0,1366900.0,1406140.0
2024-07-14,ER,East India,Odisha,20.95,85.09,7040.0,598900.0,642580.0
2024-07-14,NER,NE India,Assam,26.2,92.93,970.0,66180.0,9570.0
2024-07-14,NR,North India,Rajasthan,26.91,74.22,146100.0,1744000.0,817840.0
2024-07-14,SR,South India,Tamil Nadu,11.12,78.66,82120.0,1002150.0,568120.0
2024-07-14,WR,West India,Gujarat,23.02,72.57,76440.0,1338500.0,1335030.0
2024-07-15,ER,East India,Odisha,20.95,85.09,2600.0,619510.0,701900.0
2024-07-15,NER,NE India,Assam,26.2,92.93,890.0,64550.0,15680.0
2024-07-15,NR,North India,Rajasthan,26.91,74.22,164610.0,1806000.0,871900.0
2024-07-15,SR,South India,Tamil Nadu,11.12,78.66,69170.0,1019370.0,600910.0
2024-07-15,WR,West India,Gujarat,23.02,72.57,66420.0,1376600.0,1510290.0
2024-07-16,ER,East India,Odisha,20.95,85.09,2900.0,623280.0,697770.0
2024-07-16,NER,NE India,Assam,26.2,92.93,860.0,67630.0,14760.0
2024-07-16,NR,North India,Rajasthan,26.91,74.22,164650.0,1882000.0,889630.0
2024-07-16,SR,South India,Tamil Nadu,11.12,78.66,85710.0,1016990.0,554630.0
2024-07-16,WR,West India,Gujarat,23.02,72.57,90830.0,1392500.0,1478850.0
2024-07-17,ER,East India,Odisha,20.95,85.09,2870.0,609020.0,708570.0
2024-07-17,NER,NE India,Assam,26.2,92.93,1080.0,71010.0,15770.0
2024-07-17,NR,North India,Rajasthan,26.91,74.22,143140.0,1871000.0,858970.0
2024-07-17,SR,South India,Tamil Nadu,11.12,78.66,85220.0,1060710.0,583970.0
2024-07-17,WR,West India,Gujarat,23.02,72.57,69460.0,1375300.0,1462900.0
2024-07-18,ER,East India,Odisha,20.95,85.09,2920.0,646960.0,700045.0
2024-07-18,NER,NE India,Assam,26.2,92.93,1030.0,70120.0,15200.0
2024-07-18,NR,North India,Rajasthan,26.91,74.22,151410.0,1874000.0,871330.0
2024-07-18,SR,South India,Tamil Nadu,11.12,78.66,89350.0,1046200.0,584910.0
2024-07-18,WR,West India,Gujarat,23.02,72.57,71050.0,1385800.0,1444404.0
2024-07-19,ER,East India,Odisha,20.95,85.09,2970.0,646230.0,678580.0
2024-07-19,NER,NE India,Assam,26.2,92.93,1200.0,71880.0,14910.0
2024-07-19,NR,North India,Rajasthan,26.91,74.22,157100.0,1861000.0,871610.0
2024-07-19,SR,South India,Tamil Nadu,11.12,78.66,78740.0,998730.0,541770.0
2024-07-19,WR,West India,Gujarat,23.02,72.57,75480.0,1398800.0,1416390.0
2024-07-20,ER,East India,Odisha,20.95,85.09,2050.0,637760.0,682990.0
2024-07-20,NER,NE India,Assam,26.2,92.93,760.0,70110.0,15310.0
2024-07-20,NR,North India,Rajasthan,26.91,74.22,138190.0,1890000.0,891090.0
2024-07-20,SR,South India,Tamil Nadu,11.12,78.66,71440.0,971900.0,540310.0
2024-07-20,WR,West India,Gujarat,23.02,72.57,68270.0,1382700.0,1438780.0
2024-07-21,ER,East India,Odisha,20.95,85.09,1960.0,613820.0,655560.0
2024-07-21,NER,NE India,Assam,26.2,92.93,870.0,67480.0,14120.0
2024-07-21,NR,North India,Rajasthan,26.91,74.22,156190.0,1884000.0,872510.0
2024-07-21,SR,South India,Tamil Nadu,11.12,78.66,85500.0,934380.0,523799.99999999994
2024-07-21,WR,West India,Gujarat,23.02,72.57,70890.0,1320800.0,1364710.0
2024-07-22,ER,East India,Odisha,20.95,85.09,1510.0,619610.0,697660.0
2024-07-22,NER,NE India,Assam,26.2,92.93,660.0,61770.0,15090.0
2024-07-22,NR,North India,Rajasthan,26.91,74.22,148070.0,1901000.0,898770.0
2024-07-22,SR,South India,Tamil Nadu,11.12,78.66,90810.0,1014360.0,543710.0
2024-07-22,WR,West India,Gujarat,23.02,72.57,58140.0,1339800.0,1377480.0
2024-07-23,ER,East India,Odisha,20.95,85.09,1250.0,617690.0,694360.0
2024-07-23,NER,NE India,Assam,26.2,92.93,1100.0,67580.0,13640.0
2024-07-23,NR,North India,Rajasthan,26.91,74.22,152060.0,1880000.0,889030.0
2024-07-23,SR,South India,Tamil Nadu,11.12,78.66,87550.0,1068820.0,519100.0
2024-07-23,WR,West India,Gujarat,23.02,72.57,50020.0,1314500.0,1328260.0
2024-07-24,ER,East India,Odisha,20.95,85.09,1380.0,624510.0,678900.0
2024-07-24,NER,NE India,Assam,26.2,92.93,1240.0,71690.0,13730.0
2024-07-24,NR,North India,Rajasthan,26.91,74.22,148900.0,1826000.0,857660.0
2024-07-24,SR,South India,Tamil Nadu,11.12,78.66,87120.0,1077740.0,536100.0
2024-07-24,WR,West India,Gujarat,23.02,72.57,42284.0,1265700.0,1275030.0
2024-07-25,ER,East India,Odisha,20.95,85.09,1490.0,631710.0,681320.0
2024-07-25,NER,NE India,Assam,26.2,92.93,1240.0,72620.0,13300.0
2024-07-25,NR,North India,Rajasthan,26.91,74.22,147490.0,1835000.0,865070.0
2024-07-25,SR,South India,Tamil Nadu,11.12,78.66,74950.0,1040750.0,541310.0
2024-07-25,WR,West India,Gujarat,23.02,72.57,45470.0,1261200.0,1215070.0
2024-07-26,ER,East India,Odisha,20.95,85.09,2240.0,636300.0,678750.0
2024-07-26,NER,NE India,Assam,26.2,92.93,1280.0,74700.0,13170.0
2024-07-26,NR,North India,Rajasthan,26.91,74.22,147790.0,1831000.0,857570.0
2024-07-26,SR,South India,Tamil Nadu,11.12,78.66,93750.0,1054180.0,544630.0
2024-07-26,WR,West India,Gujarat,23.02,72.57,47820.0,1265100.0,1228330.0
2024-07-27,ER,East India,Odisha,20.95,85.09,1960.0,618870.0,670490.0
2024-07-27,NER,NE India,Assam,26.2,92.93,1280.0,76380.0,14340.0
2024-07-27,NR,North India,Rajasthan,26.91,74.22,162140.0,1825000.0,839290.0
2024-07-27,SR,South India,Tamil Nadu,11.12,78.66,91190.0,1070940.0,550150.0
2024-07-27,WR,West India,Gujarat,23.02,72.57,37400.0,1273000.0,1270440.0
2024-07-28,ER,East India,Odisha,20.95,85.09,2490.0,621460.0,652370.0
2024-07-28,NER,NE India,Assam,26.2,92.93,1300.0,72660.0,14340.0
2024-07-28,NR,North India,Rajasthan,26.91,74.22,140350.0,1810000.0,855130.0
2024-07-28,SR,South India,Tamil Nadu,11.12,78.66,103550.0,1049450.0,543380.0
2024-07-28,WR,West India,Gujarat,23.02,72.57,48240.0,1241500.0,1301450.0
2024-07-29,ER,East India,Odisha,20.95,85.09,2220.0,639800.0,687070.0
2024-07-29,NER,NE India,Assam,26.2,92.93,650.0,71240.0,16010.000000000002
2024-07-29,NR,North India,Rajasthan,26.91,74.22,144700.0,1886000.0,919150.0
2024-07-29,SR,South India,Tamil Nadu,11.12,78.66,102110.0,1144790.0,586240.0
2024-07-29,WR,West India,Gujarat,23.02,72.57,35346.0,1280500.0,1383270.0
2024-07-30,ER,East India,Odisha,20.95,85.09,2680.0,641430.0,684491.0
2024-07-30,NER,NE India,Assam,26.2,92.93,730.0,70300.0,16400.0
2024-07-30,NR,North India,Rajasthan,26.91,74.22,152630.0,1925000.0,928460.0
2024-07-30,SR,South India,Tamil Nadu,11.12,78.66,110410.0,1175090.0,634960.0
2024-07-30,WR,West India,Gujarat,23.02,72.57,55340.0,1304100.0,1387690.0
2024-07-31,ER,East India,Odisha,20.95,85.09,2220.0,621560.0,676518.0
2024-07-31,NER,NE India,Assam,26.2,92.93,1000.0,70390.0,14370.0
2024-07-31,NR,North India,Rajasthan,26.91,74.22,150220.0,1853000.0,884760.0
2024-07-31,SR,South India,Tamil Nadu,11.12,78.66,119390.0,1186480.0,582740.0
2024-07-31,WR,West India,Gujarat,23.02,72.57,62460.0,1299000.0,1389980.0
2024-08-01,ER,East India,Odisha,20.95,85.09,1770.0,559890.0,605766.0
2024-08-01,NER,NE India,Assam,26.2,92.93,870.0,68040.0,7970.0
2024-08-01,NR,North India,Rajasthan,26.91,74.22,90380.0,1579000.0,740840.0
2024-08-01,SR,South India,Tamil Nadu,11.12,78.66,110080.0,1176890.0,519940.00000000006
2024-08-01,WR,West India,Gujarat,23.02,72.57,56590.0,1278000.0,1299740.0
2024-08-02,ER,East India,Odisha,20.95,85.09,1470.0,461180.0,580580.0
2024-08-02,NER,NE India,Assam,26.2,92.93,630.0,63440.0,10900.0
2024-08-02,NR,North India,Rajasthan,26.91,74.22,52580.0,1632000.0,737640.0
2024-08-02,SR,South India,Tamil Nadu,11.12,78.66,100160.0,1171120.0,509230.0
2024-08-02,WR,West India,Gujarat,23.02,72.57,38520.0,1261700.0,1257390.0
2024-08-03,ER,East India,Odisha,20.95,85.09,2250.0,469220.0,569058.0
2024-08-03,NER,NE India,Assam,26.2,92.93,810.0,63910.0,11690.0
2024-08-03,NR,North India,Rajasthan,26.91,74.22,105220.0,1602000.0,712590.0
2024-08-03,SR,South India,Tamil Nadu,11.12,78.66,110390.0,1159660.0,512960.00000000006
2024-08-03,WR,West India,Gujarat,23.02,72.57,43820.0,1228200.0,1211660.0
2024-08-04,ER,East India,Odisha,20.95,85.09,2890.0,533700.0,571490.0
2024-08-04,NER,NE India,Assam,26.2,92.93,960.0,63940.0,11750.0
2024-08-04,NR,North India,Rajasthan,26.91,74.22,137230.0,1541000.0,676450.0
2024-08-04,SR,South India,Tamil Nadu,11.12,78.66,116480.0,1118060.0,512840.00000000006
2024-08-04,WR,West India,Gujarat,23.02,72.57,45530.0,1167400.0,1166290.0
2024-08-05,ER,East India,Odisha,20.95,85.09,2640.0,575500.0,652220.0
2024-08-05,NER,NE India,Assam,26.2,92.93,670.0,64620.00000000001,14000.0
2024-08-05,NR,North India,Rajasthan,26.91,74.22,81210.0,1623000.0,757600.0
2024-08-05,SR,South India,Tamil Nadu,11.12,78.66,114350.0,1178940.0,567610.0
2024-08-05,WR,West India,Gujarat,23.02,72.57,57460.0,1231300.0,1326300.0
2024-08-06,ER,East India,Odisha,20.95,85.09,1710.0,561300.0,672138.0
2024-08-06,NER,NE India,Assam,26.2,92.93,850.0,63780.0,12540.0
2024-08-06,NR,North India,Rajasthan,26.91,74.22,63420.0,1696000.0,791460.0
2024-08-06,SR,South India,Tamil Nadu,11.12,78.66,100660.0,1153330.0,573330.0
2024-08-06,WR,West India,Gujarat,23.02,72.57,59570.0,1276000.0,1322120.0
2024-08-07,ER,East India,Odisha,20.95,85.09,1820.0,564920.0,630660.0
2024-08-07,NER,NE India,Assam,26.2,92.93,880.0,66950.0,12170.0
2024-08-07,NR,North India,Rajasthan,26.91,74.22,100000.0,1624000.0,739570.0
2024-08-07,SR,South India,Tamil Nadu,11.12,78.66,78010.0,1080860.0,559730.0
2024-08-07,WR,West India,Gujarat,23.02,72.57,62910.0,1278700.0,1287080.0
2024-08-08,ER,East India,Odisha,20.95,85.09,2620.0,579770.0,614440.0
2024-08-08,NER,NE India,Assam,26.2,92.93,760.0,64580.0,12320.0
2024-08-08,NR,North India,Rajasthan,26.91,74.22,123380.0,1612000.0,720540.0
2024-08-08,SR,South India,Tamil Nadu,11.12,78.66,106180.0,1086640.0,552200.0
2024-08-08,WR,West India,Gujarat,23.02,72.57,66920.0,1011300.0,1298602.0
2024-08-09,ER,East India,Odisha,20.95,85.09,2420.0,579350.0,644100.0
2024-08-09,NER,NE India,Assam,26.2,92.93,1040.0,65830.0,13520.0
2024-08-09,NR,North India,Rajasthan,26.91,74.22,139290.0,1632000.0,742660.0
2024-08-09,SR,South India,Tamil Nadu,11.12,78.66,121970.0,1134640.0,588470.0
2024-08-09,WR,West India,Gujarat,23.02,72.57,61120.0,1311500.0,1322530.0
2024-08-10,ER,East India,Odisha,20.95,85.09,2740.0,580620.0,632010.0
2024-08-10,NER,NE India,Assam,26.2,92.93,830.0,66510.0,12700.0
2024-08-10,NR,North India,Rajasthan,26.91,74.22,125670.0,1613000.0,746910.0
2024-08-10,SR,South India,Tamil Nadu,11.12,78.66,120060.0,1130760.0,571230.0
2024-08-10,WR,West India,Gujarat,23.02,72.57,56740.0,1303600.0,1278100.0
2024-08-11,ER,East India,Odisha,20.95,85.09,2740.0,557610.0,594260.0
2024-08-11,NER,NE India,Assam,26.2,92.93,620.0,63890.0,12350.0
2024-08-11,NR,North India,Rajasthan,26.91,74.22,137980.0,1432000.0,681980.0
2024-08-11,SR,South India,Tamil Nadu,11.12,78.66,119580.0,1086780.0,520730.0
2024-08-11,WR,West India,Gujarat,23.02,72.57,59420.0,1280400.0,1223240.0
2024-08-12,ER,East India,Odisha,20.95,85.09,2830.0,586990.0,646570.0
2024-08-12,NER,NE India,Assam,26.2,92.93,760.0,65209.99999999999,12600.0
2024-08-12,NR,North India,Rajasthan,26.91,74.22,152920.0,1467000.0,713710.0
2024-08-12,SR,South India,Tamil Nadu,11.12,78.66,126000.0,1160600.0,530130.0
2024-08-12,WR,West India,Gujarat,23.02,72.57,66630.0,1328700.0,1279440.0
2024-08-13,ER,East India,Odisha,20.95,85.09,2940.0,600220.0,683890.0
2024-08-13,NER,NE India,Assam,26.2,92.93,1070.0,68050.0,15790.0
2024-08-13,NR,North India,Rajasthan,26.91,74.22,128380.0,1546000.0,761790.0
2024-08-13,SR,South India,Tamil Nadu,11.12,78.66,120250.0,1194390.0,624610.0
2024-08-13,WR,West India,Gujarat,23.02,72.57,81160.0,1368100.0,1378620.0
2024-08-14,ER,East India,Odisha,20.95,85.09,2580.0,595400.0,699350.0
2024-08-14,NER,NE India,Assam,26.2,92.93,1050.0,74170.0,16500.0
2024-08-14,NR,North India,Rajasthan,26.91,74.22,91440.0,1606000.0,799110.0
2024-08-14,SR,South India,Tamil Nadu,11.12,78.66,118030.0,1204480.0,652190.0
2024-08-14,WR,West India,Gujarat,23.02,72.57,76770.0,1393300.0,1419350.0
2024-08-15,ER,East India,Odisha,20.95,85.09,9080.0,589340.0,632750.0
2024-08-15,NER,NE India,Assam,26.2,92.93,840.0,63630.0,14200.0
2024-08-15,NR,North India,Rajasthan,26.91,74.22,105100.0,1529000.0,752330.0
2024-08-15,SR,South India,Tamil Nadu,11.12,78.66,122620.0,1130300.0,611030.0
2024-08-15,WR,West India,Gujarat,23.02,72.57,71360.0,1294900.0,1331930.0
2024-08-16,ER,East India,Odisha,20.95,85.09,2630.0,600440.0,681740.0
2024-08-16,NER,NE India,Assam,26.2,92.93,1100.0,67130.0,17300.0
2024-08-16,NR,North India,Rajasthan,26.91,74.22,67160.0,1584000.0,799800.0
2024-08-16,SR,South India,Tamil Nadu,11.12,78.66,104460.0,1191890.0,651830.0
2024-08-16,WR,West India,Gujarat,23.02,72.57,67370.0,1362600.0,1433470.0
2024-08-17,ER,East India,Odisha,20.95,85.09,3020.0,617870.0,677550.0
2024-08-17,NER,NE India,Assam,26.2,92.93,660.0,69620.0,15330.0
2024-08-17,NR,North India,Rajasthan,26.91,74.22,103230.0,1618000.0,806580.0
2024-08-17,SR,South India,Tamil Nadu,11.12,78.66,113620.0,1153010.0,606540.0
2024-08-17,WR,West India,Gujarat,23.02,72.57,72210.0,1403300.0,1427260.0
2024-08-18,ER,East India,Odisha,20.95,85.09,2850.0,574990.0,649490.0
2024-08-18,NER,NE India,Assam,26.2,92.93,700.0,63460.0,14420.0
2024-08-18,NR,North India,Rajasthan,26.91,74.22,144430.0,1572000.0,744420.0
2024-08-18,SR,South India,Tamil Nadu,11.12,78.66,122100.0,1110660.0,593450.0
2024-08-18,WR,West India,Gujarat,23.02,72.57,86360.0,1374900.0,1376110.0
2024-08-19,ER,East India,Odisha,20.95,85.09,2930.0,590480.0,666070.0
2024-08-19,NER,NE India,Assam,26.2,92.93,590.0,61820.0,14670.0
2024-08-19,NR,North India,Rajasthan,26.91,74.22,155940.0,1554000.0,740340.0
2024-08-19,SR,South India,Tamil Nadu,11.12,78.66,95660.0,1157460.0,624210.0
2024-08-19,WR,West India,Gujarat,23.02,72.57,86220.0,1317900.0,1378740.0
2024-08-20,ER,East India,Odisha,20.95,85.09,2850.0,588280.0,672510.0
2024-08-20,NER,NE India,Assam,26.2,92.93,380.0,55040.0,13300.0
2024-08-20,NR,North India,Rajasthan,26.91,74.22,169780.0,1537000.0,720620.0
2024-08-20,SR,South India,Tamil Nadu,11.12,78.66,118710.0,1120420.0,596950.0
2024-08-20,WR,West India,Gujarat,23.02,72.57,84220.0,1376000.0,1372110.0
2024-08-21,ER,East India,Odisha,20.95,85.09,3300.0,602310.0,682080.0
2024-08-21,NER,NE India,Assam,26.2,92.93,770.0,59510.0,14610.0
2024-08-21,NR,North India,Rajasthan,26.91,74.22,160650.0,1612000.0,772660.0
2024-08-21,SR,South India,Tamil Nadu,11.12,78.66,122660.0,1134290.0,632690.0
2024-08-21,WR,West India,Gujarat,23.02,72.57,88260.0,1423300.0,1406560.0
2024-08-22,ER,East India,Odisha,20.95,85.09,2180.0,595850.0,689070.0
2024-08-22,NER,NE India,Assam,26.2,92.93,1010.0,65530.0,14820.0
2024-08-22,NR,North India,Rajasthan,26.91,74.22,151970.0,1661000.0,803300.0
2024-08-22,SR,South India,Tamil Nadu,11.12,78.66,114040.0,1121530.0,639360.0
2024-08-22,WR,West India,Gujarat,23.02,72.57,83820.0,1427000.0,1396100.0
2024-08-23,ER,East India,Odisha,20.95,85.09,1940.0,552030.0,642330.0
2024-08-23,NER,NE India,Assam,26.2,92.93,1130.0,68700.0,14330.0
2024-08-23,NR,North India,Rajasthan,26.91,74.22,146520.0,1636000.0,775080.0
2024-08-23,SR,South India,Tamil Nadu,11.12,78.66,124800.0,1150070.0,643780.0
2024-08-23,WR,West India,Gujarat,23.02,72.57,71440.0,1405400.0,1368170.0
2024-08-24,ER,East India,Odisha,20.95,85.09,2310.0,567870.0,627660.0
2024-08-24,NER,NE India,Assam,26.2,92.93,900.0,68600.0,12480.0
2024-08-24,NR,North India,Rajasthan,26.91,74.22,141680.0,1639000.0,741860.0
2024-08-24,SR,South India,Tamil Nadu,11.12,78.66,104520.0,1133080.0,582280.0
2024-08-24,WR,West India,Gujarat,23.02,72.57,50130.0,1307300.0,1281040.0
2024-08-25,ER,East India,Odisha,20.95,85.09,2580.0,547770.0,570510.0
2024-08-25,NER,NE India,Assam,26.2,92.93,1070.0,67330.0,11490.0
2024-08-25,NR,North India,Rajasthan,26.91,74.22,132360.0,1601000.0,684580.0
2024-08-25,SR,South India,Tamil Nadu,11.12,78.66,118330.0,1055490.0,505030.0
2024-08-25,WR,West India,Gujarat,23.02,72.57,42800.0,1198200.0,1084870.0
2024-08-26,ER,East India,Odisha,20.95,85.09,2620.0,553340.0,588710.0
2024-08-26,NER,NE India,Assam,26.2,92.93,1110.0,67880.0,12260.0
2024-08-26,NR,North India,Rajasthan,26.91,74.22,124480.0,1639000.0,728080.0
2024-08-26,SR,South India,Tamil Nadu,11.12,78.66,129350.0,1154720.0,526260.0
2024-08-26,WR,West India,Gujarat,23.02,72.57,45890.0,1160100.0,1053300.0
2024-08-27,ER,East India,Odisha,20.95,85.09,2180.0,543520.0,594380.0
2024-08-27,NER,NE India,Assam,26.2,92.93,1140.0,70890.0,11900.0
2024-08-27,NR,North India,Rajasthan,26.91,74.22,98830.0,1512000.0,686620.0
2024-08-27,SR,South India,Tamil Nadu,11.12,78.66,123480.0,1216030.0,534650.0
2024-08-27,WR,West India,Gujarat,23.02,72.57,55500.0,1156900.0,1061430.0
2024-08-28,ER,East India,Odisha,20.95,85.09,2470.0,578500.0,629740.0
2024-08-28,NER,NE India,Assam,26.2,92.93,940.0,70060.0,12430.0
2024-08-28,NR,North India,Rajasthan,26.91,74.22,141150.0,1490000.0,690710.0
2024-08-28,SR,South India,Tamil Nadu,11.12,78.66,100930.0,1220780.0,557350.0
2024-08-28,WR,West India,Gujarat,23.02,72.57,53490.0,1221400.0,1106470.0
2024-08-29,ER,East India,Odisha,20.95,85.09,1890.0,598630.0,628770.0
2024-08-29,NER,NE India,Assam,26.2,92.93,1160.0,72890.0,12420.0
2024-08-29,NR,North India,Rajasthan,26.91,74.22,138040.0,1418000.0,689390.0
2024-08-29,SR,South India,Tamil Nadu,11.12,78.66,117290.0,1204330.0,552040.0
2024-08-29,WR,West India,Gujarat,23.02,72.57,60400.0,1248600.0,1118200.0
2024-08-30,ER,East India,Odisha,20.95,85.09,3160.0,619770.0,660840.0
2024-08-30,NER,NE India,Assam,26.2,92.93,1270.0,73230.0,13780.0
2024-08-30,NR,North India,Rajasthan,26.91,74.22,140420.0,1526000.0,745630.0
2024-08-30,SR,South India,Tamil Nadu,11.12,78.66,95190.0,1138350.0,571170.0
2024-08-30,WR,West India,Gujarat,23.02,72.57,74980.0,1279700.0,1181880.0
2024-08-31,ER,East India,Odisha,20.95,85.09,3100.0,622030.0,673430.0
2024-08-31,NER,NE India,Assam,26.2,92.93,630.0,65200.0,14750.0
2024-08-31,NR,North India,Rajasthan,26.91,74.22,137080.0,1618000.0,788930.0
2024-08-31,SR,South India,Tamil Nadu,11.12,78.66,73000.0,1042660.0000000001,570690.0
2024-08-31,WR,West India,Gujarat,23.02,72.57,85030.0,1315700.0,1217290.0
2024-09-01,ER,East India,Odisha,20.95,85.09,2520.0,584080.0,612920.0
2024-09-01,NER,NE India,Assam,26.2,92.93,980.0,65000.0,9580.0
2024-09-01,NR,North India,Rajasthan,26.91,74.22,148930.0,1627000.0,751680.0
2024-09-01,SR,South India,Tamil Nadu,11.12,78.66,72090.0,895240.0,506360.0
2024-09-01,WR,West India,Gujarat,23.02,72.57,76420.0,1271000.0,1158330.0
2024-09-02,ER,East India,Odisha,20.95,85.09,3190.0,608000.0,639650.0
2024-09-02,NER,NE India,Assam,26.2,92.93,1150.0,69560.0,12150.0
2024-09-02,NR,North India,Rajasthan,26.91,74.22,138160.0,1655000.0,783560.0
2024-09-02,SR,South India,Tamil Nadu,11.12,78.66,106990.0,988180.0,530220.0
2024-09-02,WR,West India,Gujarat,23.02,72.57,58860.0,1314200.0,1228340.0
2024-09-03,ER,East India,Odisha,20.95,85.09,3500.0,623630.0,637120.0
2024-09-03,NER,NE India,Assam,26.2,92.93,1050.0,70260.0,15710.0
2024-09-03,NR,North India,Rajasthan,26.91,74.22,104820.0,1625000.0,808340.0
2024-09-03,SR,South India,Tamil Nadu,11.12,78.66,107240.0,1028880.0000000001,541590.0
2024-09-03,WR,West India,Gujarat,23.02,72.57,49240.0,1321400.0,1244080.0
2024-09-04,ER,East India,Odisha,20.95,85.09,3490.0,624110.0,617240.0
2024-09-04,NER,NE India,Assam,26.2,92.93,1040.0,67170.0,13140.0
2024-09-04,NR,North India,Rajasthan,26.91,74.22,97280.0,1476000.0,731090.0
2024-09-04,SR,South India,Tamil Nadu,11.12,78.66,104720.0,1055720.0,514610.0
2024-09-04,WR,West India,Gujarat,23.02,72.57,69020.0,1329700.0,1215340.0
2024-09-05,ER,East India,Odisha,20.95,85.09,2320.0,607610.0,611180.0
2024-09-05,NER,NE India,Assam,26.2,92.93,940.0,64680.00000000001,12680.0
2024-09-05,NR,North India,Rajasthan,26.91,74.22,143470.0,1505000.0,707160.0
2024-09-05,SR,South India,Tamil Nadu,11.12,78.66,121390.0,1074840.0,521270.0
2024-09-05,WR,West India,Gujarat,23.02,72.57,67040.0,1330000.0,1195760.0
2024-09-06,ER,East India,Odisha,20.95,85.09,3300.0,627000.0,624000.0
2024-09-06,NER,NE India,Assam,26.2,92.93,1240.0,72000.0,13000.0
2024-09-06,NR,North India,Rajasthan,26.91,74.22,148800.0,1512000.0,714000.0
2024-09-06,SR,South India,Tamil Nadu,11.12,78.66,117120.0,1111000.0,522000.0
2024-09-06,WR,West India,Gujarat,23.02,72.57,71110.0,1324000.0,1238000.0
2024-09-07,ER,East India,Odisha,20.95,85.09,3050.0,641910.0,620600.0
2024-09-07,NER,NE India,Assam,26.2,92.93,1320.0,73270.0,14230.0
2024-09-07,NR,North India,Rajasthan,26.91,74.22,163420.0,1508000.0,696570.0
2024-09-07,SR,South India,Tamil Nadu,11.12,78.66,112600.0,1048569.9999999999,510090.0
2024-09-07,WR,West India,Gujarat,23.02,72.57,73390.0,1299800.0,1226920.0
2024-09-08,ER,East India,Odisha,20.95,85.09,2380.0,612670.0,593360.0
2024-09-08,NER,NE India,Assam,26.2,92.93,3470.0,72740.0,12460.0
2024-09-08,NR,North India,Rajasthan,26.91,74.22,164640.0,1488000.0,690080.0
2024-09-08,SR,South India,Tamil Nadu,11.12,78.66,94140.0,973260.0,483860.0
2024-09-08,WR,West India,Gujarat,23.02,72.57,81120.0,1295000.0,1197350.0
2024-09-09,ER,East India,Odisha,20.95,85.09,1830.0,610860.0,622770.0
2024-09-09,NER,NE India,Assam,26.2,92.93,1230.0,70410.0,13380.0
2024-09-09,NR,North India,Rajasthan,26.91,74.22,164490.0,1591000.0,735870.0
2024-09-09,SR,South India,Tamil Nadu,11.12,78.66,107300.0,1051580.0,495170.0
2024-09-09,WR,West India,Gujarat,23.02,72.57,78860.0,1359900.0,1280810.0
2024-09-10,ER,East India,Odisha,20.95,85.09,2310.0,616890.0,611010.0
2024-09-10,NER,NE India,Assam,26.2,92.93,1030.0,74340.0,13900.0
2024-09-10,NR,North India,Rajasthan,26.91,74.22,155250.0,1578000.0,758990.0
2024-09-10,SR,South India,Tamil Nadu,11.12,78.66,123600.0,1101850.0,523220.0
2024-09-10,WR,West India,Gujarat,23.02,72.57,65260.00000000001,1348600.0,1242279.0
2024-09-11,ER,East India,Odisha,20.95,85.09,3080.0,628580.0,617370.0
2024-09-11,NER,NE India,Assam,26.2,92.93,730.0,64959.99999999999,14860.0
2024-09-11,NR,North India,Rajasthan,26.91,74.22,151880.0,1514000.0,716840.0
2024-09-11,SR,South India,Tamil Nadu,11.12,78.66,134930.0,1159140.0,544330.0
2024-09-11,WR,West India,Gujarat,23.02,72.57,58710.0,1304100.0,1238200.0
2024-09-12,ER,East India,Odisha,20.95,85.09,2990.0,638120.0,630070.0
2024-09-12,NER,NE India,Assam,26.2,92.93,1090.0,70570.0,13250.0
2024-09-12,NR,North India,Rajasthan,26.91,74.22,158130.0,1423000.0,654520.0
2024-09-12,SR,South India,Tamil Nadu,11.12,78.66,135020.0,1199940.0,550740.0
2024-09-12,WR,West India,Gujarat,23.02,72.57,73660.0,1297400.0,1193890.0
2024-09-13,ER,East India,Odisha,20.95,85.09,2830.0,623000.0,635650.0
2024-09-13,NER,NE India,Assam,26.2,92.93,1170.0,71100.0,14480.0
2024-09-13,NR,North India,Rajasthan,26.91,74.22,167310.0,1378000.0,649690.0
2024-09-13,SR,South India,Tamil Nadu,11.12,78.66,136510.0,1234810.0,568300.0
2024-09-13,WR,West India,Gujarat,23.02,72.57,81380.0,1337500.0,1172450.0
2024-09-14,ER,East India,Odisha,20.95,85.09,1720.0,518919.99999999994,621480.0
2024-09-14,NER,NE India,Assam,26.2,92.93,1050.0,69790.0,13810.0
2024-09-14,NR,North India,Rajasthan,26.91,74.22,166790.0,1441000.0,684610.0
2024-09-14,SR,South India,Tamil Nadu,11.12,78.66,136670.0,1238190.0,523150.0
2024-09-14,WR,West India,Gujarat,23.02,72.57,86900.0,1355100.0,1204350.0
2024-09-15,ER,East India,Odisha,20.95,85.09,2220.0,468450.0,601140.0
2024-09-15,NER,NE India,Assam,26.2,92.93,960.0,67530.0,12780.0
2024-09-15,NR,North India,Rajasthan,26.91,74.22,167680.0,1456000.0,684580.0
2024-09-15,SR,South India,Tamil Nadu,11.12,78.66,138110.0,1180180.0,486570.0
2024-09-15,WR,West India,Gujarat,23.02,72.57,88290.0,1341800.0,1187860.0
2024-09-16,ER,East India,Odisha,20.95,85.09,1410.0,448760.0,642190.0
2024-09-16,NER,NE India,Assam,26.2,92.93,1210.0,69050.0,13420.0
2024-09-16,NR,North India,Rajasthan,26.91,74.22,171030.0,1528000.0,722190.0
2024-09-16,SR,South India,Tamil Nadu,11.12,78.66,139230.0,1256760.0,534980.0
2024-09-16,WR,West India,Gujarat,23.02,72.57,90980.0,1383600.0,1267390.0
2024-09-17,ER,East India,Odisha,20.95,85.09,1690.0,491540.0,643480.0
2024-09-17,NER,NE India,Assam,26.2,92.93,1230.0,70400.0,15270.0
2024-09-17,NR,North India,Rajasthan,26.91,74.22,170500.0,1506000.0,722030.0
2024-09-17,SR,South India,Tamil Nadu,11.12,78.66,139320.0,1292250.0,577450.0
2024-09-17,WR,West India,Gujarat,23.02,72.57,84850.0,1319900.0,1292960.0
2024-09-18,ER,East India,Odisha,20.95,85.09,3220.0,560900.0,680980.0
2024-09-18,NER,NE India,Assam,26.2,92.93,1130.0,74620.0,16020.0
2024-09-18,NR,North India,Rajasthan,26.91,74.22,160350.0,1440000.0,743490.0
2024-09-18,SR,South India,Tamil Nadu,11.12,78.66,141670.0,1312460.0,603110.0
2024-09-18,WR,West India,Gujarat,23.02,72.57,86150.0,1362900.0,1318320.0
2024-09-19,ER,East India,Odisha,20.95,85.09,3530.0,615680.0,696690.0
2024-09-19,NER,NE India,Assam,26.2,92.93,1280.0,78550.0,16230.0
2024-09-19,NR,North India,Rajasthan,26.91,74.22,149640.0,1433000.0,766070.0
2024-09-19,SR,South India,Tamil Nadu,11.12,78.66,143000.0,1328330.0,653380.0
2024-09-19,WR,West India,Gujarat,23.02,72.57,93430.0,1446300.0,1351090.0
2024-09-20,ER,East India,Odisha,20.95,85.09,3520.0,647570.0,730130.0
2024-09-20,NER,NE India,Assam,26.2,92.93,1200.0,80250.0,17430.0
2024-09-20,NR,North India,Rajasthan,26.91,74.22,153430.0,1501000.0,778240.0
2024-09-20,SR,South India,Tamil Nadu,11.12,78.66,134780.0,1329750.0,688270.0
2024-09-20,WR,West India,Gujarat,23.02,72.57,92960.0,1499900.0,1422100.0
2024-09-21,ER,East India,Odisha,20.95,85.09,3220.0,643150.0,711870.0
2024-09-21,NER,NE India,Assam,26.2,92.93,990.0,76320.0,15790.0
2024-09-21,NR,North India,Rajasthan,26.91,74.22,156620.0,1605000.0,798580.0
2024-09-21,SR,South India,Tamil Nadu,11.12,78.66,112470.0,1229850.0,678670.0
2024-09-21,WR,West India,Gujarat,23.02,72.57,87850.0,1504100.0,1457880.0
2024-09-22,ER,East India,Odisha,20.95,85.09,3180.0,636130.0,694970.0
2024-09-22,NER,NE India,Assam,26.2,92.93,1240.0,74120.0,15970.0
2024-09-22,NR,North India,Rajasthan,26.91,74.22,166490.0,1625000.0,796630.0
2024-09-22,SR,South India,Tamil Nadu,11.12,78.66,118840.0,1140300.0,654030.0
2024-09-22,WR,West India,Gujarat,23.02,72.57,87460.0,1454700.0,1435540.0
2024-09-23,ER,East India,Odisha,20.95,85.09,2920.0,643280.0,703920.0
2024-09-23,NER,NE India,Assam,26.2,92.93,1150.0,73990.0,17520.0
2024-09-23,NR,North India,Rajasthan,26.91,74.22,167310.0,1703000.0,844070.0
2024-09-23,SR,South India,Tamil Nadu,11.12,78.66,114590.0,1192150.0,699260.0
2024-09-23,WR,West India,Gujarat,23.02,72.57,87580.0,1496700.0,1471810.0
2024-09-24,ER,East India,Odisha,20.95,85.09,2550.0,604140.0,728880.0
2024-09-24,NER,NE India,Assam,26.2,92.93,810.0,65940.0,16520.0
2024-09-24,NR,North India,Rajasthan,26.91,74.22,163600.0,1797000.0,851770.0
2024-09-24,SR,South India,Tamil Nadu,11.12,78.66,105080.0,1159160.0,710890.0
2024-09-24,WR,West India,Gujarat,23.02,72.57,78970.0,1479000.0,1434550.0
2024-09-25,ER,East India,Odisha,20.95,85.09,2000.0,555360.0,706130.0
2024-09-25,NER,NE India,Assam,26.2,92.93,770.0,64360.0,15990.0
2024-09-25,NR,North India,Rajasthan,26.91,74.22,157100.0,1793000.0,847850.0
2024-09-25,SR,South India,Tamil Nadu,11.12,78.66,99370.0,1126980.0,645260.0
2024-09-25,WR,West India,Gujarat,23.02,72.57,78330.0,1434400.0,1394780.0
2024-09-26,ER,East India,Odisha,20.95,85.09,1880.0,514630.0,676160.0
2024-09-26,NER,NE India,Assam,26.2,92.93,480.0,55780.0,15110.0
2024-09-26,NR,North India,Rajasthan,26.91,74.22,154570.0,1676000.0,771740.0
2024-09-26,SR,South India,Tamil Nadu,11.12,78.66,106740.0,1131240.0,610440.0
2024-09-26,WR,West India,Gujarat,23.02,72.57,66540.0,1371700.0,1332480.0
2024-09-27,ER,East India,Odisha,20.95,85.09,2340.0,506150.0,674560.0
2024-09-27,NER,NE India,Assam,26.2,92.93,1010.0,61220.0,14870.0
2024-09-27,NR,North India,Rajasthan,26.91,74.22,148730.0,1529000.0,729580.0
2024-09-27,SR,South India,Tamil Nadu,11.12,78.66,113720.0,1166880.0,599560.0
2024-09-27,WR,West India,Gujarat,23.02,72.57,60819.0,1332800.0,1261560.0
2024-09-28,ER,East India,Odisha,20.95,85.09,3830.0,534420.0,699940.0
2024-09-28,NER,NE India,Assam,26.2,92.93,810.0,59540.0,14860.0
2024-09-28,NR,North India,Rajasthan,26.91,74.22,146300.0,1430000.0,731350.0
2024-09-28,SR,South India,Tamil Nadu,11.12,78.66,118260.0,1195580.0,616380.0
2024-09-28,WR,West India,Gujarat,23.02,72.57,65220.0,1296900.0,1235930.0
2024-09-29,ER,East India,Odisha,20.95,85.09,3230.0,565220.0,697690.0
2024-09-29,NER,NE India,Assam,26.2,92.93,490.0,58530.0,14900.0
2024-09-29,NR,North India,Rajasthan,26.91,74.22,158870.0,1418000.0,716610.0
2024-09-29,SR,South India,Tamil Nadu,11.12,78.66,120470.0,1133010.0,663340.0
2024-09-29,WR,West India,Gujarat,23.02,72.57,70060.0,1288900.0,1273580.0
2024-09-30,ER,East India,Odisha,20.95,85.09,3570.0,609630.0,732500.0
2024-09-30,NER,NE India,Assam,26.2,92.93,640.0,61520.0,15550.0
2024-09-30,NR,North India,Rajasthan,26.91,74.22,162230.0,1540000.0,801410.0
2024-09-30,SR,South India,Tamil Nadu,11.12,78.66,120760.0,1200270.0,701790.0
2024-09-30,WR,West India,Gujarat,23.02,72.57,86900.0,1350700.0,1375870.0
2024-10-01,ER,East India,Odisha,20.95,85.09,3300.0,624820.0,735580.0
2024-10-01,NER,NE India,Assam,26.2,92.93,660.0,62580.0,15320.0
2024-10-01,NR,North India,Rajasthan,26.91,74.22,169280.0,1582000.0,834690.0
2024-10-01,SR,South India,Tamil Nadu,11.12,78.66,128229.99999999999,1225310.0,690950.0
2024-10-01,WR,West India,Gujarat,23.02,72.57,95700.0,1400000.0,1432820.0
2024-10-02,ER,East India,Odisha,20.95,85.09,2850.0,617220.0,718880.0
2024-10-02,NER,NE India,Assam,26.2,92.93,860.0,61730.0,15050.0
2024-10-02,NR,North India,Rajasthan,26.91,74.22,177010.0,1537000.0,809550.0
2024-10-02,SR,South India,Tamil Nadu,11.12,78.66,125850.0,1146030.0,676620.0
2024-10-02,WR,West India,Gujarat,23.02,72.57,97610.0,1405200.0,1416470.0
2024-10-03,ER,East India,Odisha,20.95,85.09,3090.0,601870.0,740490.0
2024-10-03,NER,NE India,Assam,26.2,92.93,450.0,55700.0,15650.0
2024-10-03,NR,North India,Rajasthan,26.91,74.22,176020.0,1629000.0,820670.0
2024-10-03,SR,South India,Tamil Nadu,11.12,78.66,117250.0,1170160.0,670440.0
2024-10-03,WR,West India,Gujarat,23.02,72.57,96360.0,1449100.0,1414060.0
2024-10-04,ER,East India,Odisha,20.95,85.09,3320.0,588150.0,740820.0
2024-10-04,NER,NE India,Assam,26.2,92.93,410.0,53410.0,15410.0
2024-10-04,NR,North India,Rajasthan,26.91,74.22,175090.0,1670000.0,831810.0
2024-10-04,SR,South India,Tamil Nadu,11.12,78.66,116730.0,1189600.0,702850.0
2024-10-04,WR,West India,Gujarat,23.02,72.57,95421.0,1466000.0,1430620.0
2024-10-05,ER,East India,Odisha,20.95,85.09,2820.0,578670.0,746320.0
2024-10-05,NER,NE India,Assam,26.2,92.93,360.0,53640.0,15740.0
2024-10-05,NR,North India,Rajasthan,26.91,74.22,164800.0,1619000.0,862840.0
2024-10-05,SR,South India,Tamil Nadu,11.12,78.66,103640.0,1151900.0,687220.0
2024-10-05,WR,West India,Gujarat,23.02,72.57,92660.0,1482000.0,1375420.0
2024-10-06,ER,East India,Odisha,20.95,85.09,2730.0,568130.0,716040.0
2024-10-06,NER,NE India,Assam,26.2,92.93,570.0,53420.0,14430.0
2024-10-06,NR,North India,Rajasthan,26.91,74.22,164090.0,1444000.0,777950.0
2024-10-06,SR,South India,Tamil Nadu,11.12,78.66,105220.0,1081230.0,654400.0
2024-10-06,WR,West India,Gujarat,23.02,72.57,92870.0,1446000.0,1374020.0
2024-10-07,ER,East India,Odisha,20.95,85.09,3010.0,587920.0,755970.0
2024-10-07,NER,NE India,Assam,26.2,92.93,700.0,56600.0,15820.0
2024-10-07,NR,North India,Rajasthan,26.91,74.22,166460.0,1532000.0,846140.0
2024-10-07,SR,South India,Tamil Nadu,11.12,78.66,116820.0,1137000.0,675210.0
2024-10-07,WR,West India,Gujarat,23.02,72.57,105610.0,1499700.0,1405720.0
2024-10-08,ER,East India,Odisha,20.95,85.09,3010.0,592820.0,763040.0
2024-10-08,NER,NE India,Assam,26.2,92.93,810.0,60010.0,15930.0
2024-10-08,NR,North India,Rajasthan,26.91,74.22,155440.0,1548000.0,858660.0
2024-10-08,SR,South India,Tamil Nadu,11.12,78.66,118000.0,1157310.0,693410.0
2024-10-08,WR,West India,Gujarat,23.02,72.57,99750.0,1538700.0,1450770.0
2024-10-09,ER,East India,Odisha,20.95,85.09,3440.0,590000.0,760000.0
2024-10-09,NER,NE India,Assam,26.2,92.93,830.0,59000.0,16000.0
2024-10-09,NR,North India,Rajasthan,26.91,74.22,155530.0,1537000.0,853000.0
2024-10-09,SR,South India,Tamil Nadu,11.12,78.66,112590.0,1154000.0,685000.0
2024-10-09,WR,West India,Gujarat,23.02,72.57,85210.0,1519000.0,1478000.0
2024-10-10,ER,East India,Odisha,20.95,85.09,4059.9999999999995,570430.0,744180.0
2024-10-10,NER,NE India,Assam,26.2,92.93,610.0,53860.0,14990.0
2024-10-10,NR,North India,Rajasthan,26.91,74.22,164230.0,1504000.0,796650.0
2024-10-10,SR,South India,Tamil Nadu,11.12,78.66,114520.0,1113780.0,631690.0
2024-10-10,WR,West India,Gujarat,23.02,72.57,68980.0,1487100.0,1452470.0
2024-10-11,ER,East India,Odisha,20.95,85.09,3920.0,564690.0,723420.0
2024-10-11,NER,NE India,Assam,26.2,92.93,620.0,50410.0,14800.0
2024-10-11,NR,North India,Rajasthan,26.91,74.22,173910.0,1464000.0,752890.0
2024-10-11,SR,South India,Tamil Nadu,11.12,78.66,100370.0,1022360.0,598130.0
2024-10-11,WR,West India,Gujarat,23.02,72.57,57200.0,1443700.0,1476530.0
2024-10-12,ER,East India,Odisha,20.95,85.09,3750.0,552350.0,680830.0
2024-10-12,NER,NE India,Assam,26.2,92.93,650.0,49100.0,12640.0
2024-10-12,NR,North India,Rajasthan,26.91,74.22,167250.0,1356000.0,694770.0
2024-10-12,SR,South India,Tamil Nadu,11.12,78.66,116410.0,963190.0,525910.0
2024-10-12,WR,West India,Gujarat,23.02,72.57,63130.0,1330900.0,1308580.0
2024-10-13,ER,East India,Odisha,20.95,85.09,3570.0,546570.0,678500.0
2024-10-13,NER,NE India,Assam,26.2,92.93,570.0,45800.0,12370.0
2024-10-13,NR,North India,Rajasthan,26.91,74.22,133630.0,1300000.0,675120.0
2024-10-13,SR,South India,Tamil Nadu,11.12,78.66,112480.0,958620.0,554430.0
2024-10-13,WR,West India,Gujarat,23.02,72.57,71810.0,1327600.0,1295030.0
2024-10-14,ER,East India,Odisha,20.95,85.09,3440.0,563360.0,721160.0
2024-10-14,NER,NE India,Assam,26.2,92.93,1000.0,51140.0,14340.0
2024-10-14,NR,North India,Rajasthan,26.91,74.22,136520.0,1379000.0,758500.0
2024-10-14,SR,South India,Tamil Nadu,11.12,78.66,61330.0,1026520.0,629610.0
2024-10-14,WR,West India,Gujarat,23.02,72.57,77980.0,1395400.0,1472090.0
2024-10-15,ER,East India,Odisha,20.95,85.09,3610.0,577300.0,718940.0
2024-10-15,NER,NE India,Assam,26.2,92.93,710.0,53940.0,14920.0
2024-10-15,NR,North India,Rajasthan,26.91,74.22,166380.0,1370000.0,752570.0
2024-10-15,SR,South India,Tamil Nadu,11.12,78.66,79270.0,1007060.0,615890.0
2024-10-15,WR,West India,Gujarat,23.02,72.57,86320.0,1429400.0,1468700.0
2024-10-16,ER,East India,Odisha,20.95,85.09,3770.0,570420.0,714050.0
2024-10-16,NER,NE India,Assam,26.2,92.93,730.0,55120.0,14760.0
2024-10-16,NR,North India,Rajasthan,26.91,74.22,136010.0,1368000.0,750030.0
2024-10-16,SR,South India,Tamil Nadu,11.12,78.66,72450.0,993340.0,593490.0
2024-10-16,WR,West India,Gujarat,23.02,72.57,88840.0,1433700.0,1445580.0
2024-10-17,ER,East India,Odisha,20.95,85.09,3630.0,566980.0,701240.0
2024-10-17,NER,NE India,Assam,26.2,92.93,790.0,54460.0,14040.0
2024-10-17,NR,North India,Rajasthan,26.91,74.22,135870.0,1383000.0,754350.0
2024-10-17,SR,South India,Tamil Nadu,11.12,78.66,102860.0,1005380.0,582380.0
2024-10-17,WR,West India,Gujarat,23.02,72.57,88410.0,1454700.0,1444520.0
2024-10-18,ER,East India,Odisha,20.95,85.09,3620.0,571440.0,704450.0
2024-10-18,NER,NE India,Assam,26.2,92.93,760.0,61760.0,15050.0
2024-10-18,NR,North India,Rajasthan,26.91,74.22,157680.0,1399000.0,753130.0
2024-10-18,SR,South India,Tamil Nadu,11.12,78.66,102670.0,1033760.0,615450.0
2024-10-18,WR,West India,Gujarat,23.02,72.57,89160.0,1457400.0,1454820.0
2024-10-19,ER,East India,Odisha,20.95,85.09,3510.0,564140.0,729580.0
2024-10-19,NER,NE India,Assam,26.2,92.93,810.0,55280.0,14970.0
2024-10-19,NR,North India,Rajasthan,26.91,74.22,157220.0,1396000.0,759130.0
2024-10-19,SR,South India,Tamil Nadu,11.12,78.66,96460.0,1018340.0,633820.0
2024-10-19,WR,West India,Gujarat,23.02,72.57,89110.0,1436100.0,1452890.0
2024-10-20,ER,East India,Odisha,20.95,85.09,2960.0,545440.0,693480.0
2024-10-20,NER,NE India,Assam,26.2,92.93,1050.0,53710.0,14010.0
2024-10-20,NR,North India,Rajasthan,26.91,74.22,143420.0,1347000.0,701630.0
2024-10-20,SR,South India,Tamil Nadu,11.12,78.66,108580.0,957560.0,601860.0
2024-10-20,WR,West India,Gujarat,23.02,72.57,77480.0,1359900.0,1378260.0
2024-10-21,ER,East India,Odisha,20.95,85.09,2840.0,557310.0,706720.0
2024-10-21,NER,NE India,Assam,26.2,92.93,970.0,55690.0,13090.0
2024-10-21,NR,North India,Rajasthan,26.91,74.22,141900.0,1369000.0,741890.0
2024-10-21,SR,South India,Tamil Nadu,11.12,78.66,105260.0,1020960.0,615000.0
2024-10-21,WR,West India,Gujarat,23.02,72.57,91005.0,1393300.0,1460880.0
2024-10-22,ER,East India,Odisha,20.95,85.09,3860.0,554330.0,716660.0
2024-10-22,NER,NE India,Assam,26.2,92.93,1040.0,58350.0,13760.0
2024-10-22,NR,North India,Rajasthan,26.91,74.22,153370.0,1372000.0,746260.0
2024-10-22,SR,South India,Tamil Nadu,11.12,78.66,114480.0,1040930.0000000001,607100.0
2024-10-22,WR,West India,Gujarat,23.02,72.57,94530.0,1408600.0,1460550.0
2024-10-23,ER,East India,Odisha,20.95,85.09,3050.0,545380.0,715340.0
2024-10-23,NER,NE India,Assam,26.2,92.93,470.0,56850.0,14010.0
2024-10-23,NR,North India,Rajasthan,26.91,74.22,156480.0,1365000.0,754940.0
2024-10-23,SR,South India,Tamil Nadu,11.12,78.66,123960.0,1045380.0000000001,618690.0
2024-10-23,WR,West India,Gujarat,23.02,72.57,89930.0,1419900.0,1464620.0
2024-10-24,ER,East India,Odisha,20.95,85.09,4040.0,490440.0,707260.0
2024-10-24,NER,NE India,Assam,26.2,92.93,390.0,53150.0,13940.0
2024-10-24,NR,North India,Rajasthan,26.91,74.22,159070.0,1352000.0,736010.0
2024-10-24,SR,South India,Tamil Nadu,11.12,78.66,111960.0,1053240.0,611680.0
2024-10-24,WR,West India,Gujarat,23.02,72.57,92130.0,1428300.0,1444610.0
2024-10-25,ER,East India,Odisha,20.95,85.09,2394.0,456340.0,699130.0
2024-10-25,NER,NE India,Assam,26.2,92.93,560.0,52360.0,13800.0
2024-10-25,NR,North India,Rajasthan,26.91,74.22,157990.0,1343000.0,717100.0
2024-10-25,SR,South India,Tamil Nadu,11.12,78.66,118970.0,1058780.0,605460.0
2024-10-25,WR,West India,Gujarat,23.02,72.57,97380.0,1417000.0,1408690.0
2024-10-26,ER,East India,Odisha,20.95,85.09,1370.0,473690.0,693480.0
2024-10-26,NER,NE India,Assam,26.2,92.93,610.0,54540.0,14240.0
2024-10-26,NR,North India,Rajasthan,26.91,74.22,160970.0,1320000.0,716080.0
2024-10-26,SR,South India,Tamil Nadu,11.12,78.66,132840.0,1061930.0,596590.0
2024-10-26,WR,West India,Gujarat,23.02,72.57,102780.0,1414000.0,1419960.0
2024-10-27,ER,East India,Odisha,20.95,85.09,1970.0,488850.0,678100.0
2024-10-27,NER,NE India,Assam,26.2,92.93,900.0,54070.0,13670.0
2024-10-27,NR,North India,Rajasthan,26.91,74.22,161620.0,1290000.0,700440.0
2024-10-27,SR,South India,Tamil Nadu,11.12,78.66,126480.0,1028849.9999999999,570370.0
2024-10-27,WR,West India,Gujarat,23.02,72.57,96930.0,1395600.0,1409040.0
2024-10-28,ER,East India,Odisha,20.95,85.09,2650.0,529020.0,710760.0
2024-10-28,NER,NE India,Assam,26.2,92.93,960.0,55690.0,14950.0
2024-10-28,NR,North India,Rajasthan,26.91,74.22,160930.0,1359000.0,774480.0
2024-10-28,SR,South India,Tamil Nadu,11.12,78.66,123770.0,1103470.0,614960.0
2024-10-28,WR,West India,Gujarat,23.02,72.57,85281.0,1452600.0,1492440.0
2024-10-29,ER,East India,Odisha,20.95,85.09,2940.0,539730.0,745990.0
2024-10-29,NER,NE India,Assam,26.2,92.93,850.0,57120.0,15650.0
2024-10-29,NR,North India,Rajasthan,26.91,74.22,157500.0,1379000.0,795390.0
2024-10-29,SR,South India,Tamil Nadu,11.12,78.66,119690.0,1131890.0,632780.0
2024-10-29,WR,West India,Gujarat,23.02,72.57,93850.0,1474500.0,1519670.0
2024-10-30,ER,East India,Odisha,20.95,85.09,3310.0,549960.0,743600.0
2024-10-30,NER,NE India,Assam,26.2,92.93,540.0,56270.0,16070.0
2024-10-30,NR,North India,Rajasthan,26.91,74.22,162170.0,1354000.0,780650.0
2024-10-30,SR,South India,Tamil Nadu,11.12,78.66,104130.0,1103000.0,621380.0
2024-10-30,WR,West India,Gujarat,23.02,72.57,95650.0,1433700.0,1516540.0
2024-10-31,ER,East India,Odisha,20.95,85.09,2820.0,536660.0,696310.0
2024-10-31,NER,NE India,Assam,26.2,92.93,490.0,52110.0,13580.0
2024-10-31,NR,North India,Rajasthan,26.91,74.22,150000.0,1208000.0,702980.0
2024-10-31,SR,South India,Tamil Nadu,11.12,78.66,112400.0,972280.0,555500.0
2024-10-31,WR,West India,Gujarat,23.02,72.57,97042.0,1292800.0,1283700.0
2024-11-01,ER,East India,Odisha,20.95,85.09,2970.0,526110.0,665000.0
2024-11-01,NER,NE India,Assam,26.2,92.93,590.0,50590.0,11740.0
2024-11-01,NR,North India,Rajasthan,26.91,74.22,148420.0,1098000.0,652650.0
2024-11-01,SR,South India,Tamil Nadu,11.12,78.66,110410.0,952190.0,497970.0
2024-11-01,WR,West India,Gujarat,23.02,72.57,94600.0,1192600.0,1210660.0
2024-11-02,ER,East India,Odisha,20.95,85.09,3170.0,515630.0,639140.0
2024-11-02,NER,NE India,Assam,26.2,92.93,830.0,52420.0,12290.0
2024-11-02,NR,North India,Rajasthan,26.91,74.22,156930.0,1086000.0,636110.0
2024-11-02,SR,South India,Tamil Nadu,11.12,78.66,112350.0,979010.0,507400.0
2024-11-02,WR,West India,Gujarat,23.02,72.57,98950.0,1185200.0,1208520.0
2024-11-03,ER,East India,Odisha,20.95,85.09,3280.0,493830.0,635190.0
2024-11-03,NER,NE India,Assam,26.2,92.93,900.0,51070.0,12560.0
2024-11-03,NR,North India,Rajasthan,26.91,74.22,154440.0,1107000.0,630060.0
2024-11-03,SR,South India,Tamil Nadu,11.12,78.66,118120.0,956230.0,510940.0
2024-11-03,WR,West India,Gujarat,23.02,72.57,97480.0,1217500.0,1227610.0
2024-11-04,ER,East India,Odisha,20.95,85.09,3540.0,494960.0,679150.0
2024-11-04,NER,NE India,Assam,26.2,92.93,940.0,52590.0,13680.0
2024-11-04,NR,North India,Rajasthan,26.91,74.22,152210.0,1182000.0,671860.0
2024-11-04,SR,South India,Tamil Nadu,11.12,78.66,109470.0,1033200.0,571830.0
2024-11-04,WR,West India,Gujarat,23.02,72.57,96320.0,1316600.0,1373100.0
2024-11-05,ER,East India,Odisha,20.95,85.09,3330.0,495100.0,699900.0
2024-11-05,NER,NE India,Assam,26.2,92.93,810.0,54480.0,13920.0
2024-11-05,NR,North India,Rajasthan,26.91,74.22,149520.0,1221000.0,705410.0
2024-11-05,SR,South India,Tamil Nadu,11.12,78.66,126830.0,1064390.0,596700.0
2024-11-05,WR,West India,Gujarat,23.02,72.57,95500.0,1371600.0,1415490.0
2024-11-06,ER,East India,Odisha,20.95,85.09,2880.0,496650.0,729060.0
2024-11-06,NER,NE India,Assam,26.2,92.93,730.0,51560.0,14920.0
2024-11-06,NR,North India,Rajasthan,26.91,74.22,148590.0,1242000.0,700020.0
2024-11-06,SR,South India,Tamil Nadu,11.12,78.66,129560.0,1087540.0,591600.0
2024-11-06,WR,West India,Gujarat,23.02,72.57,91940.0,1409100.0,1467530.0
2024-11-07,ER,East India,Odisha,20.95,85.09,3320.0,488970.0,723030.0
2024-11-07,NER,NE India,Assam,26.2,92.93,740.0,52890.0,14400.0
2024-11-07,NR,North India,Rajasthan,26.91,74.22,151010.0,1238000.0,686740.0
2024-11-07,SR,South India,Tamil Nadu,11.12,78.66,117880.0,1096060.0,591530.0
2024-11-07,WR,West India,Gujarat,23.02,72.57,90140.0,1434700.0,1527540.0
2024-11-08,ER,East India,Odisha,20.95,85.09,3350.0,478920.0,735310.0
2024-11-08,NER,NE India,Assam,26.2,92.93,1030.0,50850.0,14910.0
2024-11-08,NR,North India,Rajasthan,26.91,74.22,150470.0,1245000.0,713200.0
2024-11-08,SR,South India,Tamil Nadu,11.12,78.66,106190.0,1098260.0,575460.0
2024-11-08,WR,West India,Gujarat,23.02,72.57,91100.0,1453000.0,1547280.0
2024-11-09,ER,East India,Odisha,20.95,85.09,3210.0,476290.0,732090.0
2024-11-09,NER,NE India,Assam,26.2,92.93,1100.0,51210.0,16290.0
2024-11-09,NR,North India,Rajasthan,26.91,74.22,142260.0,1252000.0,696980.0
2024-11-09,SR,South India,Tamil Nadu,11.12,78.66,118240.0,1097510.0,587930.0
2024-11-09,WR,West India,Gujarat,23.02,72.57,91390.0,1460200.0,1553970.0
2024-11-10,ER,East India,Odisha,20.95,85.09,2820.0,460960.0,680570.0
2024-11-10,NER,NE India,Assam,26.2,92.93,1110.0,49010.0,15220.0
2024-11-10,NR,North India,Rajasthan,26.91,74.22,147360.0,1195000.0,674970.0
2024-11-10,SR,South India,Tamil Nadu,11.12,78.66,127040.0,1045210.0,597440.0
2024-11-10,WR,West India,Gujarat,23.02,72.57,90580.0,1425100.0,1474430.0
2024-11-11,ER,East India,Odisha,20.95,85.09,3490.0,466910.0,707050.0
2024-11-11,NER,NE India,Assam,26.2,92.93,1140.0,50780.0,16242.999999999998
2024-11-11,NR,North India,Rajasthan,26.91,74.22,151460.0,1229000.0,664110.0
2024-11-11,SR,South India,Tamil Nadu,11.12,78.66,125720.0,1111640.0,648830.0
2024-11-11,WR,West India,Gujarat,23.02,72.57,91303.0,1472100.0,1532680.0
2024-11-12,ER,East India,Odisha,20.95,85.09,3240.0,477000.0,723000.0
2024-11-12,NER,NE India,Assam,26.2,92.93,1100.0,53000.0,16000.0
2024-11-12,NR,North India,Rajasthan,26.91,74.22,145670.0,1235000.0,696000.0
2024-11-12,SR,South India,Tamil Nadu,11.12,78.66,98480.0,1120000.0,668000.0
2024-11-12,WR,West India,Gujarat,23.02,72.57,95370.0,1481000.0,1544000.0
2024-11-13,ER,East India,Odisha,20.95,85.09,3120.0,471000.0,726000.0
2024-11-13,NER,NE India,Assam,26.2,92.93,1000.0,52000.0,16000.0
2024-11-13,NR,North India,Rajasthan,26.91,74.22,142140.0,1212000.0,691000.0
2024-11-13,SR,South India,Tamil Nadu,11.12,78.66,89080.0,1095000.0,646000.0
2024-11-13,WR,West India,Gujarat,23.02,72.57,91790.0,1478000.0,1534000.0
2024-11-14,ER,East India,Odisha,20.95,85.09,3670.0,463480.0,732060.0
2024-11-14,NER,NE India,Assam,26.2,92.93,1080.0,51910.0,10510.0
2024-11-14,NR,North India,Rajasthan,26.91,74.22,139770.0,1188000.0,693920.0
2024-11-14,SR,South India,Tamil Nadu,11.12,78.66,84640.0,1082570.0,642580.0
2024-11-14,WR,West India,Gujarat,23.02,72.57,86930.0,1493900.0,1547070.0
2024-11-15,ER,East India,Odisha,20.95,85.09,3260.0,439150.0,718750.0
2024-11-15,NER,NE India,Assam,26.2,92.93,1100.0,51490.0,11120.0
2024-11-15,NR,North India,Rajasthan,26.91,74.22,125960.0,1181000.0,693340.0
2024-11-15,SR,South India,Tamil Nadu,11.12,78.66,81840.0,1057730.0,654400.0
2024-11-15,WR,West India,Gujarat,23.02,72.57,85910.0,1497100.0,1533750.0
2024-11-16,ER,East India,Odisha,20.95,85.09,3450.0,422300.0,695970.0
2024-11-16,NER,NE India,Assam,26.2,92.93,1100.0,49940.0,10350.0
2024-11-16,NR,North India,Rajasthan,26.91,74.22,125400.0,1157000.0,679710.0
2024-11-16,SR,South India,Tamil Nadu,11.12,78.66,101560.0,1025400.0000000001,602590.0
2024-11-16,WR,West India,Gujarat,23.02,72.57,87600.0,1499000.0,1508830.0
2024-11-17,ER,East India,Odisha,20.95,85.09,3440.0,407930.0,673240.0
2024-11-17,NER,NE India,Assam,26.2,92.93,1090.0,47190.0,8600.0
2024-11-17,NR,North India,Rajasthan,26.91,74.22,132220.0,1109000.0,640210.0
2024-11-17,SR,South India,Tamil Nadu,11.12,78.66,103450.0,953310.0,538210.0
2024-11-17,WR,West India,Gujarat,23.02,72.57,93440.0,1454300.0,1417890.0
2024-11-18,ER,East India,Odisha,20.95,85.09,3420.0,410620.0,684990.0
2024-11-18,NER,NE India,Assam,26.2,92.93,1130.0,46940.0,9060.0
2024-11-18,NR,North India,Rajasthan,26.91,74.22,146730.0,1135000.0,650630.0
2024-11-18,SR,South India,Tamil Nadu,11.12,78.66,163000.0,1081000.0,667040.0
2024-11-18,WR,West India,Gujarat,23.02,72.57,93090.0,1489500.0,1436920.0
2024-11-19,ER,East India,Odisha,20.95,85.09,3170.0,419740.0,693480.0
2024-11-19,NER,NE India,Assam,26.2,92.93,1150.0,49860.0,9108.0
2024-11-19,NR,North India,Rajasthan,26.91,74.22,146910.0,1145000.0,651370.0
2024-11-19,SR,South India,Tamil Nadu,11.12,78.66,98180.0,1045589.9999999999,612250.0
2024-11-19,WR,West India,Gujarat,23.02,72.57,91630.0,1495400.0,1471120.0
2024-11-20,ER,East India,Odisha,20.95,85.09,2890.0,434700.0,678990.0
2024-11-20,NER,NE India,Assam,26.2,92.93,1050.0,49260.0,8860.0
2024-11-20,NR,North India,Rajasthan,26.91,74.22,148720.0,1146000.0,654240.0
2024-11-20,SR,South India,Tamil Nadu,11.12,78.66,89180.0,1044349.9999999999,590500.0
2024-11-20,WR,West India,Gujarat,23.02,72.57,90380.0,1437200.0,1445710.0
2024-11-21,ER,East India,Odisha,20.95,85.09,2950.0,430980.0,684890.0
2024-11-21,NER,NE India,Assam,26.2,92.93,1120.0,48950.0,9290.0
2024-11-21,NR,North India,Rajasthan,26.91,74.22,150090.0,1139000.0,650840.0
2024-11-21,SR,South India,Tamil Nadu,11.12,78.66,97610.0,1048180.0000000001,604090.0
2024-11-21,WR,West India,Gujarat,23.02,72.57,88720.0,1469700.0,1486650.0
2024-11-22,ER,East India,Odisha,20.95,85.09,2830.0,419350.0,671810.0
2024-11-22,NER,NE India,Assam,26.2,92.93,980.0,48970.0,9430.0
2024-11-22,NR,North India,Rajasthan,26.91,74.22,148180.0,1147000.0,644710.0
2024-11-22,SR,South India,Tamil Nadu,11.12,78.66,122950.0,1066630.0,612390.0
2024-11-22,WR,West India,Gujarat,23.02,72.57,85810.0,1478900.0,1501960.0
2024-11-23,ER,East India,Odisha,20.95,85.09,2720.0,421490.0,679880.0
2024-11-23,NER,NE India,Assam,26.2,92.93,870.0,47140.0,9480.0
2024-11-23,NR,North India,Rajasthan,26.91,74.22,142680.0,1142000.0,650940.0
2024-11-23,SR,South India,Tamil Nadu,11.12,78.66,114690.0,1074450.0,631180.0
2024-11-23,WR,West India,Gujarat,23.02,72.57,85530.0,1475800.0,1503924.0
2024-11-24,ER,East India,Odisha,20.95,85.09,2620.0,416090.0,665340.0
2024-11-24,NER,NE India,Assam,26.2,92.93,810.0,46420.0,8760.0
2024-11-24,NR,North India,Rajasthan,26.91,74.22,139050.0,1096000.0,633430.0
2024-11-24,SR,South India,Tamil Nadu,11.12,78.66,104050.0,1009280.0,583110.0
2024-11-24,WR,West India,Gujarat,23.02,72.57,85560.0,1432000.0,1453320.0
2024-11-25,ER,East India,Odisha,20.95,85.09,2840.0,422230.0,691100.0
2024-11-25,NER,NE India,Assam,26.2,92.93,980.0,46630.0,9800.0
2024-11-25,NR,North India,Rajasthan,26.91,74.22,134340.0,1132000.0,665790.0
2024-11-25,SR,South India,Tamil Nadu,11.12,78.66,100660.0,1064980.0,606410.0
2024-11-25,WR,West India,Gujarat,23.02,72.57,87930.0,1458300.0,1435890.0
2024-11-26,ER,East India,Odisha,20.95,85.09,2930.0,419500.0,694050.0
2024-11-26,NER,NE India,Assam,26.2,92.93,1060.0,48400.0,9980.0
2024-11-26,NR,North India,Rajasthan,26.91,74.22,135450.0,1149000.0,689010.0
2024-11-26,SR,South India,Tamil Nadu,11.12,78.66,71150.0,1061230.0,620320.0
2024-11-26,WR,West India,Gujarat,23.02,72.57,92140.0,1462700.0,1455260.0
2024-11-27,ER,East India,Odisha,20.95,85.09,2560.0,414410.0,690150.0
2024-11-27,NER,NE India,Assam,26.2,92.93,1110.0,48940.0,9700.0
2024-11-27,NR,North India,Rajasthan,26.91,74.22,144290.0,1165000.0,684020.0
2024-11-27,SR,South India,Tamil Nadu,11.12,78.66,75450.0,1033349.9999999999,605480.0
2024-11-27,WR,West India,Gujarat,23.02,72.57,92610.0,1461500.0,1462360.0
2024-11-28,ER,East India,Odisha,20.95,85.09,2690.0,417750.0,673290.0
2024-11-28,NER,NE India,Assam,26.2,92.93,1050.0,48540.0,9010.0
2024-11-28,NR,North India,Rajasthan,26.91,74.22,148780.0,1160000.0,645310.0
2024-11-28,SR,South India,Tamil Nadu,11.12,78.66,114750.0,1044240.0,583540.0
2024-11-28,WR,West India,Gujarat,23.02,72.57,91860.0,1462200.0,1449270.0
2024-11-29,ER,East India,Odisha,20.95,85.09,2840.0,429700.0,677674.0
2024-11-29,NER,NE India,Assam,26.2,92.93,1130.0,44650.0,9720.0
2024-11-29,NR,North India,Rajasthan,26.91,74.22,146740.0,1167000.0,648210.0
2024-11-29,SR,South India,Tamil Nadu,11.12,78.66,87620.0,1062160.0,599640.0
2024-11-29,WR,West India,Gujarat,23.02,72.57,91030.0,1460900.0,1472740.0
2024-11-30,ER,East India,Odisha,20.95,85.09,1480.0,430450.0,657090.0
2024-11-30,NER,NE India,Assam,26.2,92.93,1130.0,49070.0,8800.0
2024-11-30,NR,North India,Rajasthan,26.91,74.22,134570.0,1169000.0,635830.0
2024-11-30,SR,South India,Tamil Nadu,11.12,78.66,66730.0,1003840.0,563060.0
2024-11-30,WR,West India,Gujarat,23.02,72.57,86100.0,1460300.0,1462350.0
2024-12-01,ER,East India,Odisha,20.95,85.09,1330.0,408050.0,631190.0
2024-12-01,NER,NE India,Assam,26.2,92.93,1030.0,45850.0,8500.0
2024-12-01,NR,North India,Rajasthan,26.91,74.22,132640.0,1110000.0,606010.0
2024-12-01,SR,South India,Tamil Nadu,11.12,78.66,48800.0,902990.0,516130.0
2024-12-01,WR,West India,Gujarat,23.02,72.57,80280.0,1416200.0,1390699.0
2024-12-02,ER,East India,Odisha,20.95,85.09,1540.0,420030.0,657760.0
2024-12-02,NER,NE India,Assam,26.2,92.93,1030.0,47250.0,8720.0
2024-12-02,NR,North India,Rajasthan,26.91,74.22,134320.0,1144000.0,630270.0
2024-12-02,SR,South India,Tamil Nadu,11.12,78.66,64640.0,953280.0,549040.0
2024-12-02,WR,West India,Gujarat,23.02,72.57,77360.0,1464000.0,1449970.0
2024-12-03,ER,East India,Odisha,20.95,85.09,2420.0,430540.0,673450.0
2024-12-03,NER,NE India,Assam,26.2,92.93,1070.0,47930.0,8560.0
2024-12-03,NR,North India,Rajasthan,26.91,74.22,135660.0,1162000.0,620550.0
2024-12-03,SR,South India,Tamil Nadu,11.12,78.66,81920.0,973070.0,563660.0
2024-12-03,WR,West India,Gujarat,23.02,72.57,77540.0,1495800.0,1463190.0
2024-12-04,ER,East India,Odisha,20.95,85.09,2350.0,431310.0,654900.0
2024-12-04,NER,NE India,Assam,26.2,92.93,990.0,47430.0,9030.0
2024-12-04,NR,North India,Rajasthan,26.91,74.22,143930.0,1171000.0,635650.0
2024-12-04,SR,South India,Tamil Nadu,11.12,78.66,94560.0,1009050.0,591640.0
2024-12-04,WR,West India,Gujarat,23.02,72.57,81770.0,1510200.0,1452420.0
2024-12-05,ER,East India,Odisha,20.95,85.09,2840.0,425810.0,666330.0
2024-12-05,NER,NE India,Assam,26.2,92.93,890.0,48110.0,9600.0
2024-12-05,NR,North India,Rajasthan,26.91,74.22,149100.0,1173000.0,645540.0
2024-12-05,SR,South India,Tamil Nadu,11.12,78.66,91120.0,1028089.9999999999,615140.0
2024-12-05,WR,West India,Gujarat,23.02,72.57,84030.0,1529000.0,1514800.0
2024-12-06,ER,East India,Odisha,20.95,85.09,2660.0,423130.0,671590.0
2024-12-06,NER,NE India,Assam,26.2,92.93,800.0,48620.0,9770.0
2024-12-06,NR,North India,Rajasthan,26.91,74.22,149660.0,1184000.0,673460.0
2024-12-06,SR,South India,Tamil Nadu,11.12,78.66,111040.0,1067070.0,624530.0
2024-12-06,WR,West India,Gujarat,23.02,72.57,84440.0,1524000.0,1544390.0
2024-12-07,ER,East India,Odisha,20.95,85.09,2060.0,420520.0,678610.0
2024-12-07,NER,NE India,Assam,26.2,92.93,870.0,48860.0,9770.0
2024-12-07,NR,North India,Rajasthan,26.91,74.22,159870.0,1177000.0,665820.0
2024-12-07,SR,South India,Tamil Nadu,11.12,78.66,110490.0,1063220.0,614930.0
2024-12-07,WR,West India,Gujarat,23.02,72.57,87933.0,1474000.0,1508530.0
2024-12-08,ER,East India,Odisha,20.95,85.09,2240.0,408090.0,649580.0
2024-12-08,NER,NE India,Assam,26.2,92.93,1050.0,45880.0,8600.0
2024-12-08,NR,North India,Rajasthan,26.91,74.22,150120.0,1126000.0,633120.0
2024-12-08,SR,South India,Tamil Nadu,11.12,78.66,112800.0,1004770.0,570680.0
2024-12-08,WR,West India,Gujarat,23.02,72.57,91930.0,1448300.0,1456990.0
2024-12-09,ER,East India,Odisha,20.95,85.09,2180.0,412220.0,636680.0
2024-12-09,NER,NE India,Assam,26.2,92.93,920.0,47890.0,8860.0
2024-12-09,NR,North India,Rajasthan,26.91,74.22,134330.0,1170000.0,663090.0
2024-12-09,SR,South India,Tamil Nadu,11.12,78.66,103560.0,1075480.0,589810.0
2024-12-09,WR,West India,Gujarat,23.02,72.57,110770.0,1466100.0,1486310.0
2024-12-10,ER,East India,Odisha,20.95,85.09,2580.0,417980.0,665140.0
2024-12-10,NER,NE India,Assam,26.2,92.93,700.0,48380.0,9360.0
2024-12-10,NR,North India,Rajasthan,26.91,74.22,148460.0,1204000.0,668210.0
2024-12-10,SR,South India,Tamil Nadu,11.12,78.66,111610.0,1112320.0,585150.0
2024-12-10,WR,West India,Gujarat,23.02,72.57,94930.0,1458500.0,1500810.0
2024-12-11,ER,East India,Odisha,20.95,85.09,2970.0,418010.0,660970.0
2024-12-11,NER,NE India,Assam,26.2,92.93,950.0,48540.0,9330.0
2024-12-11,NR,North India,Rajasthan,26.91,74.22,148690.0,1214000.0,692010.0
2024-12-11,SR,South India,Tamil Nadu,11.12,78.66,97260.0,1093440.0,577560.0
2024-12-11,WR,West India,Gujarat,23.02,72.57,97530.0,1470900.0,1499010.0
2024-12-12,ER,East India,Odisha,20.95,85.09,3170.0,423190.0,679010.0
2024-12-12,NER,NE India,Assam,26.2,92.93,1040.0,48720.0,9420.0
2024-12-12,NR,North India,Rajasthan,26.91,74.22,151770.0,1210000.0,687640.0
2024-12-12,SR,South India,Tamil Nadu,11.12,78.66,58490.0,1059050.0,587180.0
2024-12-12,WR,West India,Gujarat,23.02,72.57,98500.0,1476200.0,1471610.0
2024-12-13,ER,East India,Odisha,20.95,85.09,2910.0,424840.0,677260.0
2024-12-13,NER,NE India,Assam,26.2,92.93,1070.0,49720.0,9200.0
2024-12-13,NR,North India,Rajasthan,26.91,74.22,154610.0,1232000.0,692510.0
2024-12-13,SR,South India,Tamil Nadu,11.12,78.66,63590.0,1045030.0,594430.0
2024-12-13,WR,West India,Gujarat,23.02,72.57,99390.0,1476600.0,1429320.0
2024-12-14,ER,East India,Odisha,20.95,85.09,3490.0,418190.0,674410.0
2024-12-14,NER,NE India,Assam,26.2,92.93,1110.0,47600.0,9110.0
2024-12-14,NR,North India,Rajasthan,26.91,74.22,165900.0,1222000.0,683370.0
2024-12-14,SR,South India,Tamil Nadu,11.12,78.66,90320.0,1021190.0,570200.0
2024-12-14,WR,West India,Gujarat,23.02,72.57,104340.0,1463100.0,1397800.0
2024-12-15,ER,East India,Odisha,20.95,85.09,3190.0,430660.0,640770.0
2024-12-15,NER,NE India,Assam,26.2,92.93,1170.0,46800.0,8440.0
2024-12-15,NR,North India,Rajasthan,26.91,74.22,163770.0,1178000.0,672110.0
2024-12-15,SR,South India,Tamil Nadu,11.12,78.66,126680.0,953840.0,520630.0
2024-12-15,WR,West India,Gujarat,23.02,72.57,102000.0,1410200.0,1397280.0
2024-12-16,ER,East India,Odisha,20.95,85.09,3610.0,427650.0,654360.0
2024-12-16,NER,NE India,Assam,26.2,92.93,1200.0,48190.0,9590.0
2024-12-16,NR,North India,Rajasthan,26.91,74.22,153290.0,1221000.0,706360.0
2024-12-16,SR,South India,Tamil Nadu,11.12,78.66,121590.0,1035420.0000000001,567610.0
2024-12-16,WR,West India,Gujarat,23.02,72.57,98680.0,1466000.0,1480100.0
2024-12-17,ER,East India,Odisha,20.95,85.09,3220.0,428990.0,665460.0
2024-12-17,NER,NE India,Assam,26.2,92.93,1230.0,48850.0,9610.0
2024-12-17,NR,North India,Rajasthan,26.91,74.22,151060.0,1249000.0,715660.0
2024-12-17,SR,South India,Tamil Nadu,11.12,78.66,124060.0,1079600.0,613640.0
2024-12-17,WR,West India,Gujarat,23.02,72.57,98320.0,1491500.0,1498710.0
2024-12-18,ER,East India,Odisha,20.95,85.09,3100.0,427240.0,648700.0
2024-12-18,NER,NE India,Assam,26.2,92.93,900.0,48690.0,10060.0
2024-12-18,NR,North India,Rajasthan,26.91,74.22,148550.0,1268000.0,757310.0
2024-12-18,SR,South India,Tamil Nadu,11.12,78.66,99280.0,1096570.0,621940.0
2024-12-18,WR,West India,Gujarat,23.02,72.57,94660.0,1506900.0,1519060.0
2024-12-19,ER,East India,Odisha,20.95,85.09,2420.0,430960.0,674380.0
2024-12-19,NER,NE India,Assam,26.2,92.93,1070.0,48400.0,10650.0
2024-12-19,NR,North India,Rajasthan,26.91,74.22,149390.0,1265000.0,750160.0
2024-12-19,SR,South India,Tamil Nadu,11.12,78.66,101780.0,1121240.0,609040.0
2024-12-19,WR,West India,Gujarat,23.02,72.57,89040.0,1517800.0,1574320.0
2024-12-20,ER,East India,Odisha,20.95,85.09,2240.0,430910.0,681300.0
2024-12-20,NER,NE India,Assam,26.2,92.93,1010.0,48920.0,14690.0
2024-12-20,NR,North India,Rajasthan,26.91,74.22,120760.0,1277000.0,761330.0
2024-12-20,SR,South India,Tamil Nadu,11.12,78.66,97590.0,1153220.0,599480.0
2024-12-20,WR,West India,Gujarat,23.02,72.57,85610.0,1525300.0,1564330.0
2024-12-21,ER,East India,Odisha,20.95,85.09,2410.0,427680.0,698800.0
2024-12-21,NER,NE India,Assam,26.2,92.93,680.0,49560.0,15210.0
2024-12-21,NR,North India,Rajasthan,26.91,74.22,113070.0,1249000.0,763530.0
2024-12-21,SR,South India,Tamil Nadu,11.12,78.66,104870.0,1127040.0,604210.0
2024-12-21,WR,West India,Gujarat,23.02,72.57,78441.0,1520800.0,1562850.0
2024-12-22,ER,East India,Odisha,20.95,85.09,2670.0,421470.0,691760.0
2024-12-22,NER,NE India,Assam,26.2,92.93,880.0,46730.0,14980.0
2024-12-22,NR,North India,Rajasthan,26.91,74.22,99840.0,1213000.0,772040.0
2024-12-22,SR,South India,Tamil Nadu,11.12,78.66,101240.0,1070640.0,597470.0
2024-12-22,WR,West India,Gujarat,23.02,72.57,67470.0,1479900.0,1545080.0
2024-12-23,ER,East India,Odisha,20.95,85.09,2910.0,440410.0,696840.0
2024-12-23,NER,NE India,Assam,26.2,92.93,950.0,48920.0,15340.0
2024-12-23,NR,North India,Rajasthan,26.91,74.22,93200.0,1208000.0,798250.0
2024-12-23,SR,South India,Tamil Nadu,11.12,78.66,110320.0,1131330.0,621940.0
2024-12-23,WR,West India,Gujarat,23.02,72.57,67060.0,1500000.0,1553370.0
2024-12-24,ER,East India,Odisha,20.95,85.09,1630.0,448700.0,715200.0
2024-12-24,NER,NE India,Assam,26.2,92.93,1170.0,50270.0,13170.0
2024-12-24,NR,North India,Rajasthan,26.91,74.22,110200.0,1220000.0,764210.0
2024-12-24,SR,South India,Tamil Nadu,11.12,78.66,102260.0,1144380.0,606050.0
2024-12-24,WR,West India,Gujarat,23.02,72.57,76670.0,1502500.0,1552430.0
2024-12-25,ER,East India,Odisha,20.95,85.09,1170.0,444880.0,699330.0
2024-12-25,NER,NE India,Assam,26.2,92.93,910.0,48650.0,10040.0
2024-12-25,NR,North India,Rajasthan,26.91,74.22,120690.0,1217000.0,745720.0
2024-12-25,SR,South India,Tamil Nadu,11.12,78.66,84760.0,1095040.0,603980.0
2024-12-25,WR,West India,Gujarat,23.02,72.57,74260.0,1498700.0,1547710.0
2024-12-26,ER,East India,Odisha,20.95,85.09,2290.0,440330.0,701760.0
2024-12-26,NER,NE India,Assam,26.2,92.93,1040.0,49090.0,10240.0
2024-12-26,NR,North India,Rajasthan,26.91,74.22,94450.0,1228000.0,769650.0
2024-12-26,SR,South India,Tamil Nadu,11.12,78.66,68320.0,1088260.0,632350.0
2024-12-26,WR,West India,Gujarat,23.02,72.57,60580.0,1511800.0,1558570.0
2024-12-27,ER,East India,Odisha,20.95,85.09,3050.0,439620.0,695090.0
2024-12-27,NER,NE India,Assam,26.2,92.93,1070.0,48660.0,9350.0
2024-12-27,NR,North India,Rajasthan,26.91,74.22,79080.0,1120000.0,703970.0
2024-12-27,SR,South India,Tamil Nadu,11.12,78.66,76810.0,1098100.0,599350.0
2024-12-27,WR,West India,Gujarat,23.02,72.57,62390.0,1486200.0,1508170.0
2024-12-28,ER,East India,Odisha,20.95,85.09,2980.0,436820.0,647770.0
2024-12-28,NER,NE India,Assam,26.2,92.93,1110.0,49360.0,8910.0
2024-12-28,NR,North India,Rajasthan,26.91,74.22,127830.0,1081000.0,644880.0
2024-12-28,SR,South India,Tamil Nadu,11.12,78.66,116830.0,1099600.0,570920.0
2024-12-28,WR,West India,Gujarat,23.02,72.57,73530.0,1362800.0,1421390.0
2024-12-29,ER,East India,Odisha,20.95,85.09,3000.0,428060.0,621670.0
2024-12-29,NER,NE India,Assam,26.2,92.93,920.0,47550.0,8540.0
2024-12-29,NR,North India,Rajasthan,26.91,74.22,122980.0,1105000.0,639970.0
2024-12-29,SR,South India,Tamil Nadu,11.12,78.66,130889.99999999999,1052960.0,537510.0
2024-12-29,WR,West India,Gujarat,23.02,72.57,81350.0,1354800.0,1429439.0
2024-12-30,ER,East India,Odisha,20.95,85.09,2560.0,450440.0,634050.0
2024-12-30,NER,NE India,Assam,26.2,92.93,930.0,48660.0,9410.0
2024-12-30,NR,North India,Rajasthan,26.91,74.22,135120.0,1167000.0,689510.0
2024-12-30,SR,South India,Tamil Nadu,11.12,78.66,117370.0,1117430.0,574280.0
2024-12-30,WR,West India,Gujarat,23.02,72.57,92610.0,1404300.0,1515840.0
2024-12-31,ER,East India,Odisha,20.95,85.09,2710.0,449230.0,652150.0
2024-12-31,NER,NE India,Assam,26.2,92.93,960.0,50930.0,9250.0
2024-12-31,NR,North India,Rajasthan,26.91,74.22,134400.0,1198000.0,721110.0
2024-12-31,SR,South India,Tamil Nadu,11.12,78.66,120860.0,1144080.0,590270.0
2024-12-31,WR,West India,Gujarat,23.02,72.57,91660.0,1422200.0,1542370.0
2025-01-01,ER,East India,Odisha,20.95,85.09,3070.0,477330.0,704260.0
2025-01-01,NER,NE India,Assam,26.2,92.93,700.0,50490.0,13780.0
2025-01-01,NR,North India,Rajasthan,26.91,74.22,192790.0,1264000.0,768050.0
2025-01-01,SR,South India,Tamil Nadu,11.12,78.66,142610.0,1305540.0,675320.0
2025-01-01,WR,West India,Gujarat,23.02,72.57,120450.0,1600700.0,1578060.0
2025-01-02,ER,East India,Odisha,20.95,85.09,3130.0,435580.0,667650.0
2025-01-02,NER,NE India,Assam,26.2,92.93,930.0,47020.0,9090.0
2025-01-02,NR,North India,Rajasthan,26.91,74.22,130539.99999999999,1218000.0,713900.0
2025-01-02,SR,South India,Tamil Nadu,11.12,78.66,124050.0,1132370.0,604220.0
2025-01-02,WR,West India,Gujarat,23.02,72.57,102670.0,1419700.0,1543690.0
2025-01-03,ER,East India,Odisha,20.95,85.09,3220.0,449660.0,680060.0
2025-01-03,NER,NE India,Assam,26.2,92.93,980.0,48910.0,9430.0
2025-01-03,NR,North India,Rajasthan,26.91,74.22,145300.0,1259000.0,737810.0
2025-01-03,SR,South India,Tamil Nadu,11.12,78.66,136410.0,1157800.0,608750.0
2025-01-03,WR,West India,Gujarat,23.02,72.57,103170.0,1455800.0,1624920.0
2025-01-04,ER,East India,Odisha,20.95,85.09,3070.0,452190.0,671680.0
2025-01-04,NER,NE India,Assam,26.2,92.93,1110.0,49310.0,9640.0
2025-01-04,NR,North India,Rajasthan,26.91,74.22,143750.0,1240000.0,748920.0
2025-01-04,SR,South India,Tamil Nadu,11.12,78.66,143470.0,1146610.0,628100.0
2025-01-04,WR,West India,Gujarat,23.02,72.57,102690.0,1469700.0,1558980.0
2025-01-05,ER,East India,Odisha,20.95,85.09,2630.0,448360.0,631080.0
2025-01-05,NER,NE India,Assam,26.2,92.93,1080.0,47120.0,9250.0
2025-01-05,NR,North India,Rajasthan,26.91,74.22,120400.0,1199000.0,725240.0
2025-01-05,SR,South India,Tamil Nadu,11.12,78.66,141990.0,1097510.0,606210.0
2025-01-05,WR,West India,Gujarat,23.02,72.57,91910.0,1445500.0,1551050.0
2025-01-06,ER,East India,Odisha,20.95,85.09,2710.0,456370.0,623560.0
2025-01-06,NER,NE India,Assam,26.2,92.93,1040.0,49190.0,9180.0
2025-01-06,NR,North India,Rajasthan,26.91,74.22,147120.0,1248000.0,733150.0
2025-01-06,SR,South India,Tamil Nadu,11.12,78.66,138000.0,1161460.0,622980.0
2025-01-06,WR,West India,Gujarat,23.02,72.57,95960.0,1479000.0,1553640.0
2025-01-07,ER,East India,Odisha,20.95,85.09,2520.0,465280.0,635870.0
2025-01-07,NER,NE India,Assam,26.2,92.93,800.0,48130.0,9170.0
2025-01-07,NR,North India,Rajasthan,26.91,74.22,151990.0,1286000.0,759620.0
2025-01-07,SR,South India,Tamil Nadu,11.12,78.66,132910.0,1192560.0,625510.0
2025-01-07,WR,West India,Gujarat,23.02,72.57,100960.0,1504600.0,1577480.0
2025-01-08,ER,East India,Odisha,20.95,85.09,3150.0,472480.0,662280.0
2025-01-08,NER,NE India,Assam,26.2,92.93,470.0,47680.0,13340.0
2025-01-08,NR,North India,Rajasthan,26.91,74.22,163120.0,1281000.0,766140.0
2025-01-08,SR,South India,Tamil Nadu,11.12,78.66,135110.0,1196600.0,620850.0
2025-01-08,WR,West India,Gujarat,23.02,72.57,106396.0,1493700.0,1591890.0
2025-01-09,ER,East India,Odisha,20.95,85.09,2700.0,476470.0,660620.0
2025-01-09,NER,NE India,Assam,26.2,92.93,920.0,49790.0,13940.0
2025-01-09,NR,North India,Rajasthan,26.91,74.22,158970.0,1272000.0,762750.0
2025-01-09,SR,South India,Tamil Nadu,11.12,78.66,125910.0,1195740.0,621720.0
2025-01-09,WR,West India,Gujarat,23.02,72.57,106390.0,1518400.0,1618150.0
2025-01-10,ER,East India,Odisha,20.95,85.09,3080.0,477290.0,669040.0
2025-01-10,NER,NE India,Assam,26.2,92.93,1070.0,49520.0,15250.0
2025-01-10,NR,North India,Rajasthan,26.91,74.22,151750.0,1298000.0,791540.0
2025-01-10,SR,South India,Tamil Nadu,11.12,78.66,109800.0,1199310.0,656320.0
2025-01-10,WR,West India,Gujarat,23.02,72.57,90070.0,1540900.0,1625250.0
2025-01-11,ER,East India,Odisha,20.95,85.09,3250.0,473260.0,672130.0
2025-01-11,NER,NE India,Assam,26.2,92.93,1120.0,50160.0,15750.0
2025-01-11,NR,North India,Rajasthan,26.91,74.22,126670.0,1224000.0,763530.0
2025-01-11,SR,South India,Tamil Nadu,11.12,78.66,84280.0,1178290.0,667200.0
2025-01-11,WR,West India,Gujarat,23.02,72.57,85813.0,1548500.0,1610090.0
2025-01-12,ER,East India,Odisha,20.95,85.09,2801.0,458930.0,645600.0
2025-01-12,NER,NE India,Assam,26.2,92.93,1070.0,48100.0,14330.0
2025-01-12,NR,North India,Rajasthan,26.91,74.22,103340.0,1141000.0,707850.0
2025-01-12,SR,South India,Tamil Nadu,11.12,78.66,107950.0,1123370.0,640110.0
2025-01-12,WR,West India,Gujarat,23.02,72.57,87080.0,1488400.0,1521770.0
2025-01-13,ER,East India,Odisha,20.95,85.09,2750.0,465990.0,656200.0
2025-01-13,NER,NE India,Assam,26.2,92.93,890.0,48300.0,14480.0
2025-01-13,NR,North India,Rajasthan,26.91,74.22,91520.0,1195000.0,734940.0
2025-01-13,SR,South India,Tamil Nadu,11.12,78.66,108770.0,1134910.0,649540.0
2025-01-13,WR,West India,Gujarat,23.02,72.57,92069.0,1499400.0,1499630.0
2025-01-14,ER,East India,Odisha,20.95,85.09,2630.0,464480.0,635630.0
2025-01-14,NER,NE India,Assam,26.2,92.93,940.0,46950.0,13040.0
2025-01-14,NR,North India,Rajasthan,26.91,74.22,142920.0,1210000.0,695380.0
2025-01-14,SR,South India,Tamil Nadu,11.12,78.66,94920.0,1044720.0,600280.0
2025-01-14,WR,West India,Gujarat,23.02,72.57,94940.0,1412900.0,1425850.0
2025-01-15,ER,East India,Odisha,20.95,85.09,2290.0,461560.0,649010.0
2025-01-15,NER,NE India,Assam,26.2,92.93,1150.0,47160.0,13740.0
2025-01-15,NR,North India,Rajasthan,26.91,74.22,141830.0,1224000.0,681550.0
2025-01-15,SR,South India,Tamil Nadu,11.12,78.66,97060.0,1039050.0,602750.0
2025-01-15,WR,West India,Gujarat,23.02,72.57,84320.0,1447200.0,1435760.0
2025-01-16,ER,East India,Odisha,20.95,85.09,2980.0,463540.0,665180.0
2025-01-16,NER,NE India,Assam,26.2,92.93,1180.0,48600.0,13840.0
2025-01-16,NR,North India,Rajasthan,26.91,74.22,153260.0,1224000.0,696500.0
2025-01-16,SR,South India,Tamil Nadu,11.12,78.66,111470.0,1096540.0,606980.0
2025-01-16,WR,West India,Gujarat,23.02,72.57,94500.0,1502700.0,1513370.0
2025-01-17,ER,East India,Odisha,20.95,85.09,2680.0,462710.0,661340.0
2025-01-17,NER,NE India,Assam,26.2,92.93,1110.0,49230.0,13620.0
2025-01-17,NR,North India,Rajasthan,26.91,74.22,149500.0,1245000.0,710080.0
2025-01-17,SR,South India,Tamil Nadu,11.12,78.66,122890.0,1142540.0,620490.0
2025-01-17,WR,West India,Gujarat,23.02,72.57,100380.0,1536700.0,1533480.0
2025-01-18,ER,East India,Odisha,20.95,85.09,2950.0,462370.0,689750.0
2025-01-18,NER,NE India,Assam,26.2,92.93,1130.0,49430.0,14270.0
2025-01-18,NR,North India,Rajasthan,26.91,74.22,148700.0,1239000.0,730800.0
2025-01-18,SR,South India,Tamil Nadu,11.12,78.66,99570.0,1148040.0,642520.0
2025-01-18,WR,West India,Gujarat,23.02,72.57,101390.0,1541700.0,1573520.0
2025-01-19,ER,East India,Odisha,20.95,85.09,3610.0,460300.0,683220.0
2025-01-19,NER,NE India,Assam,26.2,92.93,1120.0,47630.0,13610.0
2025-01-19,NR,North India,Rajasthan,26.91,74.22,150590.0,1178000.0,710850.0
2025-01-19,SR,South India,Tamil Nadu,11.12,78.66,84180.0,1076280.0,615040.0
2025-01-19,WR,West India,Gujarat,23.02,72.57,104700.0,1507300.0,1584500.0
2025-01-20,ER,East India,Odisha,20.95,85.09,3350.0,467690.0,692770.0
2025-01-20,NER,NE India,Assam,26.2,92.93,1030.0,49490.0,14290.0
2025-01-20,NR,North India,Rajasthan,26.91,74.22,134410.0,1202000.0,734470.0
2025-01-20,SR,South India,Tamil Nadu,11.12,78.66,125480.0,1132760.0,629670.0
2025-01-20,WR,West India,Gujarat,23.02,72.57,103990.0,1551500.0,1605580.0
2025-01-21,ER,East India,Odisha,20.95,85.09,3250.0,477490.0,689090.0
2025-01-21,NER,NE India,Assam,26.2,92.93,980.0,50320.0,14790.0
2025-01-21,NR,North India,Rajasthan,26.91,74.22,163100.0,1226000.0,743760.0
2025-01-21,SR,South India,Tamil Nadu,11.12,78.66,139650.0,1160730.0,643670.0
2025-01-21,WR,West India,Gujarat,23.02,72.57,104420.0,1572200.0,1632270.0
2025-01-22,ER,East India,Odisha,20.95,85.09,3630.0,470460.0,674650.0
2025-01-22,NER,NE India,Assam,26.2,92.93,880.0,50670.0,14660.0
2025-01-22,NR,North India,Rajasthan,26.91,74.22,164570.0,1237000.0,756710.0
2025-01-22,SR,South India,Tamil Nadu,11.12,78.66,121540.0,1183630.0,662750.0
2025-01-22,WR,West India,Gujarat,23.02,72.57,105200.0,1576000.0,1616110.0
2025-01-23,ER,East India,Odisha,20.95,85.09,3220.0,462600.0,650590.0
2025-01-23,NER,NE India,Assam,26.2,92.93,750.0,50990.0,12990.0
2025-01-23,NR,North India,Rajasthan,26.91,74.22,169520.0,1218000.0,724190.0
2025-01-23,SR,South India,Tamil Nadu,11.12,78.66,128250.0,1209750.0,647000.0
2025-01-23,WR,West India,Gujarat,23.02,72.57,107680.0,1576200.0,1572260.0
2025-01-24,ER,East India,Odisha,20.95,85.09,2980.0,472650.0,666120.0
2025-01-24,NER,NE India,Assam,26.2,92.93,540.0,51460.0,13290.0
2025-01-24,NR,North India,Rajasthan,26.91,74.22,183820.0,1247000.0,727430.0
2025-01-24,SR,South India,Tamil Nadu,11.12,78.66,142330.0,1208750.0,639420.0
2025-01-24,WR,West India,Gujarat,23.02,72.57,109630.0,1586400.0,1572960.0
2025-01-25,ER,East India,Odisha,20.95,85.09,3420.0,480860.0,696120.0
2025-01-25,NER,NE India,Assam,26.2,92.93,760.0,51550.0,12550.0
2025-01-25,NR,North India,Rajasthan,26.91,74.22,188280.0,1248000.0,743460.0
2025-01-25,SR,South India,Tamil Nadu,11.12,78.66,141050.0,1205360.0,654220.0
2025-01-25,WR,West India,Gujarat,23.02,72.57,113480.0,1592500.0,1593530.0
2025-01-26,ER,East India,Odisha,20.95,85.09,3450.0,458640.0,653980.0
2025-01-26,NER,NE India,Assam,26.2,92.93,870.0,47540.0,8260.0
2025-01-26,NR,North India,Rajasthan,26.91,74.22,188070.0,1209000.0,717240.0
2025-01-26,SR,South India,Tamil Nadu,11.12,78.66,149330.0,1117750.0,603570.0
2025-01-26,WR,West India,Gujarat,23.02,72.57,119430.0,1494900.0,1507720.0
2025-01-27,ER,East India,Odisha,20.95,85.09,3520.0,466480.0,703780.0
2025-01-27,NER,NE India,Assam,26.2,92.93,930.0,49950.0,13140.0
2025-01-27,NR,North India,Rajasthan,26.91,74.22,183610.0,1248000.0,765800.0
2025-01-27,SR,South India,Tamil Nadu,11.12,78.66,145000.0,1197560.0,663640.0
2025-01-27,WR,West India,Gujarat,23.02,72.57,113900.0,1575100.0,1591980.0
2025-01-28,ER,East India,Odisha,20.95,85.09,3390.0,477380.0,721990.0
2025-01-28,NER,NE India,Assam,26.2,92.93,770.0,51070.0,15060.0
2025-01-28,NR,North India,Rajasthan,26.91,74.22,181750.0,1291000.0,795600.0
2025-01-28,SR,South India,Tamil Nadu,11.12,78.66,139800.0,1233080.0,696370.0
2025-01-28,WR,West India,Gujarat,23.02,72.57,112180.0,1612600.0,1625030.0
2025-01-29,ER,East India,Odisha,20.95,85.09,3300.0,476950.0,727910.0
2025-01-29,NER,NE India,Assam,26.2,92.93,680.0,52120.0,15150.0
2025-01-29,NR,North India,Rajasthan,26.91,74.22,177880.0,1289000.0,778880.0
2025-01-29,SR,South India,Tamil Nadu,11.12,78.66,134740.0,1249790.0,695730.0
2025-01-29,WR,West India,Gujarat,23.02,72.57,114990.0,1610600.0,1622730.0
2025-01-30,ER,East India,Odisha,20.95,85.09,3230.0,481840.0,741310.0
2025-01-30,NER,NE India,Assam,26.2,92.93,610.0,51770.0,15700.0
2025-01-30,NR,North India,Rajasthan,26.91,74.22,154870.0,1288000.0,790550.0
2025-01-30,SR,South India,Tamil Nadu,11.12,78.66,124970.0,1258540.0,727120.0
2025-01-30,WR,West India,Gujarat,23.02,72.57,115600.0,1619700.0,1612950.0
2025-01-31,ER,East India,Odisha,20.95,85.09,2920.0,481520.0,732450.0
2025-01-31,NER,NE India,Assam,26.2,92.93,610.0,50990.0,16400.0
2025-01-31,NR,North India,Rajasthan,26.91,74.22,141640.0,1280000.0,810480.0
2025-01-31,SR,South India,Tamil Nadu,11.12,78.66,134900.0,1280050.0,724240.0
2025-01-31,WR,West India,Gujarat,23.02,72.57,107500.0,1613900.0,1620810.0
2025-02-01,ER,East India,Odisha,20.95,85.09,3180.0,468180.0,721750.0
2025-02-01,NER,NE India,Assam,26.2,92.93,740.0,50220.0,15410.0
2025-02-01,NR,North India,Rajasthan,26.91,74.22,147870.0,1236000.0,768680.0
2025-02-01,SR,South India,Tamil Nadu,11.12,78.66,140300.0,1274420.0,709770.0
2025-02-01,WR,West India,Gujarat,23.02,72.57,117210.0,1594200.0,1634940.0
2025-02-02,ER,East India,Odisha,20.95,85.09,3280.0,462710.0,677360.0
2025-02-02,NER,NE India,Assam,26.2,92.93,820.0,48780.0,13790.0
2025-02-02,NR,North India,Rajasthan,26.91,74.22,179200.0,1192000.0,717400.0
2025-02-02,SR,South India,Tamil Nadu,11.12,78.66,148400.0,1204300.0,660970.0
2025-02-02,WR,West India,Gujarat,23.02,72.57,117230.0,1551400.0,1583990.0
2025-02-03,ER,East India,Odisha,20.95,85.09,3150.0,476600.0,691510.0
2025-02-03,NER,NE India,Assam,26.2,92.93,670.0,50920.0,15130.0
2025-02-03,NR,North India,Rajasthan,26.91,74.22,164670.0,1241000.0,775560.0
2025-02-03,SR,South India,Tamil Nadu,11.12,78.66,149820.0,1261790.0,692090.0
2025-02-03,WR,West India,Gujarat,23.02,72.57,104920.0,1593500.0,1640620.0
2025-02-04,ER,East India,Odisha,20.95,85.09,3140.0,483430.0,682960.0
2025-02-04,NER,NE India,Assam,26.2,92.93,970.0,49840.0,15050.0
2025-02-04,NR,North India,Rajasthan,26.91,74.22,178510.0,1254000.0,808100.0
2025-02-04,SR,South India,Tamil Nadu,11.12,78.66,152960.0,1284340.0,704630.0
2025-02-04,WR,West India,Gujarat,23.02,72.57,112380.0,1603900.0,1608620.0
2025-02-05,ER,East India,Odisha,20.95,85.09,3240.0,484190.0,695600.0
2025-02-05,NER,NE India,Assam,26.2,92.93,930.0,49900.0,16340.0
2025-02-05,NR,North India,Rajasthan,26.91,74.22,183220.0,1245000.0,813240.0
2025-02-05,SR,South India,Tamil Nadu,11.12,78.66,144100.0,1301690.0,709550.0
2025-02-05,WR,West India,Gujarat,23.02,72.57,119700.0,1594400.0,1563800.0
2025-02-06,ER,East India,Odisha,20.95,85.09,3070.0,477000.0,704000.0
2025-02-06,NER,NE India,Assam,26.2,92.93,700.0,50000.0,14000.0
2025-02-06,NR,North India,Rajasthan,26.91,74.22,192790.0,1264000.0,768000.0
2025-02-06,SR,South India,Tamil Nadu,11.12,78.66,142610.0,1306000.0,675000.0
2025-02-06,WR,West India,Gujarat,23.02,72.57,120450.0,1601000.0,1578000.0
2025-02-07,ER,East India,Odisha,20.95,85.09,3400.0,474230.0,705550.0
2025-02-07,NER,NE India,Assam,26.2,92.93,870.0,50170.0,14560.0
2025-02-07,NR,North India,Rajasthan,26.91,74.22,181760.0,1280000.0,757550.0
2025-02-07,SR,South India,Tamil Nadu,11.12,78.66,149140.0,1319110.0,685330.0
2025-02-07,WR,West India,Gujarat,23.02,72.57,120100.0,1605000.0,1609150.0
2025-02-08,ER,East India,Odisha,20.95,85.09,3400.0,468000.0,703000.0
2025-02-08,NER,NE India,Assam,26.2,92.93,1030.0,50000.0,15000.0
2025-02-08,NR,North India,Rajasthan,26.91,74.22,180900.0,1280000.0,779000.0
2025-02-08,SR,South India,Tamil Nadu,11.12,78.66,143760.0,1295000.0,696000.0
2025-02-08,WR,West India,Gujarat,23.02,72.57,117830.0,1629000.0,1656000.0
2025-02-09,ER,East India,Odisha,20.95,85.09,3830.0,460490.0,695080.0
2025-02-09,NER,NE India,Assam,26.2,92.93,1080.0,45620.0,15180.0
2025-02-09,NR,North India,Rajasthan,26.91,74.22,183730.0,1223000.0,745980.0
2025-02-09,SR,South India,Tamil Nadu,11.12,78.66,139300.0,1230390.0,660560.0
2025-02-09,WR,West India,Gujarat,23.02,72.57,120640.0,1593700.0,1643200.0
2025-02-10,ER,East India,Odisha,20.95,85.09,3510.0,472810.0,713550.0
2025-02-10,NER,NE India,Assam,26.2,92.93,920.0,49250.0,15820.0
2025-02-10,NR,North India,Rajasthan,26.91,74.22,163190.0,1252000.0,788950.0
2025-02-10,SR,South India,Tamil Nadu,11.12,78.66,138460.0,1291640.0,729330.0
2025-02-10,WR,West India,Gujarat,23.02,72.57,122200.0,1636500.0,1669680.0
2025-02-11,ER,East India,Odisha,20.95,85.09,2480.0,481390.0,727020.0
2025-02-11,NER,NE India,Assam,26.2,92.93,670.0,49870.0,16880.0
2025-02-11,NR,North India,Rajasthan,26.91,74.22,183850.0,1261000.0,798920.0
2025-02-11,SR,South India,Tamil Nadu,11.12,78.66,145890.0,1318040.0,726170.0
2025-02-11,WR,West India,Gujarat,23.02,72.57,117459.0,1644700.0,1646870.0
2025-02-12,ER,East India,Odisha,20.95,85.09,3270.0,486390.0,749800.0
2025-02-12,NER,NE India,Assam,26.2,92.93,750.0,49140.0,16160.0
2025-02-12,NR,North India,Rajasthan,26.91,74.22,181750.0,1266000.0,787320.0
2025-02-12,SR,South India,Tamil Nadu,11.12,78.66,145380.0,1332170.0,721680.0
2025-02-12,WR,West India,Gujarat,23.02,72.57,119790.0,1632500.0,1674250.0
2025-02-13,ER,East India,Odisha,20.95,85.09,3710.0,481850.0,739050.0
2025-02-13,NER,NE India,Assam,26.2,92.93,1650.0,47310.0,16560.0
2025-02-13,NR,North India,Rajasthan,26.91,74.22,187460.0,1233000.0,764880.0
2025-02-13,SR,South India,Tamil Nadu,11.12,78.66,151370.0,1337970.0,726530.0
2025-02-13,WR,West India,Gujarat,23.02,72.57,124000.0,1630800.0,1663590.0
2025-02-14,ER,East India,Odisha,20.95,85.09,3630.0,477680.0,746410.0
2025-02-14,NER,NE India,Assam,26.2,92.93,840.0,48630.0,16630.0
2025-02-14,NR,North India,Rajasthan,26.91,74.22,180740.0,1243000.0,755570.0
2025-02-14,SR,South India,Tamil Nadu,11.12,78.66,152830.0,1337280.0,737280.0
2025-02-14,WR,West India,Gujarat,23.02,72.57,125340.0,1628700.0,1678320.0
2025-02-15,ER,East India,Odisha,20.95,85.09,3840.0,480790.0,746080.0
2025-02-15,NER,NE India,Assam,26.2,92.93,1120.0,49920.0,14490.0
2025-02-15,NR,North India,Rajasthan,26.91,74.22,189100.0,1245000.0,728250.0
2025-02-15,SR,South India,Tamil Nadu,11.12,78.66,152500.0,1310270.0,719570.0
2025-02-15,WR,West India,Gujarat,23.02,72.57,128639.99999999999,1624300.0,1626810.0
2025-02-16,ER,East India,Odisha,20.95,85.09,3790.0,464730.0,734320.0
2025-02-16,NER,NE India,Assam,26.2,92.93,920.0,46410.0,12360.0
2025-02-16,NR,North India,Rajasthan,26.91,74.22,166130.0,1213000.0,722370.0
2025-02-16,SR,South India,Tamil Nadu,11.12,78.66,154760.0,1253330.0,676220.0
2025-02-16,WR,West India,Gujarat,23.02,72.57,126290.0,1583400.0,1598360.0
2025-02-17,ER,East India,Odisha,20.95,85.09,3150.0,483370.0,748470.0
2025-02-17,NER,NE India,Assam,26.2,92.93,1060.0,50520.0,14510.0
2025-02-17,NR,North India,Rajasthan,26.91,74.22,183930.0,1237000.0,757640.0
2025-02-17,SR,South India,Tamil Nadu,11.12,78.66,154060.0,1324870.0,710380.0
2025-02-17,WR,West India,Gujarat,23.02,72.57,124408.0,1629500.0,1681130.0
2025-02-18,ER,East India,Odisha,20.95,85.09,3280.0,491640.0,742020.0
2025-02-18,NER,NE India,Assam,26.2,92.93,900.0,50010.0,14960.0
2025-02-18,NR,North India,Rajasthan,26.91,74.22,173870.0,1245000.0,767440.0
2025-02-18,SR,South India,Tamil Nadu,11.12,78.66,148020.0,1352870.0,756740.0
2025-02-18,WR,West India,Gujarat,23.02,72.57,121100.0,1647600.0,1715150.0
2025-02-19,ER,East India,Odisha,20.95,85.09,3360.0,490000.0,733000.0
2025-02-19,NER,NE India,Assam,26.2,92.93,1010.0,50000.0,16000.0
2025-02-19,NR,North India,Rajasthan,26.91,74.22,137920.0,1233000.0,778000.0
2025-02-19,SR,South India,Tamil Nadu,11.12,78.66,144490.0,1365000.0,773000.0
2025-02-19,WR,West India,Gujarat,23.02,72.57,119970.0,1651000.0,1732000.0
2025-02-20,ER,East India,Odisha,20.95,85.09,3000.0,475560.0,697510.0
2025-02-20,NER,NE India,Assam,26.2,92.93,1160.0,50070.0,14640.0
2025-02-20,NR,North India,Rajasthan,26.91,74.22,190880.0,1140000.0,742510.0
2025-02-20,SR,South India,Tamil Nadu,11.12,78.66,140590.0,1379370.0,739090.0
2025-02-20,WR,West India,Gujarat,23.02,72.57,125819.16,1643700.0,1707690.0
2025-02-21,ER,East India,Odisha,20.95,85.09,3640.0,479430.0,719020.0
2025-02-21,NER,NE India,Assam,26.2,92.93,1040.0,49560.0,14900.0
2025-02-21,NR,North India,Rajasthan,26.91,74.22,184520.0,1198000.0,778710.0
2025-02-21,SR,South India,Tamil Nadu,11.12,78.66,141870.0,1388970.0,747610.0
2025-02-21,WR,West India,Gujarat,23.02,72.57,123440.0,1644600.0,1707270.0
2025-02-22,ER,East India,Odisha,20.95,85.09,3580.0,477580.0,721430.0
2025-02-22,NER,NE India,Assam,26.2,92.93,990.0,48650.0,15320.0
2025-02-22,NR,North India,Rajasthan,26.91,74.22,194760.0,1202000.0,786660.0
2025-02-22,SR,South India,Tamil Nadu,11.12,78.66,142440.0,1373430.0,753000.0
2025-02-22,WR,West India,Gujarat,23.02,72.57,131670.0,1659400.0,1699440.0
2025-02-23,ER,East India,Odisha,20.95,85.09,3450.0,456490.0,694910.0
2025-02-23,NER,NE India,Assam,26.2,92.93,920.0,45440.0,14310.0
2025-02-23,NR,North India,Rajasthan,26.91,74.22,201720.0,1163000.0,765160.0
2025-02-23,SR,South India,Tamil Nadu,11.12,78.66,144470.0,1302830.0,714540.0
2025-02-23,WR,West India,Gujarat,23.02,72.57,134040.0,1614900.0,1627930.0
2025-02-24,ER,East India,Odisha,20.95,85.09,4090.0,469460.0,710170.0
2025-02-24,NER,NE India,Assam,26.2,92.93,1270.0,48570.0,13530.0
2025-02-24,NR,North India,Rajasthan,26.91,74.22,189340.0,1209000.0,762110.0
2025-02-24,SR,South India,Tamil Nadu,11.12,78.66,147690.0,1343900.0,734360.0
2025-02-24,WR,West India,Gujarat,23.02,72.57,130289.99999999999,1645400.0,1650250.0
2025-02-25,ER,East India,Odisha,20.95,85.09,4010.0,479290.0,728560.0
2025-02-25,NER,NE India,Assam,26.2,92.93,1210.0,49540.0,10180.0
2025-02-25,NR,North India,Rajasthan,26.91,74.22,126290.0,1216000.0,767960.0
2025-02-25,SR,South India,Tamil Nadu,11.12,78.66,135520.0,1374940.0,778920.0
2025-02-25,WR,West India,Gujarat,23.02,72.57,116120.0,1658200.0,1713130.0
2025-02-26,ER,East India,Odisha,20.95,85.09,3790.0,478260.0,744810.0
2025-02-26,NER,NE India,Assam,26.2,92.93,1330.0,49540.0,8970.0
2025-02-26,NR,North India,Rajasthan,26.91,74.22,141540.0,1213000.0,742830.0
2025-02-26,SR,South India,Tamil Nadu,11.12,78.66,139700.0,1366710.0,751570.0
2025-02-26,WR,West India,Gujarat,23.02,72.57,124810.0,1634200.0,1687390.0
2025-02-27,ER,East India,Odisha,20.95,85.09,3680.0,485370.0,735330.0
2025-02-27,NER,NE India,Assam,26.2,92.93,1160.0,49600.0,8930.0
2025-02-27,NR,North India,Rajasthan,26.91,74.22,92680.0,1170000.0,743870.0
2025-02-27,SR,South India,Tamil Nadu,11.12,78.66,145860.0,1359420.0,749900.0
2025-02-27,WR,West India,Gujarat,23.02,72.57,121950.0,1663600.0,1711570.0
2025-02-28,ER,East India,Odisha,20.95,85.09,3540.0,489500.0,721530.0
2025-02-28,NER,NE India,Assam,26.2,92.93,1000.0,50440.0,8880.0
2025-02-28,NR,North India,Rajasthan,26.91,74.22,145280.0,1162000.0,711640.0
2025-02-28,SR,South India,Tamil Nadu,11.12,78.66,133420.0,1386480.0,756080.0
2025-02-28,WR,West India,Gujarat,23.02,72.57,118738.0,1674700.0,1671790.0
2025-03-01,ER,East India,Odisha,20.95,85.09,4050.0,496630.0,704720.0
2025-03-01,NER,NE India,Assam,26.2,92.93,680.0,49490.0,9140.0
2025-03-01,NR,North India,Rajasthan,26.91,74.22,179910.0,1135000.0,719020.0
2025-03-01,SR,South India,Tamil Nadu,11.12,78.66,136390.0,1367410.0,703960.0
2025-03-01,WR,West India,Gujarat,23.02,72.57,130870.0,1652300.0,1632120.0
2025-03-02,ER,East India,Odisha,20.95,85.09,3749.0,502680.0,706100.0
2025-03-02,NER,NE India,Assam,26.2,92.93,930.0,43700.0,9210.0
2025-03-02,NR,North India,Rajasthan,26.91,74.22,204070.0,1101000.0,725560.0
2025-03-02,SR,South India,Tamil Nadu,11.12,78.66,137550.0,1301930.0,698010.0
2025-03-02,WR,West India,Gujarat,23.02,72.57,132590.0,1609700.0,1555000.0
2025-03-03,ER,East India,Odisha,20.95,85.09,3570.0,518860.0,750830.0
2025-03-03,NER,NE India,Assam,26.2,92.93,1140.0,49080.0,10960.0
2025-03-03,NR,North India,Rajasthan,26.91,74.22,198020.0,1163000.0,782210.0
2025-03-03,SR,South India,Tamil Nadu,11.12,78.66,134410.0,1379200.0,738550.0
2025-03-03,WR,West India,Gujarat,23.02,72.57,133160.0,1643700.0,1560300.0
2025-03-04,ER,East India,Odisha,20.95,85.09,4120.0,527020.0,742950.0
2025-03-04,NER,NE India,Assam,26.2,92.93,1260.0,50260.0,10200.0
2025-03-04,NR,North India,Rajasthan,26.91,74.22,213670.0,1177000.0,740790.0
2025-03-04,SR,South India,Tamil Nadu,11.12,78.66,132720.0,1417320.0,723140.0
2025-03-04,WR,West India,Gujarat,23.02,72.57,139620.0,1652500.0,1566160.0
2025-03-05,ER,East India,Odisha,20.95,85.09,4510.0,510000.0,723000.0
2025-03-05,NER,NE India,Assam,26.2,92.93,1180.0,50000.0,9000.0
2025-03-05,NR,North India,Rajasthan,26.91,74.22,221290.0,1129000.0,723000.0
2025-03-05,SR,South India,Tamil Nadu,11.12,78.66,146680.0,1428000.0,732000.0
2025-03-05,WR,West India,Gujarat,23.02,72.57,144140.0,1622000.0,1548000.0
2025-03-06,ER,East India,Odisha,20.95,85.09,4250.0,493740.0,742990.0
2025-03-06,NER,NE India,Assam,26.2,92.93,1190.0,50810.0,10070.0
2025-03-06,NR,North India,Rajasthan,26.91,74.22,215510.0,1177000.0,803210.0
2025-03-06,SR,South India,Tamil Nadu,11.12,78.66,155510.0,1419600.0,754360.0
2025-03-06,WR,West India,Gujarat,23.02,72.57,150570.0,1610600.0,1574580.0
2025-03-07,ER,East India,Odisha,20.95,85.09,4330.0,487170.0,745280.0
2025-03-07,NER,NE India,Assam,26.2,92.93,1130.0,50510.0,10000.0
2025-03-07,NR,North India,Rajasthan,26.91,74.22,209080.0,1257000.0,829700.0
2025-03-07,SR,South India,Tamil Nadu,11.12,78.66,152910.0,1431300.0,757880.0
2025-03-07,WR,West India,Gujarat,23.02,72.57,146050.0,1627800.0,1645980.0
2025-03-08,ER,East India,Odisha,20.95,85.09,4300.0,498960.0,746160.0
2025-03-08,NER,NE India,Assam,26.2,92.93,1020.0,50380.0,10550.0
2025-03-08,NR,North India,Rajasthan,26.91,74.22,205960.0,1280000.0,836680.0
2025-03-08,SR,South India,Tamil Nadu,11.12,78.66,144600.0,1414150.0,763490.0
2025-03-08,WR,West India,Gujarat,23.02,72.57,141990.0,1640000.0,1683900.0
2025-03-09,ER,East India,Odisha,20.95,85.09,3980.0,506920.0,734490.0
2025-03-09,NER,NE India,Assam,26.2,92.93,1130.0,48460.0,10170.0
2025-03-09,NR,North India,Rajasthan,26.91,74.22,202640.0,1252000.0,822000.0
2025-03-09,SR,South India,Tamil Nadu,11.12,78.66,146910.0,1341220.0,743230.0
2025-03-09,WR,West India,Gujarat,23.02,72.57,141660.0,1617600.0,1624620.0
2025-03-10,ER,East India,Odisha,20.95,85.09,3880.0,527060.0,769950.0
2025-03-10,NER,NE India,Assam,26.2,92.93,1050.0,49480.0,9930.0
2025-03-10,NR,North India,Rajasthan,26.91,74.22,194370.0,1277000.0,807370.0
2025-03-10,SR,South India,Tamil Nadu,11.12,78.66,148190.0,1379790.0,749740.0
2025-03-10,WR,West India,Gujarat,23.02,72.57,136190.0,1671900.0,1673110.0
2025-03-11,ER,East India,Odisha,20.95,85.09,3720.0,528600.0,758990.0
2025-03-11,NER,NE India,Assam,26.2,92.93,980.0,52230.0,10950.0
2025-03-11,NR,North India,Rajasthan,26.91,74.22,179780.0,1300000.0,842760.0
2025-03-11,SR,South India,Tamil Nadu,11.12,78.66,114010.0,1371730.0,754630.0
2025-03-11,WR,West India,Gujarat,23.02,72.57,137850.0,1689900.0,1720530.0
2025-03-12,ER,East India,Odisha,20.95,85.09,4019.9999999999995,536920.0,762990.0
2025-03-12,NER,NE India,Assam,26.2,92.93,530.0,50280.0,10540.0
2025-03-12,NR,North India,Rajasthan,26.91,74.22,189190.0,1293000.0,857310.0
2025-03-12,SR,South India,Tamil Nadu,11.12,78.66,126680.0,1351200.0,748320.0
2025-03-12,WR,West India,Gujarat,23.02,72.57,136180.0,1643800.0,1677830.0
2025-03-13,ER,East India,Odisha,20.95,85.09,4090.0,555020.0,763190.0
2025-03-13,NER,NE India,Assam,26.2,92.93,580.0,47030.0,10370.0
2025-03-13,NR,North India,Rajasthan,26.91,74.22,192610.0,1250000.0,802570.0
2025-03-13,SR,South India,Tamil Nadu,11.12,78.66,149820.0,1364550.0,733480.0
2025-03-13,WR,West India,Gujarat,23.02,72.57,144700.0,1658900.0,1664550.0
2025-03-14,ER,East India,Odisha,20.95,85.09,3580.0,520880.0,695340.0
2025-03-14,NER,NE India,Assam,26.2,92.93,770.0,46070.0,8029.999999999999
2025-03-14,NR,North India,Rajasthan,26.91,74.22,177440.0,1045000.0,682870.0
2025-03-14,SR,South India,Tamil Nadu,11.12,78.66,150010.0,1351830.0,679610.0
2025-03-14,WR,West India,Gujarat,23.02,72.57,139330.0,1434500.0,1480640.0
2025-03-15,ER,East India,Odisha,20.95,85.09,3860.0,531610.0,719000.0
2025-03-15,NER,NE India,Assam,26.2,92.93,940.0,46480.0,8480.0
2025-03-15,NR,North India,Rajasthan,26.91,74.22,202000.0,1017000.0,669430.0
2025-03-15,SR,South India,Tamil Nadu,11.12,78.66,148050.0,1358950.0,702770.0
2025-03-15,WR,West India,Gujarat,23.02,72.57,133880.0,1535300.0,1530240.0
2025-03-16,ER,East India,Odisha,20.95,85.09,3280.0,536000.0,733400.0
2025-03-16,NER,NE India,Assam,26.2,92.93,800.0,47100.0,9680.0
2025-03-16,NR,North India,Rajasthan,26.91,74.22,189690.0,1106000.0,740710.0
2025-03-16,SR,South India,Tamil Nadu,11.12,78.66,141240.0,1328050.0,720580.0
2025-03-16,WR,West India,Gujarat,23.02,72.57,138490.0,1589600.0,1573660.0
2025-03-17,ER,East India,Odisha,20.95,85.09,3600.0,546160.0,750300.0
2025-03-17,NER,NE India,Assam,26.2,92.93,1080.0,48590.0,9610.0
2025-03-17,NR,North India,Rajasthan,26.91,74.22,214830.0,1192000.0,806790.0
2025-03-17,SR,South India,Tamil Nadu,11.12,78.66,140840.0,1415800.0,757720.0
2025-03-17,WR,West India,Gujarat,23.02,72.57,143330.0,1644600.0,1652540.0
2025-03-18,ER,East India,Odisha,20.95,85.09,5764.0,549200.0,750970.0
2025-03-18,NER,NE India,Assam,26.2,92.93,1070.0,48370.0,10320.0
2025-03-18,NR,North India,Rajasthan,26.91,74.22,218160.0,1212000.0,827760.0
2025-03-18,SR,South India,Tamil Nadu,11.12,78.66,144850.0,1450750.0,752530.0
2025-03-18,WR,West India,Gujarat,23.02,72.57,147400.0,1643800.0,1642350.0
2025-03-19,ER,East India,Odisha,20.95,85.09,3720.0,560670.0,742640.0
2025-03-19,NER,NE India,Assam,26.2,92.93,1100.0,53620.0,10460.0
2025-03-19,NR,North India,Rajasthan,26.91,74.22,215850.0,1239000.0,858630.0
2025-03-19,SR,South India,Tamil Nadu,11.12,78.66,143950.0,1459990.0,764120.0
2025-03-19,WR,West India,Gujarat,23.02,72.57,144110.0,1639800.0,1635550.0
2025-03-20,ER,East India,Odisha,20.95,85.09,3150.0,538460.0,745440.0
2025-03-20,NER,NE India,Assam,26.2,92.93,830.0,53130.0,10710.0
2025-03-20,NR,North India,Rajasthan,26.91,74.22,184730.0,1227000.0,853860.0
2025-03-20,SR,South India,Tamil Nadu,11.12,78.66,151070.0,1455660.0,770140.0
2025-03-20,WR,West India,Gujarat,23.02,72.57,134620.0,1631200.0,1612210.0
2025-03-21,ER,East India,Odisha,20.95,85.09,2440.0,499470.0,761180.0
2025-03-21,NER,NE India,Assam,26.2,92.93,680.0,52880.0,10140.0
2025-03-21,NR,North India,Rajasthan,26.91,74.22,207330.0,1231000.0,823820.0
2025-03-21,SR,South India,Tamil Nadu,11.12,78.66,138460.0,1457420.0,754110.0
2025-03-21,WR,West India,Gujarat,23.02,72.57,141230.0,1615900.0,1603140.0
2025-03-22,ER,East India,Odisha,20.95,85.09,3340.0,460440.0,751130.0
2025-03-22,NER,NE India,Assam,26.2,92.93,650.0,51570.0,9780.0
2025-03-22,NR,North India,Rajasthan,26.91,74.22,214210.0,1203000.0,772680.0
2025-03-22,SR,South India,Tamil Nadu,11.12,78.66,123740.0,1385870.0,708730.0
2025-03-22,WR,West India,Gujarat,23.02,72.57,147574.0,1606300.0,1587250.0
2025-03-23,ER,East India,Odisha,20.95,85.09,3460.0,457040.0,716710.0
2025-03-23,NER,NE India,Assam,26.2,92.93,1150.0,49400.0,9090.0
2025-03-23,NR,North India,Rajasthan,26.91,74.22,208450.0,1150000.0,735750.0
2025-03-23,SR,South India,Tamil Nadu,11.12,78.66,131300.0,1297490.0,674510.0
2025-03-23,WR,West India,Gujarat,23.02,72.57,147941.0,1581200.0,1554700.0
2025-03-24,ER,East India,Odisha,20.95,85.09,4140.0,503280.0,750860.0
2025-03-24,NER,NE India,Assam,26.2,92.93,1430.0,51960.0,8850.0
2025-03-24,NR,North India,Rajasthan,26.91,74.22,214090.0,1206000.0,777170.0
2025-03-24,SR,South India,Tamil Nadu,11.12,78.66,142850.0,1383150.0,724990.0
2025-03-24,WR,West India,Gujarat,23.02,72.57,145469.6,1640000.0,1626120.0
2025-03-25,ER,East India,Odisha,20.95,85.09,4250.0,531520.0,748410.0
2025-03-25,NER,NE India,Assam,26.2,92.93,1410.0,53910.0,10230.0
2025-03-25,NR,North India,Rajasthan,26.91,74.22,212280.0,1219000.0,804640.0
2025-03-25,SR,South India,Tamil Nadu,11.12,78.66,141350.0,1410280.0,754130.0
2025-03-25,WR,West India,Gujarat,23.02,72.57,145260.0,1661500.0,1633870.0
2025-03-26,ER,East India,Odisha,20.95,85.09,4240.0,553290.0,735530.0
2025-03-26,NER,NE India,Assam,26.2,92.93,1270.0,55170.0,10200.0
2025-03-26,NR,North India,Rajasthan,26.91,74.22,206520.0,1245000.0,815810.0
2025-03-26,SR,South India,Tamil Nadu,11.12,78.66,145490.0,1415930.0,759780.0
2025-03-26,WR,West India,Gujarat,23.02,72.57,146530.0,1657000.0,1631560.0
2025-03-27,ER,East India,Odisha,20.95,85.09,4210.0,572020.0,731660.0
2025-03-27,NER,NE India,Assam,26.2,92.93,1020.0,57110.0,10140.0
2025-03-27,NR,North India,Rajasthan,26.91,74.22,216110.0,1241000.0,820750.0
2025-03-27,SR,South India,Tamil Nadu,11.12,78.66,139080.0,1438050.0,780090.0
2025-03-27,WR,West India,Gujarat,23.02,72.57,149370.0,1664800.0,1645580.0
2025-03-28,ER,East India,Odisha,20.95,85.09,4140.0,595400.0,737970.0
2025-03-28,NER,NE India,Assam,26.2,92.93,760.0,58730.0,9800.0
2025-03-28,NR,North India,Rajasthan,26.91,74.22,226430.0,1204000.0,805160.0
2025-03-28,SR,South India,Tamil Nadu,11.12,78.66,135770.0,1458070.0,790570.0
2025-03-28,WR,West India,Gujarat,23.02,72.57,148570.0,1646700.0,1623590.0
2025-03-29,ER,East India,Odisha,20.95,85.09,4059.9999999999995,598270.0,745610.0
2025-03-29,NER,NE India,Assam,26.2,92.93,810.0,58190.0,9820.0
2025-03-29,NR,North India,Rajasthan,26.91,74.22,206860.0,1127000.0,739460.0
2025-03-29,SR,South India,Tamil Nadu,11.12,78.66,140550.0,1452140.0,779670.0
2025-03-29,WR,West India,Gujarat,23.02,72.57,144240.0,1626900.0,1574510.0
2025-03-30,ER,East India,Odisha,20.95,85.09,4150.0,582610.0,723410.0
2025-03-30,NER,NE India,Assam,26.2,92.93,1060.0,57570.0,9430.0
2025-03-30,NR,North India,Rajasthan,26.91,74.22,223540.0,1089000.0,729910.0
2025-03-30,SR,South India,Tamil Nadu,11.12,78.66,140550.0,1373810.0,756150.0
2025-03-30,WR,West India,Gujarat,23.02,72.57,152570.0,1591100.0,1541510.0
2025-03-31,ER,East India,Odisha,20.95,85.09,3840.0,595480.0,720130.0
2025-03-31,NER,NE India,Assam,26.2,92.93,1060.0,56700.0,9500.0
2025-03-31,NR,North India,Rajasthan,26.91,74.22,221200.0,1130000.0,766160.0
2025-03-31,SR,South India,Tamil Nadu,11.12,78.66,128840.0,1376310.0,760510.0
2025-03-31,WR,West India,Gujarat,23.02,72.57,142680.0,1612800.0,1567390.0
2025-04-01,ER,East India,Odisha,20.95,85.09,3680.0,592340.0,723000.0
2025-04-01,NER,NE India,Assam,26.2,92.93,1040.0,57600.0,9670.0
2025-04-01,NR,North India,Rajasthan,26.91,74.22,223160.0,1120000.0,769580.0
2025-04-01,SR,South India,Tamil Nadu,11.12,78.66,137040.0,1392620.0,772480.0
2025-04-01,WR,West India,Gujarat,23.02,72.57,134200.0,1606000.0,1579870.0
2025-04-02,ER,East India,Odisha,20.95,85.09,3440.0,583270.0,746880.0
2025-04-02,NER,NE India,Assam,26.2,92.93,990.0,58840.0,10400.0
2025-04-02,NR,North India,Rajasthan,26.91,74.22,215640.0,1153000.0,794260.0
2025-04-02,SR,South India,Tamil Nadu,11.12,78.66,127190.0,1398620.0,780580.0
2025-04-02,WR,West India,Gujarat,23.02,72.57,136170.0,1582100.0,1567790.0
2025-04-03,ER,East India,Odisha,20.95,85.09,3250.0,581770.0,763630.0
2025-04-03,NER,NE India,Assam,26.2,92.93,1060.0,59870.0,9900.0
2025-04-03,NR,North India,Rajasthan,26.91,74.22,211750.0,1167000.0,783660.0
2025-04-03,SR,South India,Tamil Nadu,11.12,78.66,106310.0,1315340.0,734790.0
2025-04-03,WR,West India,Gujarat,23.02,72.57,137450.0,1586400.0,1577310.0
2025-04-04,ER,East India,Odisha,20.95,85.09,2960.0,587310.0,730810.0
2025-04-04,NER,NE India,Assam,26.2,92.93,790.0,60070.0,9080.0
2025-04-04,NR,North India,Rajasthan,26.91,74.22,212420.0,1190000.0,795250.0
2025-04-04,SR,South India,Tamil Nadu,11.12,78.66,133220.0,1243860.0,682860.0
2025-04-04,WR,West India,Gujarat,23.02,72.57,149090.0,1588400.0,1580010.0
2025-04-05,ER,East India,Odisha,20.95,85.09,4230.0,596590.0,715390.0
2025-04-05,NER,NE India,Assam,26.2,92.93,1020.0,58850.0,9900.0
2025-04-05,NR,North India,Rajasthan,26.91,74.22,209770.0,1212000.0,801830.0
2025-04-05,SR,South India,Tamil Nadu,11.12,78.66,137920.0,1243540.0,697080.0
2025-04-05,WR,West India,Gujarat,23.02,72.57,142370.0,1634000.0,1612070.0
2025-04-06,ER,East India,Odisha,20.95,85.09,3640.0,589770.0,684850.0
2025-04-06,NER,NE India,Assam,26.2,92.93,920.0,51920.0,9300.0
2025-04-06,NR,North India,Rajasthan,26.91,74.22,209170.0,1170000.0,753610.0
2025-04-06,SR,South India,Tamil Nadu,11.12,78.66,138140.0,1199070.0,661460.0
2025-04-06,WR,West India,Gujarat,23.02,72.57,155810.0,1612600.0,1523600.0
2025-04-07,ER,East India,Odisha,20.95,85.09,3790.0,610120.0,710570.0
2025-04-07,NER,NE India,Assam,26.2,92.93,980.0,54950.0,9140.0
2025-04-07,NR,North India,Rajasthan,26.91,74.22,201310.0,1256000.0,811770.0
2025-04-07,SR,South India,Tamil Nadu,11.12,78.66,147090.0,1274200.0,679670.0
2025-04-07,WR,West India,Gujarat,23.02,72.57,152920.0,1674400.0,1601650.0
2025-04-08,ER,East India,Odisha,20.95,85.09,4059.9999999999995,623350.0,719040.0
2025-04-08,NER,NE India,Assam,26.2,92.93,1080.0,61080.0,9880.0
2025-04-08,NR,North India,Rajasthan,26.91,74.22,199390.0,1319000.0,835460.0
2025-04-08,SR,South India,Tamil Nadu,11.12,78.66,140110.0,1310240.0,728110.0
2025-04-08,WR,West India,Gujarat,23.02,72.57,144340.0,1708800.0,1671560.0
2025-04-09,ER,East India,Odisha,20.95,85.09,4170.0,607340.0,714325.0
2025-04-09,NER,NE India,Assam,26.2,92.93,750.0,57560.0,10310.0
2025-04-09,NR,North India,Rajasthan,26.91,74.22,198580.0,1373000.0,864660.0
2025-04-09,SR,South India,Tamil Nadu,11.12,78.66,140660.0,1315400.0,734030.0
2025-04-09,WR,West India,Gujarat,23.02,72.57,152248.0,1723100.0,1687650.0
2025-04-10,ER,East India,Odisha,20.95,85.09,3780.0,525390.0,694090.0
2025-04-10,NER,NE India,Assam,26.2,92.93,840.0,53840.0,8690.0
2025-04-10,NR,North India,Rajasthan,26.91,74.22,207590.0,1264000.0,743020.0
2025-04-10,SR,South India,Tamil Nadu,11.12,78.66,129910.0,1307090.0,679140.0
2025-04-10,WR,West India,Gujarat,23.02,72.57,142300.0,1703900.0,1614880.0
2025-04-11,ER,East India,Odisha,20.95,85.09,2990.0,496490.0,686450.0
2025-04-11,NER,NE India,Assam,26.2,92.93,610.0,52780.0,7890.0
2025-04-11,NR,North India,Rajasthan,26.91,74.22,196620.0,1174000.0,703990.0
2025-04-11,SR,South India,Tamil Nadu,11.12,78.66,138350.0,1275790.0,617790.0
2025-04-11,WR,West India,Gujarat,23.02,72.57,140590.0,1688700.0,1528310.0
2025-04-12,ER,East India,Odisha,20.95,85.09,3910.0,551910.0,712180.0
2025-04-12,NER,NE India,Assam,26.2,92.93,970.0,57250.0,8430.0
2025-04-12,NR,North India,Rajasthan,26.91,74.22,198700.0,1144000.0,712830.0
2025-04-12,SR,South India,Tamil Nadu,11.12,78.66,145900.0,1250370.0,641690.0
2025-04-12,WR,West India,Gujarat,23.02,72.57,144000.0,1673600.0,1557580.0
2025-04-13,ER,East India,Odisha,20.95,85.09,3420.0,513330.00000000006,712480.0
2025-04-13,NER,NE India,Assam,26.2,92.93,910.0,51990.0,8410.0
2025-04-13,NR,North India,Rajasthan,26.91,74.22,206110.0,1151000.0,686850.0
2025-04-13,SR,South India,Tamil Nadu,11.12,78.66,144780.0,1199580.0,654420.0
2025-04-13,WR,West India,Gujarat,23.02,72.57,139490.0,1610600.0,1481440.0
2025-04-14,ER,East India,Odisha,20.95,85.09,3880.0,532550.0,733920.0
2025-04-14,NER,NE India,Assam,26.2,92.93,920.0,54920.0,12520.0
2025-04-14,NR,North India,Rajasthan,26.91,74.22,205650.0,1264000.0,738900.0
2025-04-14,SR,South India,Tamil Nadu,11.12,78.66,141500.0,1213080.0,664140.0
2025-04-14,WR,West India,Gujarat,23.02,72.57,149760.0,1666700.0,1524150.0
2025-04-15,ER,East India,Odisha,20.95,85.09,3970.0,530690.0,738850.0
2025-04-15,NER,NE India,Assam,26.2,92.93,740.0,53350.0,10440.0
2025-04-15,NR,North India,Rajasthan,26.91,74.22,207370.0,1333000.0,806370.0
2025-04-15,SR,South India,Tamil Nadu,11.12,78.66,147010.0,1256320.0,696420.0
2025-04-15,WR,West India,Gujarat,23.02,72.57,148830.0,1708000.0,1550810.0
2025-04-16,ER,East India,Odisha,20.95,85.09,4430.0,568940.0,766220.0
2025-04-16,NER,NE India,Assam,26.2,92.93,840.0,53670.0,11700.0
2025-04-16,NR,North India,Rajasthan,26.91,74.22,200600.0,1375000.0,820880.0
2025-04-16,SR,South India,Tamil Nadu,11.12,78.66,142930.0,1257350.0,700990.0
2025-04-16,WR,West India,Gujarat,23.02,72.57,144340.0,1717500.0,1593520.0
2025-04-17,ER,East India,Odisha,20.95,85.09,4070.0000000000005,559830.0,735430.0
2025-04-17,NER,NE India,Assam,26.2,92.93,840.0,51840.0,14600.0
2025-04-17,NR,North India,Rajasthan,26.91,74.22,201190.0,1357000.0,822240.0
2025-04-17,SR,South India,Tamil Nadu,11.12,78.66,139410.0,1275560.0,701880.0
2025-04-17,WR,West India,Gujarat,23.02,72.57,142000.0,1729100.0,1622820.0
2025-04-18,ER,East India,Odisha,20.95,85.09,3030.0,501720.0,695470.0
2025-04-18,NER,NE India,Assam,26.2,92.93,1170.0,54270.0,14140.0
2025-04-18,NR,North India,Rajasthan,26.91,74.22,195650.0,1379000.0,793100.0
2025-04-18,SR,South India,Tamil Nadu,11.12,78.66,135660.0,1267800.0,686930.0
2025-04-18,WR,West India,Gujarat,23.02,72.57,145790.0,1717400.0,1599470.0
2025-04-19,ER,East India,Odisha,20.95,85.09,3430.0,548020.0,698440.0
2025-04-19,NER,NE India,Assam,26.2,92.93,1140.0,58610.0,12850.0
2025-04-19,NR,North India,Rajasthan,26.91,74.22,207320.0,1328000.0,783150.0
2025-04-19,SR,South India,Tamil Nadu,11.12,78.66,142890.0,1256030.0,670490.0
2025-04-19,WR,West India,Gujarat,23.02,72.57,143750.0,1705200.0,1524190.0
2025-04-20,ER,East India,Odisha,20.95,85.09,3400.0,586450.0,711240.0
2025-04-20,NER,NE India,Assam,26.2,92.93,950.0,54310.0,13930.0
2025-04-20,NR,North India,Rajasthan,26.91,74.22,214440.0,1361000.0,825530.0
2025-04-20,SR,South India,Tamil Nadu,11.12,78.66,138140.0,1208390.0,702770.0
2025-04-20,WR,West India,Gujarat,23.02,72.57,150040.0,1662500.0,1531310.0
2025-04-21,ER,East India,Odisha,20.95,85.09,4100.0,621060.0,731080.0
2025-04-21,NER,NE India,Assam,26.2,92.93,980.0,56000.0,15440.0
2025-04-21,NR,North India,Rajasthan,26.91,74.22,222340.0,1431000.0,885340.0
2025-04-21,SR,South India,Tamil Nadu,11.12,78.66,131610.0,1257650.0,758850.0
2025-04-21,WR,West India,Gujarat,23.02,72.57,151450.0,1704200.0,1637790.0
2025-04-22,ER,East India,Odisha,20.95,85.09,4110.0,651150.0,715010.0
2025-04-22,NER,NE India,Assam,26.2,92.93,420.0,54440.0,15440.0
2025-04-22,NR,North India,Rajasthan,26.91,74.22,227500.0,1434000.0,907170.0
2025-04-22,SR,South India,Tamil Nadu,11.12,78.66,136420.0,1309320.0,790410.0
2025-04-22,WR,West India,Gujarat,23.02,72.57,153530.0,1724800.0,1655270.0
2025-04-23,ER,East India,Odisha,20.95,85.09,4230.0,647430.0,714920.0
2025-04-23,NER,NE India,Assam,26.2,92.93,840.0,51480.0,14560.0
2025-04-23,NR,North India,Rajasthan,26.91,74.22,225840.0,1434000.0,890900.0
2025-04-23,SR,South India,Tamil Nadu,11.12,78.66,145140.0,1326050.0,774300.0
2025-04-23,WR,West India,Gujarat,23.02,72.57,157760.0,1727600.0,1656040.0
2025-04-24,ER,East India,Odisha,20.95,85.09,3910.0,655450.0,736190.0
2025-04-24,NER,NE India,Assam,26.2,92.93,1100.0,55700.0,14450.0
2025-04-24,NR,North India,Rajasthan,26.91,74.22,222470.0,1444000.0,883050.0
2025-04-24,SR,South India,Tamil Nadu,11.12,78.66,142420.0,1342160.0,761650.0
2025-04-24,WR,West India,Gujarat,23.02,72.57,160200.0,1740000.0,1668410.0
2025-04-25,ER,East India,Odisha,20.95,85.09,3830.0,663980.0,742680.0
2025-04-25,NER,NE India,Assam,26.2,92.93,1180.0,55870.0,10140.0
2025-04-25,NR,North India,Rajasthan,26.91,74.22,216750.0,1478000.0,908230.0
2025-04-25,SR,South India,Tamil Nadu,11.12,78.66,135280.0,1353110.0,780420.0
2025-04-25,WR,West India,Gujarat,23.02,72.57,154960.0,1742100.0,1695410.0
2025-04-26,ER,East India,Odisha,20.95,85.09,3630.0,632350.0,732260.0
2025-04-26,NER,NE India,Assam,26.2,92.93,1250.0,57860.0,9920.0
2025-04-26,NR,North India,Rajasthan,26.91,74.22,207110.0,1472000.0,898640.0
2025-04-26,SR,South India,Tamil Nadu,11.12,78.66,130910.0,1324150.0,758950.0
2025-04-26,WR,West India,Gujarat,23.02,72.57,139900.0,1712700.0,1689410.0
2025-04-27,ER,East India,Odisha,20.95,85.09,1900.0,574030.0,708800.0
2025-04-27,NER,NE India,Assam,26.2,92.93,1090.0,50930.0,10470.0
2025-04-27,NR,North India,Rajasthan,26.91,74.22,211300.0,1425000.0,856000.0
2025-04-27,SR,South India,Tamil Nadu,11.12,78.66,128880.0,1227920.0,703400.0
2025-04-27,WR,West India,Gujarat,23.02,72.57,143870.0,1626900.0,1607150.0
2025-04-28,ER,East India,Odisha,20.95,85.09,3800.0,541360.0,712810.0
2025-04-28,NER,NE India,Assam,26.2,92.93,440.0,46950.0,13740.0
2025-04-28,NR,North India,Rajasthan,26.91,74.22,211040.0,1482000.0,870140.0
2025-04-28,SR,South India,Tamil Nadu,11.12,78.66,142480.0,1273580.0,724470.0
2025-04-28,WR,West India,Gujarat,23.02,72.57,146720.0,1682900.0,1643730.0
2025-04-29,ER,East India,Odisha,20.95,85.09,3810.0,523419.99999999994,703040.0
2025-04-29,NER,NE India,Assam,26.2,92.93,530.0,49900.0,14140.0
2025-04-29,NR,North India,Rajasthan,26.91,74.22,206800.0,1486000.0,843430.0
2025-04-29,SR,South India,Tamil Nadu,11.12,78.66,133940.0,1300820.0,723400.0
2025-04-29,WR,West India,Gujarat,23.02,72.57,146830.0,1694500.0,1611170.0
2025-04-30,ER,East India,Odisha,20.95,85.09,2720.0,540460.0,708250.0
2025-04-30,NER,NE India,Assam,26.2,92.93,1130.0,54420.0,12700.0
2025-04-30,NR,North India,Rajasthan,26.91,74.22,207890.0,1529000.0,827380.0
2025-04-30,SR,South India,Tamil Nadu,11.12,78.66,136360.0,1285430.0,703010.0
2025-04-30,WR,West India,Gujarat,23.02,72.57,152950.0,1676400.0,1608450.0
2025-05-01,ER,East India,Odisha,20.95,85.09,3820.0,502910.0,671150.0
2025-05-01,NER,NE India,Assam,26.2,92.93,450.0,50300.0,12160.0
2025-05-01,NR,North India,Rajasthan,26.91,74.22,191770.0,1502000.0,790960.0
2025-05-01,SR,South India,Tamil Nadu,11.12,78.66,140420.0,1180590.0,652650.0
2025-05-01,WR,West India,Gujarat,23.02,72.57,154880.0,1605000.0,1559800.0
2025-05-02,ER,East India,Odisha,20.95,85.09,4760.0,528890.0,661330.0
2025-05-02,NER,NE India,Assam,26.2,92.93,1090.0,52250.0,12820.0
2025-05-02,NR,North India,Rajasthan,26.91,74.22,180410.0,1276000.0,730130.0
2025-05-02,SR,South India,Tamil Nadu,11.12,78.66,134580.0,1220010.0,648990.0
2025-05-02,WR,West India,Gujarat,23.02,72.57,152600.0,1642100.0,1556300.0
2025-05-03,ER,East India,Odisha,20.95,85.09,3770.0,554920.0,710100.0
2025-05-03,NER,NE India,Assam,26.2,92.93,1240.0,56060.0,12220.0
2025-05-03,NR,North India,Rajasthan,26.91,74.22,192680.0,1372000.0,774310.0
2025-05-03,SR,South India,Tamil Nadu,11.12,78.66,140440.0,1205820.0,645910.0
2025-05-03,WR,West India,Gujarat,23.02,72.57,149155.0,1629000.0,1538530.0
2025-05-04,ER,East India,Odisha,20.95,85.09,4250.0,546080.0,677000.0
2025-05-04,NER,NE India,Assam,26.2,92.93,1130.0,58030.0,10890.0
2025-05-04,NR,North India,Rajasthan,26.91,74.22,186220.0,1287000.0,697180.0
2025-05-04,SR,South India,Tamil Nadu,11.12,78.66,139590.0,1113600.0,601170.0
2025-05-04,WR,West India,Gujarat,23.02,72.57,133220.0,1540500.0,1501800.0
2025-05-05,ER,East India,Odisha,20.95,85.09,4230.0,582690.0,700950.0
2025-05-05,NER,NE India,Assam,26.2,92.93,930.0,59700.0,11560.0
2025-05-05,NR,North India,Rajasthan,26.91,74.22,164660.0,1249000.0,699900.0
2025-05-05,SR,South India,Tamil Nadu,11.12,78.66,140120.0,1180720.0,622660.0
2025-05-05,WR,West India,Gujarat,23.02,72.57,127450.0,1525100.0,1513720.0
2025-05-06,ER,East India,Odisha,20.95,85.09,3780.0,570980.0,676560.0
2025-05-06,NER,NE India,Assam,26.2,92.93,850.0,56920.0,11270.0
2025-05-06,NR,North India,Rajasthan,26.91,74.22,191060.0,1301000.0,714390.0
2025-05-06,SR,South India,Tamil Nadu,11.12,78.66,143460.0,1217170.0,641810.0
2025-05-06,WR,West India,Gujarat,23.02,72.57,113930.0,1385000.0,1455300.0
2025-05-07,ER,East India,Odisha,20.95,85.09,4040.0,605460.0,674030.0
2025-05-07,NER,NE India,Assam,26.2,92.93,1060.0,59110.0,12110.0
2025-05-07,NR,North India,Rajasthan,26.91,74.22,207240.0,1360000.0,751670.0
2025-05-07,SR,South India,Tamil Nadu,11.12,78.66,140290.0,1209070.0,677150.0
2025-05-07,WR,West India,Gujarat,23.02,72.57,115940.0,1364400.0,1438880.0
2025-05-08,ER,East India,Odisha,20.95,85.09,4019.9999999999995,632210.0,688160.0
2025-05-08,NER,NE India,Assam,26.2,92.93,780.0,58860.0,12020.0
2025-05-08,NR,North India,Rajasthan,26.91,74.22,198490.0,1336000.0,750970.0
2025-05-08,SR,South India,Tamil Nadu,11.12,78.66,142870.0,1221360.0,685720.0
2025-05-08,WR,West India,Gujarat,23.02,72.57,132310.0,1429400.0,1509820.0
2025-05-09,ER,East India,Odisha,20.95,85.09,3910.0,659000.0,722000.0
2025-05-09,NER,NE India,Assam,26.2,92.93,1050.0,64000.0,13000.0
2025-05-09,NR,North India,Rajasthan,26.91,74.22,194150.0,1379000.0,784000.0
2025-05-09,SR,South India,Tamil Nadu,11.12,78.66,150580.0,1252000.0,714000.0
2025-05-09,WR,West India,Gujarat,23.02,72.57,134970.0,1456000.0,1549000.0
2025-05-10,ER,East India,Odisha,20.95,85.09,4120.0,668040.0,729150.0
2025-05-10,NER,NE India,Assam,26.2,92.93,1080.0,61700.0,13470.0
2025-05-10,NR,North India,Rajasthan,26.91,74.22,206290.0,1408000.0,805910.0
2025-05-10,SR,South India,Tamil Nadu,11.12,78.66,139080.0,1260080.0,710150.0
2025-05-10,WR,West India,Gujarat,23.02,72.57,131630.0,1487800.0,1588470.0
2025-05-11,ER,East India,Odisha,20.95,85.09,3940.0,659070.0,690710.0
2025-05-11,NER,NE India,Assam,26.2,92.93,680.0,47820.0,13100.0
2025-05-11,NR,North India,Rajasthan,26.91,74.22,203830.0,1365000.0,754500.0
2025-05-11,SR,South India,Tamil Nadu,11.12,78.66,136580.0,1197640.0,683310.0
2025-05-11,WR,West India,Gujarat,23.02,72.57,130615.00000000001,1467500.0,1470270.0
2025-05-12,ER,East India,Odisha,20.95,85.09,4019.9999999999995,650570.0,706700.0
2025-05-12,NER,NE India,Assam,26.2,92.93,780.0,55330.0,11690.0
2025-05-12,NR,North India,Rajasthan,26.91,74.22,210170.0,1448000.0,793140.0
2025-05-12,SR,South India,Tamil Nadu,11.12,78.66,139450.0,1263090.0,690390.0
2025-05-12,WR,West India,Gujarat,23.02,72.57,131680.0,1521600.0,1565240.0
2025-05-13,ER,East India,Odisha,20.95,85.09,3720.0,641570.0,710120.0
2025-05-13,NER,NE India,Assam,26.2,92.93,620.0,54540.0,11890.0
2025-05-13,NR,North India,Rajasthan,26.91,74.22,214410.0,1510000.0,819280.0
2025-05-13,SR,South India,Tamil Nadu,11.12,78.66,136170.0,1257640.0,687250.0
2025-05-13,WR,West India,Gujarat,23.02,72.57,139710.0,1550700.0,1587430.0
2025-05-14,ER,East India,Odisha,20.95,85.09,3099.0,672660.0,680530.0
2025-05-14,NER,NE India,Assam,26.2,92.93,710.0,54960.0,12520.0
2025-05-14,NR,North India,Rajasthan,26.91,74.22,219020.0,1562000.0,857880.0
2025-05-14,SR,South India,Tamil Nadu,11.12,78.66,136650.0,1234590.0,715470.0
2025-05-14,WR,West India,Gujarat,23.02,72.57,144310.0,1547900.0,1618900.0
2025-05-15,ER,East India,Odisha,20.95,85.09,3740.0,670450.0,720220.0
2025-05-15,NER,NE India,Assam,26.2,92.93,630.0,54210.0,13150.0
2025-05-15,NR,North India,Rajasthan,26.91,74.22,220100.0,1632000.0,889340.0
2025-05-15,SR,South India,Tamil Nadu,11.12,78.66,128880.0,1206030.0,716640.0
2025-05-15,WR,West India,Gujarat,23.02,72.57,136560.0,1579000.0,1637810.0
2025-05-16,ER,East India,Odisha,20.95,85.09,3760.0,659610.0,714440.0
2025-05-16,NER,NE India,Assam,26.2,92.93,730.0,57170.0,11650.0
2025-05-16,NR,North India,Rajasthan,26.91,74.22,217890.0,1643000.0,841110.0
2025-05-16,SR,South India,Tamil Nadu,11.12,78.66,125970.0,1190910.0,669260.0
2025-05-16,WR,West India,Gujarat,23.02,72.57,143690.0,1574800.0,1597680.0
2025-05-17,ER,East India,Odisha,20.95,85.09,3970.0,609190.0,705570.0
2025-05-17,NER,NE India,Assam,26.2,92.93,700.0,54300.0,11309.0
2025-05-17,NR,North India,Rajasthan,26.91,74.22,217150.0,1639000.0,810520.0
2025-05-17,SR,South India,Tamil Nadu,11.12,78.66,107970.0,1126770.0,654920.0
2025-05-17,WR,West India,Gujarat,23.02,72.57,147490.0,1560900.0,1560500.0
2025-05-18,ER,East India,Odisha,20.95,85.09,3770.0,574960.0,690810.0
2025-05-18,NER,NE India,Assam,26.2,92.93,520.0,50610.0,11940.0
2025-05-18,NR,North India,Rajasthan,26.91,74.22,216450.0,1643000.0,798690.0
2025-05-18,SR,South India,Tamil Nadu,11.12,78.66,121490.0,1008470.0,628000.0
2025-05-18,WR,West India,Gujarat,23.02,72.57,144150.0,1508500.0,1539010.0
2025-05-19,ER,East India,Odisha,20.95,85.09,3250.0,595270.0,729040.0
2025-05-19,NER,NE India,Assam,26.2,92.93,770.0,52520.0,12340.0
2025-05-19,NR,North India,Rajasthan,26.91,74.22,215800.0,1724000.0,843450.0
2025-05-19,SR,South India,Tamil Nadu,11.12,78.66,96220.0,1051690.0,619430.0
2025-05-19,WR,West India,Gujarat,23.02,72.57,145803.69999999998,1555100.0,1617220.0
2025-05-20,ER,East India,Odisha,20.95,85.09,4130.0,614960.0,721110.0
2025-05-20,NER,NE India,Assam,26.2,92.93,460.0,52890.0,12430.0
2025-05-20,NR,North India,Rajasthan,26.91,74.22,214810.0,1789000.0,865990.0
2025-05-20,SR,South India,Tamil Nadu,11.12,78.66,106620.0,1041390.0000000001,621890.0
2025-05-20,WR,West India,Gujarat,23.02,72.57,135990.0,1545200.0,1611480.0
2025-05-21,ER,East India,Odisha,20.95,85.09,3600.0,607430.0,685120.0
2025-05-21,NER,NE India,Assam,26.2,92.93,450.0,55300.0,10890.0
2025-05-21,NR,North India,Rajasthan,26.91,74.22,219710.0,1679000.0,790790.0
2025-05-21,SR,South India,Tamil Nadu,11.12,78.66,105130.0,1017020.0,572920.0
2025-05-21,WR,West India,Gujarat,23.02,72.57,133210.0,1483000.0,1535300.0
2025-05-22,ER,East India,Odisha,20.95,85.09,3130.0,581720.0,625960.0
2025-05-22,NER,NE India,Assam,26.2,92.93,690.0,59710.0,11480.0
2025-05-22,NR,North India,Rajasthan,26.91,74.22,213530.0,1450000.0,657890.0
2025-05-22,SR,South India,Tamil Nadu,11.12,78.66,120110.0,1025010.0,536190.0
2025-05-22,WR,West India,Gujarat,23.02,72.57,136640.0,1456900.0,1462930.0
2025-05-23,ER,East India,Odisha,20.95,85.09,2620.0,615590.0,683400.0
2025-05-23,NER,NE India,Assam,26.2,92.93,1040.0,65160.0,12240.0
2025-05-23,NR,North India,Rajasthan,26.91,74.22,220490.0,1647000.0,770680.0
2025-05-23,SR,South India,Tamil Nadu,11.12,78.66,129229.99999999999,1048069.9999999999,543360.0
2025-05-23,WR,West India,Gujarat,23.02,72.57,138050.0,1480900.0,1513290.0
2025-05-24,ER,East India,Odisha,20.95,85.09,3110.0,598310.0,645510.0
2025-05-24,NER,NE India,Assam,26.2,92.93,870.0,65379.99999999999,11120.0
2025-05-24,NR,North India,Rajasthan,26.91,74.22,213080.0,1634000.0,786860.0
2025-05-24,SR,South India,Tamil Nadu,11.12,78.66,102210.0,1001340.0,514350.0
2025-05-24,WR,West India,Gujarat,23.02,72.57,128830.00000000001,1471600.0,1457840.0
2025-05-25,ER,East India,Odisha,20.95,85.09,2860.0,602080.0,583010.0
2025-05-25,NER,NE India,Assam,26.2,92.93,870.0,64459.99999999999,9810.0
2025-05-25,NR,North India,Rajasthan,26.91,74.22,139840.0,1284000.0,649260.0
2025-05-25,SR,South India,Tamil Nadu,11.12,78.66,88840.0,910930.0,457080.0
2025-05-25,WR,West India,Gujarat,23.02,72.57,117910.0,1428000.0,1338380.0
2025-05-26,ER,East India,Odisha,20.95,85.09,3280.0,607170.0,636680.0
2025-05-26,NER,NE India,Assam,26.2,92.93,650.0,61100.0,7800.0
2025-05-26,NR,North India,Rajasthan,26.91,74.22,187860.0,1553000.0,740190.0
2025-05-26,SR,South India,Tamil Nadu,11.12,78.66,77720.0,943550.0,460880.0
2025-05-26,WR,West India,Gujarat,23.02,72.57,125850.0,1466500.0,1408890.0
2025-05-27,ER,East India,Odisha,20.95,85.09,2860.0,611570.0,651540.0
2025-05-27,NER,NE India,Assam,26.2,92.93,1080.0,66070.0,7830.0
2025-05-27,NR,North India,Rajasthan,26.91,74.22,189800.0,1655000.0,747980.0
2025-05-27,SR,South India,Tamil Nadu,11.12,78.66,89780.0,979050.0,468930.0
2025-05-27,WR,West India,Gujarat,23.02,72.57,110821.4,1456800.0,1419670.0
2025-05-28,ER,East India,Odisha,20.95,85.09,2970.0,620770.0,666870.0
2025-05-28,NER,NE India,Assam,26.2,92.93,1110.0,67730.0,11610.0
2025-05-28,NR,North India,Rajasthan,26.91,74.22,169670.0,1709000.0,775670.0
2025-05-28,SR,South India,Tamil Nadu,11.12,78.66,103170.0,983810.0,474810.0
2025-05-28,WR,West India,Gujarat,23.02,72.57,119620.0,1431200.0,1445350.0
2025-05-29,ER,East India,Odisha,20.95,85.09,3000.0,600460.0,715780.0
2025-05-29,NER,NE India,Assam,26.2,92.93,430.0,57790.0,10840.0
2025-05-29,NR,North India,Rajasthan,26.91,74.22,183770.0,1704000.0,762730.0
2025-05-29,SR,South India,Tamil Nadu,11.12,78.66,98620.0,1018280.0,483030.0
2025-05-29,WR,West India,Gujarat,23.02,72.57,128960.00000000001,1421400.0,1419190.0
2025-05-30,ER,East India,Odisha,20.95,85.09,3080.0,611360.0,642660.0
2025-05-30,NER,NE India,Assam,26.2,92.93,220.0,39930.0,9990.0
2025-05-30,NR,North India,Rajasthan,26.91,74.22,172290.0,1600000.0,720920.0
2025-05-30,SR,South India,Tamil Nadu,11.12,78.66,97190.0,1024760.0,456050.0
2025-05-30,WR,West India,Gujarat,23.02,72.57,132387.0,1442700.0,1361500.0
2025-05-31,ER,East India,Odisha,20.95,85.09,3140.0,643600.0,612250.0
2025-05-31,NER,NE India,Assam,26.2,92.93,510.0,47080.0,11620.0
2025-05-31,NR,North India,Rajasthan,26.91,74.22,170720.0,1593000.0,698710.0
2025-05-31,SR,South India,Tamil Nadu,11.12,78.66,124610.0,1030240.0,449540.0
2025-05-31,WR,West India,Gujarat,23.02,72.57,134210.0,1443400.0,1351860.0
2025-06-01,ER,East India,Odisha,20.95,85.09,3650.0,642390.0,621310.0
2025-06-01,NER,NE India,Assam,26.2,92.93,480.0,52460.0,11890.0
2025-06-01,NR,North India,Rajasthan,26.91,74.22,148680.0,1487000.0,671820.0
2025-06-01,SR,South India,Tamil Nadu,11.12,78.66,133120.0,1003020.0,461880.0
2025-06-01,WR,West India,Gujarat,23.02,72.57,121720.0,1386600.0,1328080.0
2025-06-02,ER,East India,Odisha,20.95,85.09,4330.0,647640.0,674830.0
2025-06-02,NER,NE India,Assam,26.2,92.93,540.0,55060.0,12620.0
2025-06-02,NR,North India,Rajasthan,26.91,74.22,201580.0,1546000.0,702620.0
2025-06-02,SR,South India,Tamil Nadu,11.12,78.66,135940.0,1112430.0,548110.0
2025-06-02,WR,West India,Gujarat,23.02,72.57,141210.0,1454500.0,1386920.0
2025-06-03,ER,East India,Odisha,20.95,85.09,4059.9999999999995,649020.0,662190.0
2025-06-03,NER,NE India,Assam,26.2,92.93,590.0,56350.0,13580.0
2025-06-03,NR,North India,Rajasthan,26.91,74.22,190040.0,1479000.0,708860.0
2025-06-03,SR,South India,Tamil Nadu,11.12,78.66,129970.0,1156130.0,552420.0
2025-06-03,WR,West India,Gujarat,23.02,72.57,135077.0,1465400.0,1383000.0
2025-06-04,ER,East India,Odisha,20.95,85.09,3700.0,603040.0,603480.0
2025-06-04,NER,NE India,Assam,26.2,92.93,640.0,58530.0,12810.0
2025-06-04,NR,North India,Rajasthan,26.91,74.22,208780.0,1467000.0,652770.0
2025-06-04,SR,South India,Tamil Nadu,11.12,78.66,139050.0,1170490.0,535980.0
2025-06-04,WR,West India,Gujarat,23.02,72.57,146910.0,1463200.0,1334930.0
2025-06-05,ER,East India,Odisha,20.95,85.09,3940.0,616230.0,685900.0
2025-06-05,NER,NE India,Assam,26.2,92.93,790.0,59730.0,14730.0
2025-06-05,NR,North India,Rajasthan,26.91,74.22,212300.0,1505000.0,750450.0
2025-06-05,SR,South India,Tamil Nadu,11.12,78.66,140700.0,1204270.0,615300.0
2025-06-05,WR,West India,Gujarat,23.02,72.57,151780.0,1480300.0,1545440.0
2025-06-06,ER,East India,Odisha,20.95,85.09,3860.0,614930.0,713590.0
2025-06-06,NER,NE India,Assam,26.2,92.93,960.0,64970.0,14610.0
2025-06-06,NR,North India,Rajasthan,26.91,74.22,216910.0,1633000.0,813360.0
2025-06-06,SR,South India,Tamil Nadu,11.12,78.66,136810.0,1250790.0,658490.0
2025-06-06,WR,West India,Gujarat,23.02,72.57,157480.0,1511300.0,1590030.0
2025-06-07,ER,East India,Odisha,20.95,85.09,4170.0,633030.0,680370.0
2025-06-07,NER,NE India,Assam,26.2,92.93,1020.0,66720.0,12990.0
2025-06-07,NR,North India,Rajasthan,26.91,74.22,220350.0,1754000.0,868460.0
2025-06-07,SR,South India,Tamil Nadu,11.12,78.66,135990.0,1222490.0,634320.0
2025-06-07,WR,West India,Gujarat,23.02,72.57,151250.0,1509200.0,1559980.0
2025-06-08,ER,East India,Odisha,20.95,85.09,4010.0,656110.0,679520.0
2025-06-08,NER,NE India,Assam,26.2,92.93,1170.0,68280.0,13850.0
2025-06-08,NR,North India,Rajasthan,26.91,74.22,223310.0,1746000.0,826200.0
2025-06-08,SR,South India,Tamil Nadu,11.12,78.66,131009.99999999999,1126290.0,617660.0
2025-06-08,WR,West India,Gujarat,23.02,72.57,152470.0,1473800.0,1507300.0
2025-06-09,ER,East India,Odisha,20.95,85.09,3870.0,682700.0,731960.0
2025-06-09,NER,NE India,Assam,26.2,92.93,1030.0,72030.0,12850.0
2025-06-09,NR,North India,Rajasthan,26.91,74.22,224040.0,1893000.0,862310.0
2025-06-09,SR,South India,Tamil Nadu,11.12,78.66,115810.0,1153570.0,647000.0
2025-06-09,WR,West India,Gujarat,23.02,72.57,153300.0,1553300.0,1598720.0
2025-06-10,ER,East India,Odisha,20.95,85.09,4000.0,686820.0,712840.0
2025-06-10,NER,NE India,Assam,26.2,92.93,1010.0,77960.0,11630.0
2025-06-10,NR,North India,Rajasthan,26.91,74.22,223360.0,1944000.0,1102560.0
2025-06-10,SR,South India,Tamil Nadu,11.12,78.66,120010.0,1161800.0,669360.0
2025-06-10,WR,West India,Gujarat,23.02,72.57,151500.0,1569800.0,1583330.0
2025-06-11,ER,East India,Odisha,20.95,85.09,3690.0,684910.0,718820.0
2025-06-11,NER,NE India,Assam,26.2,92.93,1030.0,74650.0,13970.0
2025-06-11,NR,North India,Rajasthan,26.91,74.22,227350.0,1993000.0,905690.0
2025-06-11,SR,South India,Tamil Nadu,11.12,78.66,86640.0,1127550.0,652420.0
2025-06-11,WR,West India,Gujarat,23.02,72.57,142220.0,1576800.0,1615670.0
2025-06-12,ER,East India,Odisha,20.95,85.09,3830.0,677070.0,718020.0
2025-06-12,NER,NE India,Assam,26.2,92.93,1120.0,74900.0,14370.0
2025-06-12,NR,North India,Rajasthan,26.91,74.22,224460.0,2023000.0,927770.0
2025-06-12,SR,South India,Tamil Nadu,11.12,78.66,98420.0,1107940.0,668210.0
2025-06-12,WR,West India,Gujarat,23.02,72.57,154040.0,1569600.0,1601290.0
2025-06-13,ER,East India,Odisha,20.95,85.09,3860.0,694090.0,731500.0
2025-06-13,NER,NE India,Assam,26.2,92.93,1130.0,80060.0,14310.0
2025-06-13,NR,North India,Rajasthan,26.91,74.22,209570.0,2002000.0,934640.0
2025-06-13,SR,South India,Tamil Nadu,11.12,78.66,104440.0,1117710.0,677510.0
2025-06-13,WR,West India,Gujarat,23.02,72.57,133910.0,1555500.0,1720490.0
2025-06-14,ER,East India,Odisha,20.95,85.09,4019.9999999999995,701690.0,725180.0
2025-06-14,NER,NE India,Assam,26.2,92.93,830.0,73250.0,14250.0
2025-06-14,NR,North India,Rajasthan,26.91,74.22,123970.0,1987000.0,941430.0
2025-06-14,SR,South India,Tamil Nadu,11.12,78.66,107900.0,1085780.0,656280.0
2025-06-14,WR,West India,Gujarat,23.02,72.57,131480.0,1547600.0,1657000.0
2025-06-15,ER,East India,Odisha,20.95,85.09,3840.0,655930.0,669500.0
2025-06-15,NER,NE India,Assam,26.2,92.93,1000.0,71150.0,12620.0
2025-06-15,NR,North India,Rajasthan,26.91,74.22,103640.0,1777000.0,821330.0
2025-06-15,SR,South India,Tamil Nadu,11.12,78.66,103510.0,993780.0,588790.0
2025-06-15,WR,West India,Gujarat,23.02,72.57,107550.0,1395900.0,1545920.0
2025-06-16,ER,East India,Odisha,20.95,85.09,2850.0,649520.0,635120.0
2025-06-16,NER,NE India,Assam,26.2,92.93,410.0,65590.0,11730.0
2025-06-16,NR,North India,Rajasthan,26.91,74.22,129370.0,1783000.0,819060.0
2025-06-16,SR,South India,Tamil Nadu,11.12,78.66,105570.0,1045109.9999999999,559440.0
2025-06-16,WR,West India,Gujarat,23.02,72.57,96710.0,1413400.0,1506270.0
2025-06-17,ER,East India,Odisha,20.95,85.09,2110.0,617880.0,620940.0
2025-06-17,NER,NE India,Assam,26.2,92.93,720.0,57680.0,20.0
2025-06-17,NR,North India,Rajasthan,26.91,74.22,166780.0,1687000.0,765570.0
2025-06-17,SR,South India,Tamil Nadu,11.12,78.66,120010.0,1108710.0,569900.0
2025-06-17,WR,West India,Gujarat,23.02,72.57,82460.0,1378400.0,1429240.0
2025-06-18,ER,East India,Odisha,20.95,85.09,2000.0,583030.0,609290.0
2025-06-18,NER,NE India,Assam,26.2,92.93,870.0,65930.0,11540.0
2025-06-18,NR,North India,Rajasthan,26.91,74.22,188390.0,1681000.0,730330.0
2025-06-18,SR,South India,Tamil Nadu,11.12,78.66,128080.00000000001,1152450.0,536510.0
2025-06-18,WR,West India,Gujarat,23.02,72.57,93880.0,1389000.0,1372590.0
2025-06-19,ER,East India,Odisha,20.95,85.09,1214.0,545960.0,604460.0
2025-06-19,NER,NE India,Assam,26.2,92.93,660.0,67630.0,10650.0
2025-06-19,NR,North India,Rajasthan,26.91,74.22,182900.0,1732000.0,709530.0
2025-06-19,SR,South India,Tamil Nadu,11.12,78.66,124300.0,1178060.0,542000.0
2025-06-19,WR,West India,Gujarat,23.02,72.57,87406.0,1368500.0,1354310.0
2025-06-20,ER,East India,Odisha,20.95,85.09,2400.0,560410.0,624940.0
2025-06-20,NER,NE India,Assam,26.2,92.93,900.0,69520.0,11210.0
2025-06-20,NR,North India,Rajasthan,26.91,74.22,170610.0,1710000.0,692570.0
2025-06-20,SR,South India,Tamil Nadu,11.12,78.66,128030.0,1208910.0,550000.0
2025-06-20,WR,West India,Gujarat,23.02,72.57,95450.0,1360700.0,1343230.0
2025-06-21,ER,East India,Odisha,20.95,85.09,3720.0,597870.0,643130.0
2025-06-21,NER,NE India,Assam,26.2,92.93,940.0,71700.0,11640.0
2025-06-21,NR,North India,Rajasthan,26.91,74.22,129380.0,1744000.0,745050.0
2025-06-21,SR,South India,Tamil Nadu,11.12,78.66,133800.0,1182630.0,531010.0
2025-06-21,WR,West India,Gujarat,23.02,72.57,85490.0,1325700.0,1424100.0
2025-06-22,ER,East India,Odisha,20.95,85.09,2870.0,603490.0,634440.0
2025-06-22,NER,NE India,Assam,26.2,92.93,950.0,70210.0,11810.0
2025-06-22,NR,North India,Rajasthan,26.91,74.22,169460.0,1705000.0,713370.0
2025-06-22,SR,South India,Tamil Nadu,11.12,78.66,120040.0,1113530.0,521610.0
2025-06-22,WR,West India,Gujarat,23.02,72.57,77520.0,1326900.0,1371370.0
2025-06-23,ER,East India,Odisha,20.95,85.09,1650.0,610580.0,666190.0
2025-06-23,NER,NE India,Assam,26.2,92.93,460.0,67480.0,11400.0
2025-06-23,NR,North India,Rajasthan,26.91,74.22,164320.0,1753000.0,733610.0
2025-06-23,SR,South India,Tamil Nadu,11.12,78.66,95930.0,1123730.0,523409.99999999994
2025-06-23,WR,West India,Gujarat,23.02,72.57,69650.0,1373400.0,1438930.0
2025-06-24,ER,East India,Odisha,20.95,85.09,2060.0,620170.0,648500.0
2025-06-24,NER,NE India,Assam,26.2,92.93,650.0,65930.0,11930.0
2025-06-24,NR,North India,Rajasthan,26.91,74.22,195250.0,1769000.0,719160.0
2025-06-24,SR,South India,Tamil Nadu,11.12,78.66,107260.0,1132690.0,522690.00000000006
2025-06-24,WR,West India,Gujarat,23.02,72.57,86060.0,1380300.0,1416100.0
2025-06-25,ER,East India,Odisha,20.95,85.09,1860.0,616840.0,695430.0
2025-06-25,NER,NE India,Assam,26.2,92.93,900.0,64860.0,12230.0
2025-06-25,NR,North India,Rajasthan,26.91,74.22,163710.0,1730000.0,752860.0
2025-06-25,SR,South India,Tamil Nadu,11.12,78.66,94360.0,1154890.0,535110.0
2025-06-25,WR,West India,Gujarat,23.02,72.57,74690.0,1389400.0,1460000.0
2025-06-26,ER,East India,Odisha,20.95,85.09,1960.0,615520.0,682690.0
2025-06-26,NER,NE India,Assam,26.2,92.93,980.0,71930.0,14400.0
2025-06-26,NR,North India,Rajasthan,26.91,74.22,144470.0,1714000.0,763130.0
2025-06-26,SR,South India,Tamil Nadu,11.12,78.66,98010.0,1148830.0,550400.0
2025-06-26,WR,West India,Gujarat,23.02,72.57,89450.0,1368000.0,1476590.0
2025-06-27,ER,East India,Odisha,20.95,85.09,2350.0,617910.0,703670.0
2025-06-27,NER,NE India,Assam,26.2,92.93,870.0,73800.0,12730.0
2025-06-27,NR,North India,Rajasthan,26.91,74.22,169710.0,1778000.0,785280.0
2025-06-27,SR,South India,Tamil Nadu,11.12,78.66,126400.0,1182320.0,546410.0
2025-06-27,WR,West India,Gujarat,23.02,72.57,93945.0,1354500.0,1441650.0
2025-06-28,ER,East India,Odisha,20.95,85.09,1710.0,617620.0,689820.0
2025-06-28,NER,NE India,Assam,26.2,92.93,1080.0,74130.0,13970.0
2025-06-28,NR,North India,Rajasthan,26.91,74.22,186440.0,1784000.0,802250.0
2025-06-28,SR,South India,Tamil Nadu,11.12,78.66,127180.0,1198530.0,555170.0
2025-06-28,WR,West India,Gujarat,23.02,72.57,101360.0,1347200.0,1404910.0
2025-06-29,ER,East India,Odisha,20.95,85.09,1940.0,597570.0,637330.0
2025-06-29,NER,NE India,Assam,26.2,92.93,960.0,72370.0,11000.0
2025-06-29,NR,North India,Rajasthan,26.91,74.22,170780.0,1599000.0,696650.0
2025-06-29,SR,South India,Tamil Nadu,11.12,78.66,114510.0,1118010.0,502740.0
2025-06-29,WR,West India,Gujarat,23.02,72.57,63770.0,1295000.0,1275310.0
2025-06-30,ER,East India,Odisha,20.95,85.09,1600.0,603410.0,625810.0
2025-06-30,NER,NE India,Assam,26.2,92.93,910.0,73220.0,10170.0
2025-06-30,NR,North India,Rajasthan,26.91,74.22,182110.0,1549000.0,658710.0
2025-06-30,SR,South India,Tamil Nadu,11.12,78.66,112670.0,1188040.0,528060.0
2025-06-30,WR,West India,Gujarat,23.02,72.57,91010.0,1338900.0,1282730.0
2025-07-01,ER,East India,Odisha,20.95,85.09,2220.0,604660.0,630540.0
2025-07-01,NER,NE India,Assam,26.2,92.93,790.0,72030.0,11670.0
2025-07-01,NR,North India,Rajasthan,26.91,74.22,184210.0,1586000.0,677080.0
2025-07-01,SR,South India,Tamil Nadu,11.12,78.66,93410.0,1183730.0,542250.0
2025-07-01,WR,West India,Gujarat,23.02,72.57,90630.0,1335200.0,1302560.0
2025-07-02,ER,East India,Odisha,20.95,85.09,1800.0,620040.0,658040.0
2025-07-02,NER,NE India,Assam,26.2,92.93,850.0,75070.0,15920.0
2025-07-02,NR,North India,Rajasthan,26.91,74.22,171520.0,1689000.0,725650.0
2025-07-02,SR,South India,Tamil Nadu,11.12,78.66,85350.0,1158950.0,556680.0
2025-07-02,WR,West India,Gujarat,23.02,72.57,78800.0,1347400.0,1366870.0
2025-07-03,ER,East India,Odisha,20.95,85.09,2450.0,616830.0,683500.0
2025-07-03,NER,NE India,Assam,26.2,92.93,1590.0,72410.0,14630.0
2025-07-03,NR,North India,Rajasthan,26.91,74.22,152310.0,1744000.0,779910.0
2025-07-03,SR,South India,Tamil Nadu,11.12,78.66,105480.0,1153650.0,567640.0
2025-07-03,WR,West India,Gujarat,23.02,72.57,77450.0,1368500.0,1399650.0
2025-07-04,ER,East India,Odisha,20.95,85.09,2180.0,618000.0,683330.0
2025-07-04,NER,NE India,Assam,26.2,92.93,900.0,69760.0,13160.0
2025-07-04,NR,North India,Rajasthan,26.91,74.22,188020.0,1792000.0,798420.0
2025-07-04,SR,South India,Tamil Nadu,11.12,78.66,116560.0,1186160.0,536740.0
2025-07-04,WR,West India,Gujarat,23.02,72.57,79010.0,1372100.0,1399970.0
2025-07-05,ER,East India,Odisha,20.95,85.09,1750.0,603100.0,664930.0
2025-07-05,NER,NE India,Assam,26.2,92.93,800.0,68090.0,13100.0
2025-07-05,NR,North India,Rajasthan,26.91,74.22,202810.0,1807000.0,799780.0
2025-07-05,SR,South India,Tamil Nadu,11.12,78.66,132170.0,1187860.0,558710.0
2025-07-05,WR,West India,Gujarat,23.02,72.57,84180.0,1359000.0,1335040.0
2025-07-06,ER,East India,Odisha,20.95,85.09,1830.0,576350.0,623960.0
2025-07-06,NER,NE India,Assam,26.2,92.93,690.0,64849.99999999999,12100.0
2025-07-06,NR,North India,Rajasthan,26.91,74.22,183530.0,1713000.0,735570.0
2025-07-06,SR,South India,Tamil Nadu,11.12,78.66,123420.0,1124540.0,542000.0
2025-07-06,WR,West India,Gujarat,23.02,72.57,72050.0,1284900.0,1218790.0
2025-07-07,ER,East India,Odisha,20.95,85.09,1830.0,615600.0,665280.0
2025-07-07,NER,NE India,Assam,26.2,92.93,980.0,71080.0,12520.0
2025-07-07,NR,North India,Rajasthan,26.91,74.22,172860.0,1709000.0,749640.0
2025-07-07,SR,South India,Tamil Nadu,11.12,78.66,116070.0,1194910.0,516890.0
2025-07-07,WR,West India,Gujarat,23.02,72.57,76050.0,1314900.0,1281850.0
2025-07-08,ER,East India,Odisha,20.95,85.09,1750.0,604080.0,667570.0
2025-07-08,NER,NE India,Assam,26.2,92.93,780.0,69730.0,14520.0
2025-07-08,NR,North India,Rajasthan,26.91,74.22,189500.0,1789000.0,797990.0
2025-07-08,SR,South India,Tamil Nadu,11.12,78.66,121740.0,1230530.0,550030.0
2025-07-08,WR,West India,Gujarat,23.02,72.57,97863.0,1345800.0,1346140.0
2025-07-09,ER,East India,Odisha,20.95,85.09,1380.0,599220.0,651980.0
2025-07-09,NER,NE India,Assam,26.2,92.93,840.0,67910.0,13850.0
2025-07-09,NR,North India,Rajasthan,26.91,74.22,175230.0,1695000.0,750400.0
2025-07-09,SR,South India,Tamil Nadu,11.12,78.66,125230.0,1251880.0,582590.0
2025-07-09,WR,West India,Gujarat,23.02,72.57,105030.0,1350900.0,1315310.0
2025-07-10,ER,East India,Odisha,20.95,85.09,1780.0,594110.0,639040.0
2025-07-10,NER,NE India,Assam,26.2,92.93,1000.0,71540.0,12260.0
2025-07-10,NR,North India,Rajasthan,26.91,74.22,183290.0,1573000.0,746650.0
2025-07-10,SR,South India,Tamil Nadu,11.12,78.66,128080.00000000001,1281580.0,588000.0
2025-07-10,WR,West India,Gujarat,23.02,72.57,108760.0,1365300.0,1308160.0
2025-07-11,ER,East India,Odisha,20.95,85.09,2060.0,628220.0,678520.0
2025-07-11,NER,NE India,Assam,26.2,92.93,1110.0,76240.0,14330.0
2025-07-11,NR,North India,Rajasthan,26.91,74.22,162340.0,1650000.0,819340.0
2025-07-11,SR,South India,Tamil Nadu,11.12,78.66,131710.0,1303230.0,604990.0
2025-07-11,WR,West India,Gujarat,23.02,72.57,124290.0,1368800.0,1349930.0
2025-07-12,ER,East India,Odisha,20.95,85.09,2490.0,681000.0,667890.0
2025-07-12,NER,NE India,Assam,26.2,92.93,890.0,78180.0,12800.0
2025-07-12,NR,North India,Rajasthan,26.91,74.22,153850.0,1638000.0,828520.0
2025-07-12,SR,South India,Tamil Nadu,11.12,78.66,133590.0,1279490.0,605060.0
2025-07-12,WR,West India,Gujarat,23.02,72.57,122330.0,1387100.0,1346830.0
2025-07-13,ER,East India,Odisha,20.95,85.09,2540.0,643510.0,636480.0
2025-07-13,NER,NE India,Assam,26.2,92.93,1160.0,77780.0,12540.0
2025-07-13,NR,North India,Rajasthan,26.91,74.22,188560.0,1569000.0,755760.0
2025-07-13,SR,South India,Tamil Nadu,11.12,78.66,132970.0,1220930.0,579260.0
2025-07-13,WR,West India,Gujarat,23.02,72.57,116867.0,1360200.0,1290980.0
2025-07-14,ER,East India,Odisha,20.95,85.09,1580.0,620220.0,624910.0
2025-07-14,NER,NE India,Assam,26.2,92.93,810.0,71430.0,10130.0
2025-07-14,NR,North India,Rajasthan,26.91,74.22,182140.0,1506000.0,730280.0
2025-07-14,SR,South India,Tamil Nadu,11.12,78.66,136670.0,1288130.0,570780.0
2025-07-14,WR,West India,Gujarat,23.02,72.57,108610.0,1418300.0,1287350.0
2025-07-15,ER,East India,Odisha,20.95,85.09,1190.0,573490.0,610100.0
2025-07-15,NER,NE India,Assam,26.2,92.93,970.0,70980.0,11880.0
2025-07-15,NR,North India,Rajasthan,26.91,74.22,156170.0,1543000.0,770670.0
2025-07-15,SR,South India,Tamil Nadu,11.12,78.66,120300.0,1317660.0,570420.0
2025-07-15,WR,West India,Gujarat,23.02,72.57,126720.0,1432900.0,1311270.0
2025-07-16,ER,East India,Odisha,20.95,85.09,2240.0,559760.0,631570.0
2025-07-16,NER,NE India,Assam,26.2,92.93,620.0,70270.0,13810.0
2025-07-16,NR,North India,Rajasthan,26.91,74.22,187070.0,1549000.0,779440.0
2025-07-16,SR,South India,Tamil Nadu,11.12,78.66,112950.0,1348140.0,602780.0
2025-07-16,WR,West India,Gujarat,23.02,72.57,121990.0,1442200.0,1337250.0
2025-07-17,ER,East India,Odisha,20.95,85.09,2990.0,612230.0,639220.0
2025-07-17,NER,NE India,Assam,26.2,92.93,950.0,74660.0,14130.0
2025-07-17,NR,North India,Rajasthan,26.91,74.22,160720.0,1532000.0,779070.0
2025-07-17,SR,South India,Tamil Nadu,11.12,78.66,118660.0,1294120.0,619900.0
2025-07-17,WR,West India,Gujarat,23.02,72.57,118030.0,1448200.0,1383670.0
2025-07-18,ER,East India,Odisha,20.95,85.09,3230.0,650550.0,648430.0
2025-07-18,NER,NE India,Assam,26.2,92.93,950.0,80500.0,14610.0
2025-07-18,NR,North India,Rajasthan,26.91,74.22,106940.0,1575000.0,794440.0
2025-07-18,SR,South India,Tamil Nadu,11.12,78.66,98130.0,1246470.0,626970.0
2025-07-18,WR,West India,Gujarat,23.02,72.57,95820.0,1463100.0,1445900.0
2025-07-19,ER,East India,Odisha,20.95,85.09,3180.0,660890.0,669980.0
2025-07-19,NER,NE India,Assam,26.2,92.93,590.0,78440.0,10270.0
2025-07-19,NR,North India,Rajasthan,26.91,74.22,109620.0,1660000.0,832690.0
2025-07-19,SR,South India,Tamil Nadu,11.12,78.66,96140.0,1187460.0,637370.0
2025-07-19,WR,West India,Gujarat,23.02,72.57,86060.0,1466400.0,1424380.0
2025-07-20,ER,East India,Odisha,20.95,85.09,1950.0,626180.0,637810.0
2025-07-20,NER,NE India,Assam,26.2,92.93,790.0,69290.0,13140.0
2025-07-20,NR,North India,Rajasthan,26.91,74.22,116090.0,1693000.0,823630.0
2025-07-20,SR,South India,Tamil Nadu,11.12,78.66,107460.0,1112290.0,598580.0
2025-07-20,WR,West India,Gujarat,23.02,72.57,108660.0,1424300.0,1392870.0
2025-07-21,ER,East India,Odisha,20.95,85.09,3520.0,663000.0,688050.0
2025-07-21,NER,NE India,Assam,26.2,92.93,750.0,73230.0,15520.0
2025-07-21,NR,North India,Rajasthan,26.91,74.22,161560.0,1713000.0,868730.0
2025-07-21,SR,South India,Tamil Nadu,11.12,78.66,97550.0,1145210.0,637370.0
2025-07-21,WR,West India,Gujarat,23.02,72.57,107950.0,1475300.0,1432300.0
2025-07-22,ER,East India,Odisha,20.95,85.09,3320.0,690720.0,668430.0
2025-07-22,NER,NE India,Assam,26.2,92.93,980.0,77000.0,14180.0
2025-07-22,NR,North India,Rajasthan,26.91,74.22,185790.0,1666000.0,846680.0
2025-07-22,SR,South India,Tamil Nadu,11.12,78.66,103020.0,1136890.0,614760.0
2025-07-22,WR,West India,Gujarat,23.02,72.57,125750.0,1473300.0,1378600.0
2025-07-23,ER,East India,Odisha,20.95,85.09,3110.0,703710.0,650320.0
2025-07-23,NER,NE India,Assam,26.2,92.93,930.0,81610.0,12160.0
2025-07-23,NR,North India,Rajasthan,26.91,74.22,193410.0,1670000.0,810950.0
2025-07-23,SR,South India,Tamil Nadu,11.12,78.66,86520.0,1120910.0,589510.0
2025-07-23,WR,West India,Gujarat,23.02,72.57,105010.0,1447800.0,1314680.0
2025-07-24,ER,East India,Odisha,20.95,85.09,2610.0,686190.0,653340.0
2025-07-24,NER,NE India,Assam,26.2,92.93,730.0,82300.0,13020.0
2025-07-24,NR,North India,Rajasthan,26.91,74.22,195720.0,1748000.0,821830.0
2025-07-24,SR,South India,Tamil Nadu,11.12,78.66,78040.0,1093870.0,586980.0
2025-07-24,WR,West India,Gujarat,23.02,72.57,103940.0,1422500.0,1328090.0
2025-07-25,ER,East India,Odisha,20.95,85.09,1320.0,623070.0,647480.0
2025-07-25,NER,NE India,Assam,26.2,92.93,960.0,70780.0,12300.0
2025-07-25,NR,North India,Rajasthan,26.91,74.22,197960.0,1804000.0,818020.0
2025-07-25,SR,South India,Tamil Nadu,11.12,78.66,88270.0,1087110.0,556520.0
2025-07-25,WR,West India,Gujarat,23.02,72.57,102080.0,1406100.0,1334480.0
2025-07-26,ER,East India,Odisha,20.95,85.09,1900.0,588240.0,614110.0
2025-07-26,NER,NE India,Assam,26.2,92.93,870.0,76180.0,11900.0
2025-07-26,NR,North India,Rajasthan,26.91,74.22,158990.0,1782000.0,783580.0
2025-07-26,SR,South India,Tamil Nadu,11.12,78.66,84870.0,1062280.0,501890.0
2025-07-26,WR,West India,Gujarat,23.02,72.57,81080.0,1358900.0,1236680.0
2025-07-27,ER,East India,Odisha,20.95,85.09,2750.0,625130.0,609320.0
2025-07-27,NER,NE India,Assam,26.2,92.93,590.0,70570.0,11890.0
2025-07-27,NR,North India,Rajasthan,26.91,74.22,149710.0,1792000.0,756680.0
2025-07-27,SR,South India,Tamil Nadu,11.12,78.66,116520.0,1009480.0,486540.0
2025-07-27,WR,West India,Gujarat,23.02,72.57,58370.0,1275600.0,1194530.0
2025-07-28,ER,East India,Odisha,20.95,85.09,1980.0,616520.0,633660.0
2025-07-28,NER,NE India,Assam,26.2,92.93,760.0,68720.0,11950.0
2025-07-28,NR,North India,Rajasthan,26.91,74.22,137650.0,1824000.0,777910.0
2025-07-28,SR,South India,Tamil Nadu,11.12,78.66,118580.0,1155240.0,521720.0
2025-07-28,WR,West India,Gujarat,23.02,72.57,72600.0,1330100.0,1263340.0
2025-07-29,ER,East India,Odisha,20.95,85.09,1460.0,604660.0,617520.0
2025-07-29,NER,NE India,Assam,26.2,92.93,1030.0,73200.0,11740.0
2025-07-29,NR,North India,Rajasthan,26.91,74.22,187290.0,1728000.0,719580.0
2025-07-29,SR,South India,Tamil Nadu,11.12,78.66,117960.0,1216040.0,539780.0
2025-07-29,WR,West India,Gujarat,23.02,72.57,59830.0,1340900.0,1253400.0
2025-07-30,ER,East India,Odisha,20.95,85.09,2320.0,610750.0,640140.0
2025-07-30,NER,NE India,Assam,26.2,92.93,860.0,72590.0,12120.0
2025-07-30,NR,North India,Rajasthan,26.91,74.22,172410.0,1684000.0,726770.0
2025-07-30,SR,South India,Tamil Nadu,11.12,78.66,117720.0,1264460.0,560000.0
2025-07-30,WR,West India,Gujarat,23.02,72.57,73710.0,1355500.0,1305390.0
2025-07-31,ER,East India,Odisha,20.95,85.09,3080.0,613670.0,653420.0
2025-07-31,NER,NE India,Assam,26.2,92.93,1010.0,75710.0,13530.0
2025-07-31,NR,North India,Rajasthan,26.91,74.22,122200.0,1549000.0,728750.0
2025-07-31,SR,South India,Tamil Nadu,11.12,78.66,117540.0,1291770.0,596360.0
2025-07-31,WR,West India,Gujarat,23.02,72.57,87800.0,1376000.0,1304620.0
2025-08-01,ER,East India,Odisha,20.95,85.09,2940.0,620220.0,672740.0
2025-08-01,NER,NE India,Assam,26.2,92.93,850.0,73920.0,13060.0
2025-08-01,NR,North India,Rajasthan,26.91,74.22,105710.0,1528000.0,750130.0
2025-08-01,SR,South India,Tamil Nadu,11.12,78.66,129830.00000000001,1324760.0,636250.0
2025-08-01,WR,West India,Gujarat,23.02,72.57,112083.0,1406300.0,1368150.0
2025-08-02,ER,East India,Odisha,20.95,85.09,2830.0,626010.0,655920.0
2025-08-02,NER,NE India,Assam,26.2,92.93,450.0,71590.0,13630.0
2025-08-02,NR,North India,Rajasthan,26.91,74.22,212820.0,1584000.0,756390.0
2025-08-02,SR,South India,Tamil Nadu,11.12,78.66,133580.0,1309030.0,625680.0
2025-08-02,WR,West India,Gujarat,23.02,72.57,110680.0,1444100.0,1390910.0
2025-08-03,ER,East India,Odisha,20.95,85.09,2910.0,581290.0,638030.0
2025-08-03,NER,NE India,Assam,26.2,92.93,530.0,66160.0,14080.0
2025-08-03,NR,North India,Rajasthan,26.91,74.22,217320.0,1560000.0,753150.0
2025-08-03,SR,South India,Tamil Nadu,11.12,78.66,114910.0,1228460.0,626240.0
2025-08-03,WR,West India,Gujarat,23.02,72.57,124080.0,1428000.0,1333740.0
2025-08-04,ER,East India,Odisha,20.95,85.09,2990.0,588410.0,683210.0
2025-08-04,NER,NE India,Assam,26.2,92.93,1310.0,67680.0,13170.0
2025-08-04,NR,North India,Rajasthan,26.91,74.22,202030.0,1566000.0,704390.0
2025-08-04,SR,South India,Tamil Nadu,11.12,78.66,123870.0,1254920.0,666550.0
2025-08-04,WR,West India,Gujarat,23.02,72.57,116920.0,1503400.0,1374180.0
2025-08-05,ER,East India,Odisha,20.95,85.09,3330.0,610460.0,687010.0
2025-08-05,NER,NE India,Assam,26.2,92.93,870.0,68760.0,13200.0
2025-08-05,NR,North India,Rajasthan,26.91,74.22,209910.0,1594000.0,739710.0
2025-08-05,SR,South India,Tamil Nadu,11.12,78.66,120820.0,1235500.0,684260.0
2025-08-05,WR,West India,Gujarat,23.02,72.57,124400.0,1551700.0,1382660.0
2025-08-06,ER,East India,Odisha,20.95,85.09,2800.0,600810.0,686240.0
2025-08-06,NER,NE India,Assam,26.2,92.93,880.0,71820.0,13990.0
2025-08-06,NR,North India,Rajasthan,26.91,74.22,197450.0,1641000.0,768210.0
2025-08-06,SR,South India,Tamil Nadu,11.12,78.66,141730.0,1212480.0,697690.0
2025-08-06,WR,West India,Gujarat,23.02,72.57,128750.0,1568300.0,1401170.0
2025-08-07,ER,East India,Odisha,20.95,85.09,2520.0,607490.0,674910.0
2025-08-07,NER,NE India,Assam,26.2,92.93,480.0,72040.0,13130.0
2025-08-07,NR,North India,Rajasthan,26.91,74.22,223150.0,1722000.0,769990.0
2025-08-07,SR,South India,Tamil Nadu,11.12,78.66,119430.0,1216300.0,724730.0
2025-08-07,WR,West India,Gujarat,23.02,72.57,143765.6,1588900.0,1424950.0
2025-08-08,ER,East India,Odisha,20.95,85.09,1740.0,590740.0,667920.0
2025-08-08,NER,NE India,Assam,26.2,92.93,350.0,69720.0,13330.0
2025-08-08,NR,North India,Rajasthan,26.91,74.22,213580.0,1760000.0,779530.0
2025-08-08,SR,South India,Tamil Nadu,11.12,78.66,112140.0,1173800.0,718530.0
2025-08-08,WR,West India,Gujarat,23.02,72.57,124648.0,1568800.0,1452437.0
2025-08-09,ER,East India,Odisha,20.95,85.09,2700.0,600640.0,648650.0
2025-08-09,NER,NE India,Assam,26.2,92.93,670.0,67700.0,11810.0
2025-08-09,NR,North India,Rajasthan,26.91,74.22,194020.0,1609000.0,710010.0
2025-08-09,SR,South India,Tamil Nadu,11.12,78.66,113800.0,1120600.0,640670.0
2025-08-09,WR,West India,Gujarat,23.02,72.57,119760.0,1437900.0,1352940.0
2025-08-10,ER,East India,Odisha,20.95,85.09,3510.0,608960.0,641720.0
2025-08-10,NER,NE India,Assam,26.2,92.93,610.0,65770.0,10570.0
2025-08-10,NR,North India,Rajasthan,26.91,74.22,193260.0,1605000.0,685710.0
2025-08-10,SR,South India,Tamil Nadu,11.12,78.66,110940.0,1025109.9999999999,577390.0
2025-08-10,WR,West India,Gujarat,23.02,72.57,124870.0,1442500.0,1321440.0
2025-08-11,ER,East India,Odisha,20.95,85.09,3110.0,637840.0,657160.0
2025-08-11,NER,NE India,Assam,26.2,92.93,490.0,68950.0,11690.0
2025-08-11,NR,North India,Rajasthan,26.91,74.22,207730.0,1708000.0,721020.0
2025-08-11,SR,South India,Tamil Nadu,11.12,78.66,108600.0,1061710.0,604900.0
2025-08-11,WR,West India,Gujarat,23.02,72.57,136100.0,1530500.0,1386040.0
2025-08-12,ER,East India,Odisha,20.95,85.09,3450.0,672650.0,653770.0
2025-08-12,NER,NE India,Assam,26.2,92.93,340.0,69650.0,11960.0
2025-08-12,NR,North India,Rajasthan,26.91,74.22,164930.0,1694000.0,725280.0
2025-08-12,SR,South India,Tamil Nadu,11.12,78.66,104360.0,1069810.0,617790.0
2025-08-12,WR,West India,Gujarat,23.02,72.57,133910.0,1549400.0,1395610.0
2025-08-13,ER,East India,Odisha,20.95,85.09,2590.0,633230.0,702240.0
2025-08-13,NER,NE India,Assam,26.2,92.93,320.0,61020.0,12070.0
2025-08-13,NR,North India,Rajasthan,26.91,74.22,170390.0,1769000.0,763060.0
2025-08-13,SR,South India,Tamil Nadu,11.12,78.66,79750.0,1044569.9999999999,612220.0
2025-08-13,WR,West India,Gujarat,23.02,72.57,93640.0,1554000.0,1435940.0
2025-08-14,ER,East India,Odisha,20.95,85.09,2540.0,613900.0,689700.0
2025-08-14,NER,NE India,Assam,26.2,92.93,810.0,68180.0,12550.0
2025-08-14,NR,North India,Rajasthan,26.91,74.22,155050.0,1614000.0,744270.0
2025-08-14,SR,South India,Tamil Nadu,11.12,78.66,109210.0,1041010.0,606930.0
2025-08-14,WR,West India,Gujarat,23.02,72.57,106561.36,1501500.0,1437160.0
2025-08-15,ER,East India,Odisha,20.95,85.09,2700.0,606790.0,642280.0
2025-08-15,NER,NE India,Assam,26.2,92.93,1020.0,68180.0,13230.0
2025-08-15,NR,North India,Rajasthan,26.91,74.22,170070.0,1587000.0,701040.0
2025-08-15,SR,South India,Tamil Nadu,11.12,78.66,115250.0,971320.0,505070.0
2025-08-15,WR,West India,Gujarat,23.02,72.57,105480.0,1352300.0,1290320.0
2025-08-16,ER,East India,Odisha,20.95,85.09,3300.0,644190.0,682750.0
2025-08-16,NER,NE India,Assam,26.2,92.93,990.0,72970.0,12880.0
2025-08-16,NR,North India,Rajasthan,26.91,74.22,182120.0,1694000.0,748710.0
2025-08-16,SR,South India,Tamil Nadu,11.12,78.66,110010.0,1001310.0,480100.0
2025-08-16,WR,West India,Gujarat,23.02,72.57,101090.0,1315900.0,1283370.0
2025-08-17,ER,East India,Odisha,20.95,85.09,3170.0,627330.0,625110.0
2025-08-17,NER,NE India,Assam,26.2,92.93,920.0,67330.0,12400.0
2025-08-17,NR,North India,Rajasthan,26.91,74.22,186850.0,1674000.0,703920.0
2025-08-17,SR,South India,Tamil Nadu,11.12,78.66,82560.0,966320.0,480010.0
2025-08-17,WR,West India,Gujarat,23.02,72.57,115084.8,1311300.0,1247700.0
2025-08-18,ER,East India,Odisha,20.95,85.09,2750.0,629060.0,631640.0
2025-08-18,NER,NE India,Assam,26.2,92.93,1000.0,75930.0,12290.0
2025-08-18,NR,North India,Rajasthan,26.91,74.22,190260.0,1728000.0,731050.0
2025-08-18,SR,South India,Tamil Nadu,11.12,78.66,89110.0,986790.0,480920.0
2025-08-18,WR,West India,Gujarat,23.02,72.57,127290.0,1388200.0,1320030.0
2025-08-19,ER,East India,Odisha,20.95,85.09,2150.0,626610.0,629130.0
2025-08-19,NER,NE India,Assam,26.2,92.93,730.0,72290.0,12130.0
2025-08-19,NR,North India,Rajasthan,26.91,74.22,147630.0,1785000.0,772680.0
2025-08-19,SR,South India,Tamil Nadu,11.12,78.66,104600.0,997630.0,506130.0
2025-08-19,WR,West India,Gujarat,23.02,72.57,108840.0,1396700.0,1308600.0
2025-08-20,ER,East India,Odisha,20.95,85.09,2800.0,629950.0,621890.0
2025-08-20,NER,NE India,Assam,26.2,92.93,840.0,69200.0,12170.0
2025-08-20,NR,North India,Rajasthan,26.91,74.22,188990.0,1747000.0,761660.0
2025-08-20,SR,South India,Tamil Nadu,11.12,78.66,130310.0,1067160.0,511690.0
2025-08-20,WR,West India,Gujarat,23.02,72.57,94880.0,1366600.0,1290550.0
2025-08-21,ER,East India,Odisha,20.95,85.09,2190.0,621030.0,657670.0
2025-08-21,NER,NE India,Assam,26.2,92.93,820.0,71000.0,14510.0
2025-08-21,NR,North India,Rajasthan,26.91,74.22,138260.0,1732000.0,772330.0
2025-08-21,SR,South India,Tamil Nadu,11.12,78.66,146850.0,1136170.0,570640.0
2025-08-21,WR,West India,Gujarat,23.02,72.57,96357.0,1369600.0,1326550.0
2025-08-22,ER,East India,Odisha,20.95,85.09,1050.0,593170.0,653550.0
2025-08-22,NER,NE India,Assam,26.2,92.93,970.0,71010.0,12350.0
2025-08-22,NR,North India,Rajasthan,26.91,74.22,189480.0,1745000.0,715880.0
2025-08-22,SR,South India,Tamil Nadu,11.12,78.66,131110.0,1202230.0,590870.0
2025-08-22,WR,West India,Gujarat,23.02,72.57,88270.0,1352900.0,1335760.0
2025-08-23,ER,East India,Odisha,20.95,85.09,1790.0,577530.0,634300.0
2025-08-23,NER,NE India,Assam,26.2,92.93,940.0,70150.0,10370.0
2025-08-23,NR,North India,Rajasthan,26.91,74.22,131550.0,1672000.0,687470.0
2025-08-23,SR,South India,Tamil Nadu,11.12,78.66,130320.0,1195600.0,572640.0
2025-08-23,WR,West India,Gujarat,23.02,72.57,95416.0,1327500.0,1252660.0
2025-08-24,ER,East India,Odisha,20.95,85.09,1840.0,560110.0,590880.0
2025-08-24,NER,NE India,Assam,26.2,92.93,860.0,68770.0,10180.0
2025-08-24,NR,North India,Rajasthan,26.91,74.22,64989.99999999999,1441000.0,646010.0
2025-08-24,SR,South India,Tamil Nadu,11.12,78.66,142660.0,1139070.0,526310.0
2025-08-24,WR,West India,Gujarat,23.02,72.57,77270.0,1272500.0,1133390.0
2025-08-25,ER,East India,Odisha,20.95,85.09,2130.0,601460.0,587500.0
2025-08-25,NER,NE India,Assam,26.2,92.93,850.0,72050.0,11480.0
2025-08-25,NR,North India,Rajasthan,26.91,74.22,135860.0,1371000.0,652310.0
2025-08-25,SR,South India,Tamil Nadu,11.12,78.66,150080.0,1244730.0,575740.0
2025-08-25,WR,West India,Gujarat,23.02,72.57,96260.0,1341400.0,1219550.0
2025-08-26,ER,East India,Odisha,20.95,85.09,2690.0,634960.0,615170.0
2025-08-26,NER,NE India,Assam,26.2,92.93,1030.0,75180.0,12310.0
2025-08-26,NR,North India,Rajasthan,26.91,74.22,173950.0,1371000.0,679270.0
2025-08-26,SR,South India,Tamil Nadu,11.12,78.66,129110.00000000001,1265370.0,604680.0
2025-08-26,WR,West India,Gujarat,23.02,72.57,106210.0,1392100.0,1260110.0
2025-08-27,ER,East India,Odisha,20.95,85.09,3400.0,645430.0,616430.0
2025-08-27,NER,NE India,Assam,26.2,92.93,1220.0,73500.0,12660.0
2025-08-27,NR,North India,Rajasthan,26.91,74.22,182130.0,1462000.0,723340.0
2025-08-27,SR,South India,Tamil Nadu,11.12,78.66,100640.0,1093670.0,583720.0
2025-08-27,WR,West India,Gujarat,23.02,72.57,115910.0,1353000.0,1258650.0
2025-08-28,ER,East India,Odisha,20.95,85.09,3040.0,634080.0,628130.0
2025-08-28,NER,NE India,Assam,26.2,92.93,690.0,69580.0,11320.0
2025-08-28,NR,North India,Rajasthan,26.91,74.22,190800.0,1550000.0,716390.0
2025-08-28,SR,South India,Tamil Nadu,11.12,78.66,110990.0,1084560.0,544430.0
2025-08-28,WR,West India,Gujarat,23.02,72.57,107000.0,1415800.0,1309290.0
2025-08-29,ER,East India,Odisha,20.95,85.09,3270.0,628430.0,647880.0
2025-08-29,NER,NE India,Assam,26.2,92.93,730.0,70860.0,11940.0
2025-08-29,NR,North India,Rajasthan,26.91,74.22,157660.0,1527000.0,698550.0
2025-08-29,SR,South India,Tamil Nadu,11.12,78.66,131430.0,1128080.0,533860.0
2025-08-29,WR,West India,Gujarat,23.02,72.57,104010.0,1427400.0,1313960.0
2025-08-30,ER,East India,Odisha,20.95,85.09,3640.0,635320.0,672620.0
2025-08-30,NER,NE India,Assam,26.2,92.93,570.0,69850.0,11700.0
2025-08-30,NR,North India,Rajasthan,26.91,74.22,98400.0,1501000.0,698610.0
2025-08-30,SR,South India,Tamil Nadu,11.12,78.66,144540.0,1150920.0,532340.0
2025-08-30,WR,West India,Gujarat,23.02,72.57,102170.0,1433600.0,1344160.0
2025-08-31,ER,East India,Odisha,20.95,85.09,2910.0,630710.0,627420.0
2025-08-31,NER,NE India,Assam,26.2,92.93,1040.0,69310.0,10160.0
2025-08-31,NR,North India,Rajasthan,26.91,74.22,81950.0,1325000.0,640520.0
2025-08-31,SR,South India,Tamil Nadu,11.12,78.66,125620.0,1103280.0,458530.0
2025-08-31,WR,West India,Gujarat,23.02,72.57,91930.0,1371200.0,1224830.0
2025-09-01,ER,East India,Odisha,20.95,85.09,3750.0,662850.0,610740.0
2025-09-01,NER,NE India,Assam,26.2,92.93,1260.0,75340.0,10500.0
2025-09-01,NR,North India,Rajasthan,26.91,74.22,115590.0,1225000.0,566520.0
2025-09-01,SR,South India,Tamil Nadu,11.12,78.66,116640.0,1105760.0,470350.0
2025-09-01,WR,West India,Gujarat,23.02,72.57,89590.0,1386800.0,1186070.0
2025-09-02,ER,East India,Odisha,20.95,85.09,2990.0,618270.0,587020.0
2025-09-02,NER,NE India,Assam,26.2,92.93,950.0,77750.0,10910.0
2025-09-02,NR,North India,Rajasthan,26.91,74.22,132740.0,1216000.0,549710.0
2025-09-02,SR,South India,Tamil Nadu,11.12,78.66,108440.0,1141830.0,465610.0
2025-09-02,WR,West India,Gujarat,23.02,72.57,112620.0,1345700.0,1169210.0
2025-09-03,ER,East India,Odisha,20.95,85.09,4360.0,608020.0,589120.0
2025-09-03,NER,NE India,Assam,26.2,92.93,1240.0,75990.0,11460.0
2025-09-03,NR,North India,Rajasthan,26.91,74.22,169370.0,1240000.0,564300.0
2025-09-03,SR,South India,Tamil Nadu,11.12,78.66,124290.0,1158230.0,483560.0
2025-09-03,WR,West India,Gujarat,23.02,72.57,117730.0,1380000.0,1200550.0
2025-09-04,ER,East India,Odisha,20.95,85.09,4150.0,618350.0,607360.0
2025-09-04,NER,NE India,Assam,26.2,92.93,1040.0,74370.0,12000.0
2025-09-04,NR,North India,Rajasthan,26.91,74.22,170770.0,1290000.0,572700.0
2025-09-04,SR,South India,Tamil Nadu,11.12,78.66,148820.0,1188770.0,492910.0
2025-09-04,WR,West India,Gujarat,23.02,72.57,96620.0,1375100.0,1197970.0
2025-09-05,ER,East India,Odisha,20.95,85.09,4690.0,638980.0,643710.0
2025-09-05,NER,NE India,Assam,26.2,92.93,950.0,74290.0,12150.0
2025-09-05,NR,North India,Rajasthan,26.91,74.22,180370.0,1334000.0,571390.0
2025-09-05,SR,South India,Tamil Nadu,11.12,78.66,143570.0,1242320.0,530270.0
2025-09-05,WR,West India,Gujarat,23.02,72.57,88880.0,1356300.0,1205570.0
2025-09-06,ER,East India,Odisha,20.95,85.09,3900.0,650090.0,642320.0
2025-09-06,NER,NE India,Assam,26.2,92.93,1010.0,76180.0,12810.0
2025-09-06,NR,North India,Rajasthan,26.91,74.22,146840.0,1367000.0,573000.0
2025-09-06,SR,South India,Tamil Nadu,11.12,78.66,148230.0,1239880.0,538650.0
2025-09-06,WR,West India,Gujarat,23.02,72.57,80210.0,1310700.0,1223790.0
2025-09-07,ER,East India,Odisha,20.95,85.09,3060.0,648430.0,619877.0
2025-09-07,NER,NE India,Assam,26.2,92.93,890.0,69400.0,12480.0
2025-09-07,NR,North India,Rajasthan,26.91,74.22,146090.0,1297000.0,545370.0
2025-09-07,SR,South India,Tamil Nadu,11.12,78.66,138300.0,1177260.0,505410.0
2025-09-07,WR,West India,Gujarat,23.02,72.57,61309.0,1285000.0,1161830.0
2025-09-08,ER,East India,Odisha,20.95,85.09,3610.0,664580.0,659000.0
2025-09-08,NER,NE India,Assam,26.2,92.93,760.0,72980.0,13370.0
2025-09-08,NR,North India,Rajasthan,26.91,74.22,148270.0,1389000.0,615330.0
2025-09-08,SR,South India,Tamil Nadu,11.12,78.66,151780.0,1270980.0,583130.0
2025-09-08,WR,West India,Gujarat,23.02,72.57,84429.0,1348600.0,1270740.0
2025-09-09,ER,East India,Odisha,20.95,85.09,3200.0,662220.0,679330.0
2025-09-09,NER,NE India,Assam,26.2,92.93,950.0,74700.0,15250.0
2025-09-09,NR,North India,Rajasthan,26.91,74.22,182940.0,1488000.0,724390.0
2025-09-09,SR,South India,Tamil Nadu,11.12,78.66,139360.0,1304360.0,649200.0
2025-09-09,WR,West India,Gujarat,23.02,72.57,113580.0,1391800.0,1344420.0
2025-09-10,ER,East India,Odisha,20.95,85.09,3570.0,666840.0,675840.0
2025-09-10,NER,NE India,Assam,26.2,92.93,620.0,73270.0,14360.0
2025-09-10,NR,North India,Rajasthan,26.91,74.22,196080.0,1558000.0,781610.0
2025-09-10,SR,South India,Tamil Nadu,11.12,78.66,131230.0,1297620.0,681800.0
2025-09-10,WR,West India,Gujarat,23.02,72.57,123950.0,1418600.0,1387960.0
2025-09-11,ER,East India,Odisha,20.95,85.09,2700.0,645890.0,673290.0
2025-09-11,NER,NE India,Assam,26.2,92.93,820.0,74090.0,12670.0
2025-09-11,NR,North India,Rajasthan,26.91,74.22,202230.0,1591000.0,780860.0
2025-09-11,SR,South India,Tamil Nadu,11.12,78.66,97390.0,1201080.0,639410.0
2025-09-11,WR,West India,Gujarat,23.02,72.57,123410.0,1442500.0,1363660.0
2025-09-12,ER,East India,Odisha,20.95,85.09,2560.0,645880.0,677130.0
2025-09-12,NER,NE India,Assam,26.2,92.93,740.0,73450.0,12620.0
2025-09-12,NR,North India,Rajasthan,26.91,74.22,210060.0,1640000.0,790360.0
2025-09-12,SR,South India,Tamil Nadu,11.12,78.66,109750.0,1181490.0,635330.0
2025-09-12,WR,West India,Gujarat,23.02,72.57,130190.0,1456000.0,1375620.0
2025-09-13,ER,East India,Odisha,20.95,85.09,2960.0,644990.0,669880.0
2025-09-13,NER,NE India,Assam,26.2,92.93,490.0,68470.0,12730.0
2025-09-13,NR,North India,Rajasthan,26.91,74.22,223590.0,1691000.0,800970.0
2025-09-13,SR,South India,Tamil Nadu,11.12,78.66,98190.0,1158740.0,638670.0
2025-09-13,WR,West India,Gujarat,23.02,72.57,132140.0,1464900.0,1382800.0
2025-09-14,ER,East India,Odisha,20.95,85.09,3010.0,608910.0,650730.0
2025-09-14,NER,NE India,Assam,26.2,92.93,580.0,62320.0,13650.0
2025-09-14,NR,North India,Rajasthan,26.91,74.22,190090.0,1681000.0,766860.0
2025-09-14,SR,South India,Tamil Nadu,11.12,78.66,133800.0,1082200.0,615730.0
2025-09-14,WR,West India,Gujarat,23.02,72.57,122810.0,1423100.0,1305880.0
2025-09-15,ER,East India,Odisha,20.95,85.09,2370.0,603680.0,660380.0
2025-09-15,NER,NE India,Assam,26.2,92.93,590.0,62420.0,11410.0
2025-09-15,NR,North India,Rajasthan,26.91,74.22,206030.0,1738000.0,773010.0
2025-09-15,SR,South India,Tamil Nadu,11.12,78.66,140940.0,1181520.0,613280.0
2025-09-15,WR,West India,Gujarat,23.02,72.57,116780.0,1442000.0,1328630.0
2025-09-16,ER,East India,Odisha,20.95,85.09,2280.0,580840.0,652170.0
2025-09-16,NER,NE India,Assam,26.2,92.93,600.0,62810.0,11340.0
2025-09-16,NR,North India,Rajasthan,26.91,74.22,201260.0,1736000.0,785550.0
2025-09-16,SR,South India,Tamil Nadu,11.12,78.66,109580.0,1187590.0,651700.0
2025-09-16,WR,West India,Gujarat,23.02,72.57,123135.0,1465600.0,1370890.0
2025-09-17,ER,East India,Odisha,20.95,85.09,3340.0,555430.0,660030.0
2025-09-17,NER,NE India,Assam,26.2,92.93,970.0,62480.0,12260.0
2025-09-17,NR,North India,Rajasthan,26.91,74.22,203860.0,1686000.0,779580.0
2025-09-17,SR,South India,Tamil Nadu,11.12,78.66,99290.0,1164140.0,666720.0
2025-09-17,WR,West India,Gujarat,23.02,72.57,127330.0,1435800.0,1371920.0
2025-09-18,ER,East India,Odisha,20.95,85.09,3710.0,595140.0,677270.0
2025-09-18,NER,NE India,Assam,26.2,92.93,700.0,65160.0,12300.0
2025-09-18,NR,North India,Rajasthan,26.91,74.22,207000.0,1682000.0,787640.0
2025-09-18,SR,South India,Tamil Nadu,11.12,78.66,117850.0,1133190.0,652830.0
2025-09-18,WR,West India,Gujarat,23.02,72.57,123790.0,1471100.0,1382750.0
2025-09-19,ER,East India,Odisha,20.95,85.09,3430.0,625560.0,683410.0
2025-09-19,NER,NE India,Assam,26.2,92.93,940.0,70470.0,12650.0
2025-09-19,NR,North India,Rajasthan,26.91,74.22,207550.0,1708000.0,791570.0
2025-09-19,SR,South India,Tamil Nadu,11.12,78.66,113790.0,1143660.0,668960.0
2025-09-19,WR,West India,Gujarat,23.02,72.57,134380.0,1496600.0,1404780.0
2025-09-20,ER,East India,Odisha,20.95,85.09,3230.0,610960.0,663140.0
2025-09-20,NER,NE India,Assam,26.2,92.93,970.0,68080.0,11280.0
2025-09-20,NR,North India,Rajasthan,26.91,74.22,216900.0,1702000.0,777680.0
2025-09-20,SR,South India,Tamil Nadu,11.12,78.66,119550.0,1124340.0,647670.0
2025-09-20,WR,West India,Gujarat,23.02,72.57,128509.99999999999,1486400.0,1367160.0
2025-09-21,ER,East India,Odisha,20.95,85.09,3590.0,609690.0,628330.0
2025-09-21,NER,NE India,Assam,26.2,92.93,1060.0,68770.0,11980.0
2025-09-21,NR,North India,Rajasthan,26.91,74.22,193950.0,1646000.0,770520.0
2025-09-21,SR,South India,Tamil Nadu,11.12,78.66,119320.0,1051870.0,630110.0
2025-09-21,WR,West India,Gujarat,23.02,72.57,121830.0,1424200.0,1338480.0
2025-09-22,ER,East India,Odisha,20.95,85.09,2970.0,627980.0,647320.0
2025-09-22,NER,NE India,Assam,26.2,92.93,1050.0,69820.0,11880.0
2025-09-22,NR,North India,Rajasthan,26.91,74.22,225180.0,1732000.0,788720.0
2025-09-22,SR,South India,Tamil Nadu,11.12,78.66,127860.0,1106210.0,636070.0
2025-09-22,WR,West India,Gujarat,23.02,72.57,140500.0,1476200.0,1355400.0
2025-09-23,ER,East India,Odisha,20.95,85.09,1900.0,607380.0,646390.0
2025-09-23,NER,NE India,Assam,26.2,92.93,1040.0,70100.0,11160.0
2025-09-23,NR,North India,Rajasthan,26.91,74.22,211890.0,1756000.0,788850.0
2025-09-23,SR,South India,Tamil Nadu,11.12,78.66,113800.0,1116550.0,629990.0
2025-09-23,WR,West India,Gujarat,23.02,72.57,136380.0,1487800.0,1357650.0
2025-09-24,ER,East India,Odisha,20.95,85.09,2029.9999999999998,630340.0,667360.0
2025-09-24,NER,NE India,Assam,26.2,92.93,1070.0,69750.0,11300.0
2025-09-24,NR,North India,Rajasthan,26.91,74.22,215820.0,1769000.0,808040.0
2025-09-24,SR,South India,Tamil Nadu,11.12,78.66,113710.0,1118080.0,629400.0
2025-09-24,WR,West India,Gujarat,23.02,72.57,135542.0,1469900.0,1353090.0
2025-09-25,ER,East India,Odisha,20.95,85.09,3100.0,649550.0,679260.0
2025-09-25,NER,NE India,Assam,26.2,92.93,1200.0,76450.0,12480.0
2025-09-25,NR,North India,Rajasthan,26.91,74.22,214120.0,1772000.0,827570.0
2025-09-25,SR,South India,Tamil Nadu,11.12,78.66,123720.0,1122600.0,643510.0
2025-09-25,WR,West India,Gujarat,23.02,72.57,134350.0,1472700.0,1387430.0
2025-09-26,ER,East India,Odisha,20.95,85.09,2950.0,638960.0,697640.0
2025-09-26,NER,NE India,Assam,26.2,92.93,1190.0,80600.0,12810.0
2025-09-26,NR,North India,Rajasthan,26.91,74.22,216830.0,1793000.0,811580.0
2025-09-26,SR,South India,Tamil Nadu,11.12,78.66,83750.0,1078370.0,636840.0
2025-09-26,WR,West India,Gujarat,23.02,72.57,140520.0,1489100.0,1396110.0
2025-09-27,ER,East India,Odisha,20.95,85.09,2740.0,626920.0,672500.0
2025-09-27,NER,NE India,Assam,26.2,92.93,840.0,70730.0,11770.0
2025-09-27,NR,North India,Rajasthan,26.91,74.22,192050.0,1782000.0,778490.0
2025-09-27,SR,South India,Tamil Nadu,11.12,78.66,91380.0,1037099.9999999999,599520.0
2025-09-27,WR,West India,Gujarat,23.02,72.57,124050.0,1438800.0,1323670.0
2025-09-28,ER,East India,Odisha,20.95,85.09,3200.0,642080.0,665040.0
2025-09-28,NER,NE India,Assam,26.2,92.93,1040.0,72030.0,10640.0
2025-09-28,NR,North India,Rajasthan,26.91,74.22,178550.0,1764000.0,747660.0
2025-09-28,SR,South India,Tamil Nadu,11.12,78.66,113090.0,992770.0,574330.0
2025-09-28,WR,West India,Gujarat,23.02,72.57,90820.0,1378800.0,1238960.0
2025-09-29,ER,East India,Odisha,20.95,85.09,3040.0,652390.0,689690.0
2025-09-29,NER,NE India,Assam,26.2,92.93,1310.0,76050.0,9550.0
2025-09-29,NR,North India,Rajasthan,26.91,74.22,185850.0,1819000.0,803440.0
2025-09-29,SR,South India,Tamil Nadu,11.12,78.66,129990.00000000001,1080820.0,616380.0
2025-09-29,WR,West India,Gujarat,23.02,72.57,98300.0,1357300.0,1324680.0
2025-09-30,ER,East India,Odisha,20.95,85.09,4090.0,638130.0,691500.0
2025-09-30,NER,NE India,Assam,26.2,92.93,1110.0,72390.0,7750.0
2025-09-30,NR,North India,Rajasthan,26.91,74.22,106200.0,1687000.0,778740.0
2025-09-30,SR,South India,Tamil Nadu,11.12,78.66,139940.0,1114430.0,616150.0
2025-09-30,WR,West India,Gujarat,23.02,72.57,100390.0,1351500.0,1341910.0
2025-10-01,ER,East India,Odisha,20.95,85.09,3210.0,571450.0,617370.0
2025-10-01,NER,NE India,Assam,26.2,92.93,410.0,54790.0,10380.0
2025-10-01,NR,North India,Rajasthan,26.91,74.22,145010.0,1595000.0,713980.0
2025-10-01,SR,South India,Tamil Nadu,11.12,78.66,134960.0,1057230.0,543920.0
2025-10-01,WR,West India,Gujarat,23.02,72.57,92485.0,1314300.0,1251830.0
2025-10-02,ER,East India,Odisha,20.95,85.09,1170.0,499390.0,579430.0
2025-10-02,NER,NE India,Assam,26.2,92.93,710.0,54260.0,10150.0
2025-10-02,NR,North India,Rajasthan,26.91,74.22,122430.0,1460000.0,674060.0
2025-10-02,SR,South India,Tamil Nadu,11.12,78.66,123150.0,1026000.0,496950.0
2025-10-02,WR,West India,Gujarat,23.02,72.57,83162.31999999999,1231000.0,1151360.0
2025-10-03,ER,East India,Odisha,20.95,85.09,1320.0,505200.0,642380.0
2025-10-03,NER,NE India,Assam,26.2,92.93,970.0,60860.0,11810.0
2025-10-03,NR,North India,Rajasthan,26.91,74.22,152220.0,1483000.0,704870.0
2025-10-03,SR,South India,Tamil Nadu,11.12,78.66,143790.0,1134280.0,543740.0
2025-10-03,WR,West India,Gujarat,23.02,72.57,115663.0,1308100.0,1210136.0
2025-10-04,ER,East India,Odisha,20.95,85.09,2160.0,498670.0,652340.0
2025-10-04,NER,NE India,Assam,26.2,92.93,1010.0,65760.0,11850.0
2025-10-04,NR,North India,Rajasthan,26.91,74.22,182310.0,1480000.0,711930.0
2025-10-04,SR,South India,Tamil Nadu,11.12,78.66,118540.0,1144220.0,563830.0
2025-10-04,WR,West India,Gujarat,23.02,72.57,126530.0,1363600.0,1259323.0
2025-10-05,ER,East India,Odisha,20.95,85.09,2210.0,496320.0,611830.0
2025-10-05,NER,NE India,Assam,26.2,92.93,800.0,59010.0,10920.0
2025-10-05,NR,North India,Rajasthan,26.91,74.22,152490.0,1362000.0,659130.0
2025-10-05,SR,South India,Tamil Nadu,11.12,78.66,125330.0,1071680.0,543370.0
2025-10-05,WR,West India,Gujarat,23.02,72.57,115460.0,1339500.0,1213150.0
2025-10-06,ER,East India,Odisha,20.95,85.09,3180.0,525770.0,629820.0
2025-10-06,NER,NE India,Assam,26.2,92.93,800.0,59720.0,10610.0
2025-10-06,NR,North India,Rajasthan,26.91,74.22,127340.0,1255000.0,624870.0
2025-10-06,SR,South India,Tamil Nadu,11.12,78.66,131340.0,1120970.0,543720.0
2025-10-06,WR,West India,Gujarat,23.02,72.57,113027.0,1356300.0,1199660.0
2025-10-07,ER,East India,Odisha,20.95,85.09,2990.0,558070.0,636100.0
2025-10-07,NER,NE India,Assam,26.2,92.93,930.0,65850.0,11390.0
2025-10-07,NR,North India,Rajasthan,26.91,74.22,136970.0,1157000.0,597750.0
2025-10-07,SR,South India,Tamil Nadu,11.12,78.66,128280.0,1158460.0,588080.0
2025-10-07,WR,West India,Gujarat,23.02,72.57,131050.00000000001,1377600.0,1224790.0
2025-10-08,ER,East India,Odisha,20.95,85.09,3310.0,572290.0,674980.0
2025-10-08,NER,NE India,Assam,26.2,92.93,710.0,66190.0,11510.0
2025-10-08,NR,North India,Rajasthan,26.91,74.22,159420.0,1177000.0,624510.0
2025-10-08,SR,South India,Tamil Nadu,11.12,78.66,119760.0,1187640.0,620580.0
2025-10-08,WR,West India,Gujarat,23.02,72.57,142790.0,1380700.0,1274780.0
2025-10-09,ER,East India,Odisha,20.95,85.09,2940.0,585640.0,679480.0
2025-10-09,NER,NE India,Assam,26.2,92.93,890.0,67330.0,11960.0
2025-10-09,NR,North India,Rajasthan,26.91,74.22,165660.0,1177000.0,620790.0
2025-10-09,SR,South India,Tamil Nadu,11.12,78.66,124360.0,1154790.0,614270.0
2025-10-09,WR,West India,Gujarat,23.02,72.57,142580.0,1398700.0,1284130.0
2025-10-10,ER,East India,Odisha,20.95,85.09,3200.0,581830.0,695160.0
2025-10-10,NER,NE India,Assam,26.2,92.93,880.0,67650.0,11100.0
2025-10-10,NR,North India,Rajasthan,26.91,74.22,174410.0,1193000.0,609730.0
2025-10-10,SR,South India,Tamil Nadu,11.12,78.66,121070.0,1135220.0,597420.0
2025-10-10,WR,West India,Gujarat,23.02,72.57,140020.0,1403300.0,1277920.0
2025-10-11,ER,East India,Odisha,20.95,85.09,3400.0,568200.0,670050.0
2025-10-11,NER,NE India,Assam,26.2,92.93,670.0,63600.0,11000.0
2025-10-11,NR,North India,Rajasthan,26.91,74.22,173230.0,1193000.0,604590.0
2025-10-11,SR,South India,Tamil Nadu,11.12,78.66,133660.0,1121440.0,580330.0
2025-10-11,WR,West India,Gujarat,23.02,72.57,139540.0,1394100.0,1304041.0
2025-10-12,ER,East India,Odisha,20.95,85.09,2600.0,554460.0,649870.0
2025-10-12,NER,NE India,Assam,26.2,92.93,860.0,62210.0,10730.0
2025-10-12,NR,North India,Rajasthan,26.91,74.22,150330.0,1167000.0,586570.0
2025-10-12,SR,South India,Tamil Nadu,11.12,78.66,144290.0,1058410.0,552390.0
2025-10-12,WR,West India,Gujarat,23.02,72.57,131870.0,1362800.0,1262417.0
2025-10-13,ER,East India,Odisha,20.95,85.09,3380.0,569130.0,675810.0
2025-10-13,NER,NE India,Assam,26.2,92.93,1030.0,65280.0,11360.0
2025-10-13,NR,North India,Rajasthan,26.91,74.22,193030.0,1226000.0,631930.0
2025-10-13,SR,South India,Tamil Nadu,11.12,78.66,127990.0,1115400.0,594760.0
2025-10-13,WR,West India,Gujarat,23.02,72.57,150300.0,1427800.0,1304970.0
2025-10-14,ER,East India,Odisha,20.95,85.09,3800.0,567140.0,679360.0
2025-10-14,NER,NE India,Assam,26.2,92.93,1030.0,68310.0,11790.0
2025-10-14,NR,North India,Rajasthan,26.91,74.22,203350.0,1250000.0,660580.0
2025-10-14,SR,South India,Tamil Nadu,11.12,78.66,112090.0,1131290.0,621490.0
2025-10-14,WR,West India,Gujarat,23.02,72.57,152030.0,1458500.0,1340180.0
2025-10-15,ER,East India,Odisha,20.95,85.09,3990.0,563910.0,705200.0
2025-10-15,NER,NE India,Assam,26.2,92.93,1070.0,70700.0,11460.0
2025-10-15,NR,North India,Rajasthan,26.91,74.22,204620.0,1267000.0,662030.0
2025-10-15,SR,South India,Tamil Nadu,11.12,78.66,113590.0,1118770.0,608310.0
2025-10-15,WR,West India,Gujarat,23.02,72.57,152060.0,1462300.0,1351920.0
2025-10-16,ER,East India,Odisha,20.95,85.09,3670.0,562430.0,713340.0
2025-10-16,NER,NE India,Assam,26.2,92.93,1160.0,68930.0,11690.0
2025-10-16,NR,North India,Rajasthan,26.91,74.22,203980.0,1271000.0,673360.0
2025-10-16,SR,South India,Tamil Nadu,11.12,78.66,100990.0,1119400.0,616540.0
2025-10-16,WR,West India,Gujarat,23.02,72.57,153250.0,1483100.0,1365020.0
2025-10-17,ER,East India,Odisha,20.95,85.09,3690.0,575810.0,706030.0
2025-10-17,NER,NE India,Assam,26.2,92.93,1110.0,68430.0,11650.0
2025-10-17,NR,North India,Rajasthan,26.91,74.22,199570.0,1287000.0,697240.0
2025-10-17,SR,South India,Tamil Nadu,11.12,78.66,111270.0,1114500.0,603400.0
2025-10-17,WR,West India,Gujarat,23.02,72.57,153830.0,1494700.0,1389020.0
2025-10-18,ER,East India,Odisha,20.95,85.09,3780.0,581370.0,705370.0
2025-10-18,NER,NE India,Assam,26.2,92.93,1140.0,63320.0,12290.0
2025-10-18,NR,North India,Rajasthan,26.91,74.22,202590.0,1280000.0,711320.0
2025-10-18,SR,South India,Tamil Nadu,11.12,78.66,118820.0,1098390.0,611130.0
2025-10-18,WR,West India,Gujarat,23.02,72.57,150130.0,1477200.0,1389610.0
2025-10-19,ER,East India,Odisha,20.95,85.09,2480.0,573450.0,694980.0
2025-10-19,NER,NE India,Assam,26.2,92.93,1160.0,64000.0,11440.0
2025-10-19,NR,North India,Rajasthan,26.91,74.22,190480.0,1225000.0,666240.0
2025-10-19,SR,South India,Tamil Nadu,11.12,78.66,120020.0,1002300.0,551250.0
2025-10-19,WR,West India,Gujarat,23.02,72.57,154870.0,1399000.0,1288050.0
2025-10-20,ER,East India,Odisha,20.95,85.09,2720.0,572660.0,667720.0
2025-10-20,NER,NE India,Assam,26.2,92.93,1190.0,61040.0,10630.0
2025-10-20,NR,North India,Rajasthan,26.91,74.22,173300.0,1120000.0,617190.0
2025-10-20,SR,South India,Tamil Nadu,11.12,78.66,95400.0,924240.0,490290.0
2025-10-20,WR,West India,Gujarat,23.02,72.57,143640.0,1286700.0,1166648.0
2025-10-21,ER,East India,Odisha,20.95,85.09,3550.0,581910.0,642930.0
2025-10-21,NER,NE India,Assam,26.2,92.93,1120.0,60850.0,10440.0
2025-10-21,NR,North India,Rajasthan,26.91,74.22,172630.0,1085000.0,587500.0
2025-10-21,SR,South India,Tamil Nadu,11.12,78.66,72680.0,926940.0,492760.0
2025-10-21,WR,West India,Gujarat,23.02,72.57,134060.0,1207500.0,1123410.0
2025-10-22,ER,East India,Odisha,20.95,85.09,3360.0,591460.0,635690.0
2025-10-22,NER,NE India,Assam,26.2,92.93,1110.0,64080.0,10760.0
2025-10-22,NR,North India,Rajasthan,26.91,74.22,157950.0,1128000.0,609260.0
2025-10-22,SR,South India,Tamil Nadu,11.12,78.66,85850.0,947890.0,521669.99999999994
2025-10-22,WR,West India,Gujarat,23.02,72.57,124640.0,1197100.0,1100090.0
2025-10-23,ER,East India,Odisha,20.95,85.09,3370.0,580550.0,672200.0
2025-10-23,NER,NE India,Assam,26.2,92.93,1110.0,66190.0,10960.0
2025-10-23,NR,North India,Rajasthan,26.91,74.22,170950.0,1177000.0,643270.0
2025-10-23,SR,South India,Tamil Nadu,11.12,78.66,94170.0,979500.0,511030.0
2025-10-23,WR,West India,Gujarat,23.02,72.57,135300.0,1264500.0,1181440.0
2025-10-24,ER,East India,Odisha,20.95,85.09,3500.0,578530.0,708430.0
2025-10-24,NER,NE India,Assam,26.2,92.93,1070.0,64709.99999999999,11040.0
2025-10-24,NR,North India,Rajasthan,26.91,74.22,184330.0,1226000.0,672090.0
2025-10-24,SR,South India,Tamil Nadu,11.12,78.66,82170.0,997420.0,501770.0
2025-10-24,WR,West India,Gujarat,23.02,72.57,131950.0,1344900.0,1277200.0
2025-10-25,ER,East India,Odisha,20.95,85.09,3410.0,586710.0,678200.0
2025-10-25,NER,NE India,Assam,26.2,92.93,1090.0,63670.0,11090.0
2025-10-25,NR,North India,Rajasthan,26.91,74.22,188280.0,1225000.0,660410.0
2025-10-25,SR,South India,Tamil Nadu,11.12,78.66,126700.0,985410.0,502280.0
2025-10-25,WR,West India,Gujarat,23.02,72.57,118170.0,1361100.0,1282310.0
2025-10-26,ER,East India,Odisha,20.95,85.09,3360.0,574840.0,627460.0
2025-10-26,NER,NE India,Assam,26.2,92.93,1000.0,59860.0,10580.0
2025-10-26,NR,North India,Rajasthan,26.91,74.22,179610.0,1182000.0,636000.0
2025-10-26,SR,South India,Tamil Nadu,11.12,78.66,124120.0,933450.0,484270.0
2025-10-26,WR,West India,Gujarat,23.02,72.57,86880.0,1286600.0,1224390.0
2025-10-27,ER,East India,Odisha,20.95,85.09,2530.0,571460.0,643980.0
2025-10-27,NER,NE India,Assam,26.2,92.93,1090.0,60700.0,10360.0
2025-10-27,NR,North India,Rajasthan,26.91,74.22,166960.0,1173000.0,626900.0
2025-10-27,SR,South India,Tamil Nadu,11.12,78.66,86940.0,998700.0,498770.0
2025-10-27,WR,West India,Gujarat,23.02,72.57,80620.0,1276900.0,1204602.0
2025-10-28,ER,East India,Odisha,20.95,85.09,1920.0,550310.0,585210.0
2025-10-28,NER,NE India,Assam,26.2,92.93,1080.0,62940.0,10660.0
2025-10-28,NR,North India,Rajasthan,26.91,74.22,147660.0,1139000.0,561260.0
2025-10-28,SR,South India,Tamil Nadu,11.12,78.66,66260.0,945500.0,464960.0
2025-10-28,WR,West India,Gujarat,23.02,72.57,76190.0,1265500.0,1149658.0
2025-10-29,ER,East India,Odisha,20.95,85.09,1930.0,524380.0,601390.0
2025-10-29,NER,NE India,Assam,26.2,92.93,550.0,62210.0,10820.0
2025-10-29,NR,North India,Rajasthan,26.91,74.22,141880.0,1146000.0,549860.0
2025-10-29,SR,South India,Tamil Nadu,11.12,78.66,106150.0,933160.0,425400.0
2025-10-29,WR,West India,Gujarat,23.02,72.57,63590.0,1271300.0,1124070.0
2025-10-30,ER,East India,Odisha,20.95,85.09,2000.0,505690.0,640740.0
2025-10-30,NER,NE India,Assam,26.2,92.93,530.0,62680.0,11090.0
2025-10-30,NR,North India,Rajasthan,26.91,74.22,139510.0,1144000.0,557180.0
2025-10-30,SR,South India,Tamil Nadu,11.12,78.66,143820.0,990650.0,422660.0
2025-10-30,WR,West India,Gujarat,23.02,72.57,50820.0,1271400.0,1159340.0
2025-10-31,ER,East India,Odisha,20.95,85.09,1770.0,501670.0,644560.0
2025-10-31,NER,NE India,Assam,26.2,92.93,580.0,56470.0,11570.0
2025-10-31,NR,North India,Rajasthan,26.91,74.22,153870.0,1146000.0,585440.0
2025-10-31,SR,South India,Tamil Nadu,11.12,78.66,151800.0,1053350.0,446670.0
2025-10-31,WR,West India,Gujarat,23.02,72.57,86360.0,1256500.0,1257820.0
2025-11-01,ER,East India,Odisha,20.95,85.09,2120.0,511180.0,659060.0
2025-11-01,NER,NE India,Assam,26.2,92.93,300.0,54540.0,12630.0
2025-11-01,NR,North India,Rajasthan,26.91,74.22,165530.0,1140000.0,595750.0
2025-11-01,SR,South India,Tamil Nadu,11.12,78.66,148310.0,1057550.0,454980.0
2025-11-01,WR,West India,Gujarat,23.02,72.57,108220.0,1254100.0,1221220.0
2025-11-02,ER,East India,Odisha,20.95,85.09,2820.0,488150.0,638970.0
2025-11-02,NER,NE India,Assam,26.2,92.93,300.0,49000.0,10980.0
2025-11-02,NR,North India,Rajasthan,26.91,74.22,153700.0,1084000.0,574990.0
2025-11-02,SR,South India,Tamil Nadu,11.12,78.66,125300.0,1015520.0,455770.0
2025-11-02,WR,West India,Gujarat,23.02,72.57,102900.0,1223000.0,1182230.0
2025-11-03,ER,East India,Odisha,20.95,85.09,3250.0,485850.0,642730.0
2025-11-03,NER,NE India,Assam,26.2,92.93,880.0,52910.0,10960.0
2025-11-03,NR,North India,Rajasthan,26.91,74.22,157720.0,1111000.0,586570.0
2025-11-03,SR,South India,Tamil Nadu,11.12,78.66,130610.00000000001,1094800.0,531470.0
2025-11-03,WR,West India,Gujarat,23.02,72.57,113240.9,1274800.0,1211930.0
2025-11-04,ER,East India,Odisha,20.95,85.09,3070.0,478900.0,649110.0
2025-11-04,NER,NE India,Assam,26.2,92.93,1040.0,55870.0,10880.0
2025-11-04,NR,North India,Rajasthan,26.91,74.22,167220.0,1120000.0,570190.0
2025-11-04,SR,South India,Tamil Nadu,11.12,78.66,97600.0,1118270.0,582370.0
2025-11-04,WR,West India,Gujarat,23.02,72.57,137140.0,1294900.0,1203193.0
2025-11-05,ER,East India,Odisha,20.95,85.09,3540.0,477620.0,663670.0
2025-11-05,NER,NE India,Assam,26.2,92.93,570.0,55940.0,11420.0
2025-11-05,NR,North India,Rajasthan,26.91,74.22,162150.0,1102000.0,607050.0
2025-11-05,SR,South India,Tamil Nadu,11.12,78.66,112420.0,1120120.0,599820.0
2025-11-05,WR,West India,Gujarat,23.02,72.57,139030.0,1292600.0,1235950.0
2025-11-06,ER,East India,Odisha,20.95,85.09,3280.0,483640.0,671530.0
2025-11-06,NER,NE India,Assam,26.2,92.93,720.0,55260.0,11060.0
2025-11-06,NR,North India,Rajasthan,26.91,74.22,163140.0,1108000.0,600940.0
2025-11-06,SR,South India,Tamil Nadu,11.12,78.66,104210.0,1092760.0,584000.0
2025-11-06,WR,West India,Gujarat,23.02,72.57,144820.0,1304900.0,1250670.0
2025-11-07,ER,East India,Odisha,20.95,85.09,3380.0,482280.0,671620.0
2025-11-07,NER,NE India,Assam,26.2,92.93,1020.0,55610.0,11130.0
2025-11-07,NR,North India,Rajasthan,26.91,74.22,170650.0,1113000.0,601540.0
2025-11-07,SR,South India,Tamil Nadu,11.12,78.66,121660.0,1110020.0,588710.0
2025-11-07,WR,West India,Gujarat,23.02,72.57,152380.0,1308800.0,1241260.0
2025-11-08,ER,East India,Odisha,20.95,85.09,3960.0,456600.0,645360.0
2025-11-08,NER,NE India,Assam,26.2,92.93,1060.0,53910.0,11110.0
2025-11-08,NR,North India,Rajasthan,26.91,74.22,161970.0,1100000.0,602380.0
2025-11-08,SR,South India,Tamil Nadu,11.12,78.66,135100.0,1088520.0,579460.0
2025-11-08,WR,West India,Gujarat,23.02,72.57,158810.0,1301000.0,1230060.0
2025-11-09,ER,East India,Odisha,20.95,85.09,3720.0,435560.0,616060.0
2025-11-09,NER,NE India,Assam,26.2,92.93,1180.0,52390.0,10860.0
2025-11-09,NR,North India,Rajasthan,26.91,74.22,160010.0,1047000.0,584560.0
2025-11-09,SR,South India,Tamil Nadu,11.12,78.66,126200.0,1018530.0,561710.0
2025-11-09,WR,West India,Gujarat,23.02,72.57,161750.0,1260000.0,1193820.0
2025-11-10,ER,East India,Odisha,20.95,85.09,3820.0,446180.0,657170.0
2025-11-10,NER,NE India,Assam,26.2,92.93,1060.0,52750.0,11790.0
2025-11-10,NR,North India,Rajasthan,26.91,74.22,184950.0,1080000.0,604040.0
2025-11-10,SR,South India,Tamil Nadu,11.12,78.66,133420.0,1096100.0,594740.0
2025-11-10,WR,West India,Gujarat,23.02,72.57,163990.0,1315900.0,1237770.0
2025-11-11,ER,East India,Odisha,20.95,85.09,3460.0,460400.0,691140.0
2025-11-11,NER,NE India,Assam,26.2,92.93,1020.0,53180.0,11680.0
2025-11-11,NR,North India,Rajasthan,26.91,74.22,178820.0,1107000.0,634460.0
2025-11-11,SR,South India,Tamil Nadu,11.12,78.66,135790.0,1130520.0,616260.0
2025-11-11,WR,West India,Gujarat,23.02,72.57,161460.0,1349600.0,1497210.0
2025-11-12,ER,East India,Odisha,20.95,85.09,3690.0,455900.0,661170.0
2025-11-12,NER,NE India,Assam,26.2,92.93,1020.0,53230.0,12100.0
2025-11-12,NR,North India,Rajasthan,26.91,74.22,180400.0,1126000.0,656120.0
2025-11-12,SR,South India,Tamil Nadu,11.12,78.66,129199.99999999999,1132250.0,601480.0
2025-11-12,WR,West India,Gujarat,23.02,72.57,156060.0,1352200.0,1296770.0
2025-11-13,ER,East India,Odisha,20.95,85.09,3600.0,451980.0,661050.0
2025-11-13,NER,NE India,Assam,26.2,92.93,990.0,52530.0,11430.0
2025-11-13,NR,North India,Rajasthan,26.91,74.22,182130.0,1127000.0,669130.0
2025-11-13,SR,South India,Tamil Nadu,11.12,78.66,123680.0,1129370.0,588090.0
2025-11-13,WR,West India,Gujarat,23.02,72.57,153340.0,1378200.0,1329520.0
2025-11-14,ER,East India,Odisha,20.95,85.09,3550.0,449550.0,657120.0
2025-11-14,NER,NE India,Assam,26.2,92.93,1040.0,53910.0,11370.0
2025-11-14,NR,North India,Rajasthan,26.91,74.22,192120.0,1139000.0,656230.0
2025-11-14,SR,South India,Tamil Nadu,11.12,78.66,126500.0,1123620.0,595030.0
2025-11-14,WR,West India,Gujarat,23.02,72.57,160540.0,1391700.0,1334030.0
2025-11-15,ER,East India,Odisha,20.95,85.09,3690.0,433740.0,631440.0
2025-11-15,NER,NE India,Assam,26.2,92.93,1100.0,52220.0,11060.0
2025-11-15,NR,North India,Rajasthan,26.91,74.22,185920.0,1122000.0,633210.0
2025-11-15,SR,South India,Tamil Nadu,11.12,78.66,146830.0,1095230.0,598670.0
2025-11-15,WR,West India,Gujarat,23.02,72.57,155800.0,1394000.0,1298650.0
2025-11-16,ER,East India,Odisha,20.95,85.09,3560.0,418730.0,605340.0
2025-11-16,NER,NE India,Assam,26.2,92.93,1160.0,48690.0,10840.0
2025-11-16,NR,North India,Rajasthan,26.91,74.22,184500.0,1076000.0,590090.0
2025-11-16,SR,South India,Tamil Nadu,11.12,78.66,125300.0,1023350.0,552700.0
2025-11-16,WR,West India,Gujarat,23.02,72.57,150890.0,1346600.0,1213640.0
2025-11-17,ER,East India,Odisha,20.95,85.09,3190.0,425940.0,621120.0
2025-11-17,NER,NE India,Assam,26.2,92.93,1180.0,49720.0,11960.0
2025-11-17,NR,North India,Rajasthan,26.91,74.22,195790.0,1124000.0,623240.0
2025-11-17,SR,South India,Tamil Nadu,11.12,78.66,119280.0,1076640.0,588410.0
2025-11-17,WR,West India,Gujarat,23.02,72.57,153930.0,1385700.0,1289250.0
2025-11-18,ER,East India,Odisha,20.95,85.09,2850.0,423400.0,637220.0
2025-11-18,NER,NE India,Assam,26.2,92.93,1170.0,51890.0,12070.0
2025-11-18,NR,North India,Rajasthan,26.91,74.22,190700.0,1149000.0,656750.0
2025-11-18,SR,South India,Tamil Nadu,11.12,78.66,99940.0,1068920.0,585580.0
2025-11-18,WR,West India,Gujarat,23.02,72.57,158930.0,1408100.0,1316980.0
2025-11-19,ER,East India,Odisha,20.95,85.09,2970.0,430380.0,668160.0
2025-11-19,NER,NE India,Assam,26.2,92.93,1140.0,54030.0,12510.0
2025-11-19,NR,North India,Rajasthan,26.91,74.22,180080.0,1163000.0,674110.0
2025-11-19,SR,South India,Tamil Nadu,11.12,78.66,128030.0,1080030.0,589750.0
2025-11-19,WR,West India,Gujarat,23.02,72.57,157420.0,1420200.0,1340200.0
2025-11-20,ER,East India,Odisha,20.95,85.09,3400.0,428020.0,666360.0
2025-11-20,NER,NE India,Assam,26.2,92.93,1140.0,51550.0,12530.0
2025-11-20,NR,North India,Rajasthan,26.91,74.22,180310.0,1162000.0,663880.0
2025-11-20,SR,South India,Tamil Nadu,11.12,78.66,152450.0,1099110.0,595180.0
2025-11-20,WR,West India,Gujarat,23.02,72.57,147360.0,1432900.0,1343947.0
2025-11-21,ER,East India,Odisha,20.95,85.09,2780.0,437350.0,669530.0
2025-11-21,NER,NE India,Assam,26.2,92.93,2009.9999999999998,52700.0,13210.0
2025-11-21,NR,North India,Rajasthan,26.91,74.22,176750.0,1174000.0,698570.0
2025-11-21,SR,South India,Tamil Nadu,11.12,78.66,115330.0,1129800.0,624810.0
2025-11-21,WR,West India,Gujarat,23.02,72.57,155360.0,1455900.0,1369345.0
2025-11-22,ER,East India,Odisha,20.95,85.09,2980.0,444560.0,674200.0
2025-11-22,NER,NE India,Assam,26.2,92.93,840.0,51320.0,13770.0
2025-11-22,NR,North India,Rajasthan,26.91,74.22,172330.0,1167000.0,714200.0
2025-11-22,SR,South India,Tamil Nadu,11.12,78.66,98490.0,1090480.0,596020.0
2025-11-22,WR,West India,Gujarat,23.02,72.57,149930.0,1470500.0,1398000.0
2025-11-23,ER,East India,Odisha,20.95,85.09,2610.0,426570.0,648140.0
2025-11-23,NER,NE India,Assam,26.2,92.93,550.0,47790.0,12320.0
2025-11-23,NR,North India,Rajasthan,26.91,74.22,171940.0,1126000.0,683170.0
2025-11-23,SR,South India,Tamil Nadu,11.12,78.66,103870.0,1007070.0,552150.0
2025-11-23,WR,West India,Gujarat,23.02,72.57,146520.0,1445700.0,1398050.0
2025-11-24,ER,East India,Odisha,20.95,85.09,3000.0,432470.0,672220.0
2025-11-24,NER,NE India,Assam,26.2,92.93,980.0,47940.0,12770.0
2025-11-24,NR,North India,Rajasthan,26.91,74.22,161820.0,1157000.0,686960.0
2025-11-24,SR,South India,Tamil Nadu,11.12,78.66,108790.0,1069370.0,585310.0
2025-11-24,WR,West India,Gujarat,23.02,72.57,139640.0,1502100.0,1414640.0
2025-11-25,ER,East India,Odisha,20.95,85.09,3070.0,437490.0,673870.0
2025-11-25,NER,NE India,Assam,26.2,92.93,1090.0,50230.0,12800.0
2025-11-25,NR,North India,Rajasthan,26.91,74.22,173530.0,1188000.0,673400.0
2025-11-25,SR,South India,Tamil Nadu,11.12,78.66,132380.0,1086670.0,599720.0
2025-11-25,WR,West India,Gujarat,23.02,72.57,133600.0,1524900.0,1398570.0
2025-11-26,ER,East India,Odisha,20.95,85.09,2860.0,439780.0,687230.0
2025-11-26,NER,NE India,Assam,26.2,92.93,1120.0,50030.0,13190.0
2025-11-26,NR,North India,Rajasthan,26.91,74.22,166350.0,1198000.0,677410.0
2025-11-26,SR,South India,Tamil Nadu,11.12,78.66,117550.0,1098300.0,602040.0
2025-11-26,WR,West India,Gujarat,23.02,72.57,136850.0,1526100.0,1449730.0
2025-11-27,ER,East India,Odisha,20.95,85.09,3400.0,448940.0,690530.0
2025-11-27,NER,NE India,Assam,26.2,92.93,1110.0,49960.0,13300.0
2025-11-27,NR,North India,Rajasthan,26.91,74.22,145620.0,1207000.0,675550.0
2025-11-27,SR,South India,Tamil Nadu,11.12,78.66,113690.0,1099110.0,624120.0
2025-11-27,WR,West India,Gujarat,23.02,72.57,131670.0,1535300.0,1466040.0
2025-11-28,ER,East India,Odisha,20.95,85.09,2840.0,459910.0,700800.0
2025-11-28,NER,NE India,Assam,26.2,92.93,1110.0,50530.0,13470.0
2025-11-28,NR,North India,Rajasthan,26.91,74.22,148650.0,1237000.0,683710.0
2025-11-28,SR,South India,Tamil Nadu,11.12,78.66,99090.0,1104730.0,664690.0
2025-11-28,WR,West India,Gujarat,23.02,72.57,126060.0,1534400.0,1480590.0
2025-11-29,ER,East India,Odisha,20.95,85.09,3190.0,447910.0,707130.0
2025-11-29,NER,NE India,Assam,26.2,92.93,1030.0,50410.0,13320.0
2025-11-29,NR,North India,Rajasthan,26.91,74.22,151550.0,1224000.0,662390.0
2025-11-29,SR,South India,Tamil Nadu,11.12,78.66,81350.0,1070500.0,655020.0
2025-11-29,WR,West India,Gujarat,23.02,72.57,129690.0,1517200.0,1475080.0
2025-11-30,ER,East India,Odisha,20.95,85.09,3020.0,432550.0,684990.0
2025-11-30,NER,NE India,Assam,26.2,92.93,880.0,48660.0,11790.0
2025-11-30,NR,North India,Rajasthan,26.91,74.22,167050.0,1168000.0,637370.0
2025-11-30,SR,South India,Tamil Nadu,11.12,78.66,87510.0,981160.0,596860.0
2025-11-30,WR,West India,Gujarat,23.02,72.57,135210.0,1454100.0,1421800.0
2025-12-01,ER,East India,Odisha,20.95,85.09,1770.0,436560.0,692620.0
2025-12-01,NER,NE India,Assam,26.2,92.93,910.0,49580.0,13340.0
2025-12-01,NR,North India,Rajasthan,26.91,74.22,165610.0,1190000.0,681300.0
2025-12-01,SR,South India,Tamil Nadu,11.12,78.66,110960.0,1044079.9999999999,606160.0
2025-12-01,WR,West India,Gujarat,23.02,72.57,139550.0,1483000.0,1467600.0
2025-12-02,ER,East India,Odisha,20.95,85.09,2690.0,440870.0,699030.0
2025-12-02,NER,NE India,Assam,26.2,92.93,900.0,50960.0,13530.0
2025-12-02,NR,North India,Rajasthan,26.91,74.22,172370.0,1228000.0,715310.0
2025-12-02,SR,South India,Tamil Nadu,11.12,78.66,123720.0,1098330.0,627960.0
2025-12-02,WR,West India,Gujarat,23.02,72.57,147930.0,1505000.0,1501760.0
2025-12-03,ER,East India,Odisha,20.95,85.09,2848.0,447630.0,691190.0
2025-12-03,NER,NE India,Assam,26.2,92.93,940.0,50540.0,11640.0
2025-12-03,NR,North India,Rajasthan,26.91,74.22,170870.0,1252000.0,721650.0
2025-12-03,SR,South India,Tamil Nadu,11.12,78.66,81410.0,1103630.0,651150.0
2025-12-03,WR,West India,Gujarat,23.02,72.57,153230.0,1500100.0,1447410.0
2025-12-04,ER,East India,Odisha,20.95,85.09,3120.0,448520.0,681610.0
2025-12-04,NER,NE India,Assam,26.2,92.93,1010.0,51250.0,9200.0
2025-12-04,NR,North India,Rajasthan,26.91,74.22,184420.0,1252000.0,709720.0
2025-12-04,SR,South India,Tamil Nadu,11.12,78.66,92600.0,1094170.0,639550.0
2025-12-04,WR,West India,Gujarat,23.02,72.57,149660.0,1516100.0,1423410.0
2025-12-05,ER,East India,Odisha,20.95,85.09,2830.0,456920.0,674090.0
2025-12-05,NER,NE India,Assam,26.2,92.93,1040.0,51080.0,8830.0
2025-12-05,NR,North India,Rajasthan,26.91,74.22,180210.0,1269000.0,732920.0
2025-12-05,SR,South India,Tamil Nadu,11.12,78.66,101160.0,1105960.0,630490.0
2025-12-05,WR,West India,Gujarat,23.02,72.57,147450.0,1521700.0,1436240.0
2025-12-06,ER,East India,Odisha,20.95,85.09,2950.0,453790.0,691070.0
2025-12-06,NER,NE India,Assam,26.2,92.93,1080.0,50780.0,9180.0
2025-12-06,NR,North India,Rajasthan,26.91,74.22,136070.0,1244000.0,709140.0
2025-12-06,SR,South India,Tamil Nadu,11.12,78.66,119480.0,1090350.0,622030.0
2025-12-06,WR,West India,Gujarat,23.02,72.57,137880.0,1507800.0,1451073.0
2025-12-07,ER,East India,Odisha,20.95,85.09,3390.0,438390.0,634720.0
2025-12-07,NER,NE India,Assam,26.2,92.93,1100.0,48550.0,11890.0
2025-12-07,NR,North India,Rajasthan,26.91,74.22,170600.0,1204000.0,658130.0
2025-12-07,SR,South India,Tamil Nadu,11.12,78.66,119600.0,1029660.0000000001,594090.0
2025-12-07,WR,West India,Gujarat,23.02,72.57,153360.0,1464700.0,1409068.0
2025-12-08,ER,East India,Odisha,20.95,85.09,2960.0,451320.0,653300.0
2025-12-08,NER,NE India,Assam,26.2,92.93,1090.0,49730.0,12520.0
2025-12-08,NR,North India,Rajasthan,26.91,74.22,184480.0,1246000.0,695690.0
2025-12-08,SR,South India,Tamil Nadu,11.12,78.66,146500.0,1096110.0,623270.0
2025-12-08,WR,West India,Gujarat,23.02,72.57,166710.0,1507300.0,1433550.0
2025-12-09,ER,East India,Odisha,20.95,85.09,3110.0,469560.0,660000.0
2025-12-09,NER,NE India,Assam,26.2,92.93,1060.0,51340.0,12690.0
2025-12-09,NR,North India,Rajasthan,26.91,74.22,188630.0,1267000.0,702500.0
2025-12-09,SR,South India,Tamil Nadu,11.12,78.66,139450.0,1115180.0,640850.0
2025-12-09,WR,West India,Gujarat,23.02,72.57,168220.0,1521000.0,1450820.0
2025-12-10,ER,East India,Odisha,20.95,85.09,3420.0,465620.0,665330.0
2025-12-10,NER,NE India,Assam,26.2,92.93,1100.0,51880.0,13370.0
2025-12-10,NR,North India,Rajasthan,26.91,74.22,189040.0,1281000.0,724520.0
2025-12-10,SR,South India,Tamil Nadu,11.12,78.66,134940.0,1138890.0,639050.0
2025-12-10,WR,West India,Gujarat,23.02,72.57,170620.0,1523400.0,1481000.0
2025-12-11,ER,East India,Odisha,20.95,85.09,3410.0,462730.0,685620.0
2025-12-11,NER,NE India,Assam,26.2,92.93,1130.0,51000.0,12910.0
2025-12-11,NR,North India,Rajasthan,26.91,74.22,187380.0,1265000.0,728800.0
2025-12-11,SR,South India,Tamil Nadu,11.12,78.66,151890.0,1139730.0,632840.0
2025-12-11,WR,West India,Gujarat,23.02,72.57,169510.0,1530700.0,1491270.0
2025-12-12,ER,East India,Odisha,20.95,85.09,3250.0,453520.0,689780.0
2025-12-12,NER,NE India,Assam,26.2,92.93,1090.0,51460.0,13430.0
2025-12-12,NR,North India,Rajasthan,26.91,74.22,174860.0,1282000.0,752420.0
2025-12-12,SR,South India,Tamil Nadu,11.12,78.66,145690.0,1152380.0,663970.0
2025-12-12,WR,West India,Gujarat,23.02,72.57,170720.0,1534500.0,1512320.0
2025-12-13,ER,East India,Odisha,20.95,85.09,3190.0,454500.0,684140.0
2025-12-13,NER,NE India,Assam,26.2,92.93,1110.0,50930.0,13500.0
2025-12-13,NR,North India,Rajasthan,26.91,74.22,156400.0,1271000.0,763920.0
2025-12-13,SR,South India,Tamil Nadu,11.12,78.66,153680.0,1141850.0,642100.0
2025-12-13,WR,West India,Gujarat,23.02,72.57,166911.0,1528600.0,1523890.0
2025-12-14,ER,East India,Odisha,20.95,85.09,3380.0,441460.0,659710.0
2025-12-14,NER,NE India,Assam,26.2,92.93,1120.0,48620.0,12470.0
2025-12-14,NR,North India,Rajasthan,26.91,74.22,142010.0,1217000.0,720750.0
2025-12-14,SR,South India,Tamil Nadu,11.12,78.66,156980.0,1069760.0,594460.0
2025-12-14,WR,West India,Gujarat,23.02,72.57,161935.2,1489600.0,1461966.0
2025-12-15,ER,East India,Odisha,20.95,85.09,2980.0,449530.0,668400.0
2025-12-15,NER,NE India,Assam,26.2,92.93,1080.0,50110.0,13040.0
2025-12-15,NR,North India,Rajasthan,26.91,74.22,163650.0,1245000.0,730690.0
2025-12-15,SR,South India,Tamil Nadu,11.12,78.66,155210.0,1132110.0,620050.0
2025-12-15,WR,West India,Gujarat,23.02,72.57,163311.1,1530100.0,1482824.0
2025-12-16,ER,East India,Odisha,20.95,85.09,2870.0,455240.0,702910.0
2025-12-16,NER,NE India,Assam,26.2,92.93,1010.0,50730.0,12850.0
2025-12-16,NR,North India,Rajasthan,26.91,74.22,162000.0,1273000.0,722590.0
2025-12-16,SR,South India,Tamil Nadu,11.12,78.66,107140.0,1163320.0,626160.0
2025-12-16,WR,West India,Gujarat,23.02,72.57,161620.0,1540600.0,1503690.0
2025-12-17,ER,East India,Odisha,20.95,85.09,2840.0,462070.0,716080.0
2025-12-17,NER,NE India,Assam,26.2,92.93,1030.0,49570.0,13420.0
2025-12-17,NR,North India,Rajasthan,26.91,74.22,173090.0,1291000.0,753250.0
2025-12-17,SR,South India,Tamil Nadu,11.12,78.66,121530.0,1157460.0,590980.0
2025-12-17,WR,West India,Gujarat,23.02,72.57,162430.0,1559900.0,1521460.0
2025-12-18,ER,East India,Odisha,20.95,85.09,2930.0,465370.0,734640.0
2025-12-18,NER,NE India,Assam,26.2,92.93,1060.0,50800.0,13920.0
2025-12-18,NR,North India,Rajasthan,26.91,74.22,152520.0,1285000.0,773680.0
2025-12-18,SR,South India,Tamil Nadu,11.12,78.66,149490.0,1163550.0,587950.0
2025-12-18,WR,West India,Gujarat,23.02,72.57,162410.0,1550500.0,1515790.0
2025-12-19,ER,East India,Odisha,20.95,85.09,2350.0,482370.0,760280.0
2025-12-19,NER,NE India,Assam,26.2,92.93,1060.0,52140.0,13720.0
2025-12-19,NR,North India,Rajasthan,26.91,74.22,173160.0,1291000.0,779900.0
2025-12-19,SR,South India,Tamil Nadu,11.12,78.66,152070.0,1183830.0,581390.0
2025-12-19,WR,West India,Gujarat,23.02,72.57,165130.0,1554300.0,1525340.0
2025-12-20,ER,East India,Odisha,20.95,85.09,2160.0,478250.0,746560.0
2025-12-20,NER,NE India,Assam,26.2,92.93,940.0,51190.0,14300.0
2025-12-20,NR,North India,Rajasthan,26.91,74.22,160430.0,1294000.0,785360.0
2025-12-20,SR,South India,Tamil Nadu,11.12,78.66,154960.0,1157980.0,624850.0
2025-12-20,WR,West India,Gujarat,23.02,72.57,160810.0,1551800.0,1560400.0
2025-12-21,ER,East India,Odisha,20.95,85.09,2390.0,453970.0,735320.0
2025-12-21,NER,NE India,Assam,26.2,92.93,1060.0,48400.0,13770.0
2025-12-21,NR,North India,Rajasthan,26.91,74.22,151970.0,1264000.0,749150.0
2025-12-21,SR,South India,Tamil Nadu,11.12,78.66,152490.0,1103130.0,585850.0
2025-12-21,WR,West India,Gujarat,23.02,72.57,144415.0,1525300.0,1534620.0
2025-12-22,ER,East India,Odisha,20.95,85.09,2330.0,465370.0,737210.0
2025-12-22,NER,NE India,Assam,26.2,92.93,1060.0,50330.0,14240.0
2025-12-22,NR,North India,Rajasthan,26.91,74.22,136580.0,1293000.0,769240.0
2025-12-22,SR,South India,Tamil Nadu,11.12,78.66,140210.0,1161000.0,648170.0
2025-12-22,WR,West India,Gujarat,23.02,72.57,155486.0,1548000.0,1508870.0
2025-12-23,ER,East India,Odisha,20.95,85.09,2340.0,469940.0,728830.0
2025-12-23,NER,NE India,Assam,26.2,92.93,920.0,51440.0,14030.0
2025-12-23,NR,North India,Rajasthan,26.91,74.22,128699.99999999999,1301000.0,801110.0
2025-12-23,SR,South India,Tamil Nadu,11.12,78.66,156600.0,1188690.0,645090.0
2025-12-23,WR,West India,Gujarat,23.02,72.57,162498.0,1565500.0,1498580.0
2025-12-24,ER,East India,Odisha,20.95,85.09,2430.0,487770.0,740910.0
2025-12-24,NER,NE India,Assam,26.2,92.93,610.0,51930.0,13950.0
2025-12-24,NR,North India,Rajasthan,26.91,74.22,175860.0,1311000.0,811670.0
2025-12-24,SR,South India,Tamil Nadu,11.12,78.66,152410.0,1201920.0,649640.0
2025-12-24,WR,West India,Gujarat,23.02,72.57,161190.0,1570000.0,1474200.0
2025-12-25,ER,East India,Odisha,20.95,85.09,3010.0,485260.0,740560.0
2025-12-25,NER,NE India,Assam,26.2,92.93,840.0,51470.0,13420.0
2025-12-25,NR,North India,Rajasthan,26.91,74.22,177860.0,1305000.0,806790.0
2025-12-25,SR,South India,Tamil Nadu,11.12,78.66,156160.0,1174180.0,653790.0
2025-12-25,WR,West India,Gujarat,23.02,72.57,163130.0,1572400.0,1504870.0
2025-12-26,ER,East India,Odisha,20.95,85.09,3080.0,475950.0,744030.0
2025-12-26,NER,NE India,Assam,26.2,92.93,830.0,54000.0,11960.0
2025-12-26,NR,North India,Rajasthan,26.91,74.22,177540.0,1330000.0,806460.0
2025-12-26,SR,South India,Tamil Nadu,11.12,78.66,144380.0,1195040.0,672710.0
2025-12-26,WR,West India,Gujarat,23.02,72.57,162910.0,1585700.0,1557560.0
2025-12-27,ER,East India,Odisha,20.95,85.09,3040.0,474670.0,736110.0
2025-12-27,NER,NE India,Assam,26.2,92.93,820.0,51790.0,9370.0
2025-12-27,NR,North India,Rajasthan,26.91,74.22,161260.0,1313000.0,800080.0
2025-12-27,SR,South India,Tamil Nadu,11.12,78.66,151190.0,1188830.0,677160.0
2025-12-27,WR,West India,Gujarat,23.02,72.57,159770.0,1574100.0,1578060.0
2025-12-28,ER,East India,Odisha,20.95,85.09,3030.0,464160.0,704300.0
2025-12-28,NER,NE India,Assam,26.2,92.93,840.0,49570.0,12600.0
2025-12-28,NR,North India,Rajasthan,26.91,74.22,161940.0,1271000.0,769660.0
2025-12-28,SR,South India,Tamil Nadu,11.12,78.66,148280.0,1121050.0,649460.0
2025-12-28,WR,West India,Gujarat,23.02,72.57,163018.0,1539100.0,1507370.0
2025-12-29,ER,East India,Odisha,20.95,85.09,2530.0,478860.0,729820.0
2025-12-29,NER,NE India,Assam,26.2,92.93,500.0,52040.0,13170.0
2025-12-29,NR,North India,Rajasthan,26.91,74.22,170580.0,1309000.0,803200.0
2025-12-29,SR,South India,Tamil Nadu,11.12,78.66,145730.0,1181260.0,710440.0
2025-12-29,WR,West India,Gujarat,23.02,72.57,160221.0,1566300.0,1540647.0
2025-12-30,ER,East India,Odisha,20.95,85.09,2750.0,484560.0,758420.0
2025-12-30,NER,NE India,Assam,26.2,92.93,440.0,52540.0,14110.0
2025-12-30,NR,North India,Rajasthan,26.91,74.22,168590.0,1321000.0,814430.0
2025-12-30,SR,South India,Tamil Nadu,11.12,78.66,148120.0,1222900.0,741260.0
2025-12-30,WR,West India,Gujarat,23.02,72.57,150250.0,1581300.0,1579906.0
2025-12-31,ER,East India,Odisha,20.95,85.09,3100.0,488130.0,766820.0
2025-12-31,NER,NE India,Assam,26.2,92.93,560.0,54740.0,14720.0
2025-12-31,NR,North India,Rajasthan,26.91,74.22,108460.0,1328000.0,811100.0
2025-12-31,SR,South India,Tamil Nadu,11.12,78.66,130860.00000000001,1244760.0,775090.0
2025-12-31,WR,West India,Gujarat,23.02,72.57,138149.0,1564900.0,1589445.0
2026-01-01,ER,East India,Odisha,20.95,85.09,3130.0,463490.0,736600.0
2026-01-01,NER,NE India,Assam,26.2,92.93,830.0,49450.0,13080.0
2026-01-01,NR,North India,Rajasthan,26.91,74.22,121070.0,1252000.0,790180.0
2026-01-01,SR,South India,Tamil Nadu,11.12,78.66,112690.0,1190220.0,721520.0
2026-01-01,WR,West India,Gujarat,23.02,72.57,142160.0,1518200.0,1523630.0
2026-01-02,ER,East India,Odisha,20.95,85.09,3130.0,468790.0,739530.0
2026-01-02,NER,NE India,Assam,26.2,92.93,1000.0,50980.0,13890.0
2026-01-02,NR,North India,Rajasthan,26.91,74.22,113840.0,1298000.0,805730.0
2026-01-02,SR,South India,Tamil Nadu,11.12,78.66,116260.0,1216760.0,720850.0
2026-01-02,WR,West India,Gujarat,23.02,72.57,145160.0,1546000.0,1520180.0
2026-01-03,ER,East India,Odisha,20.95,85.09,2790.0,482630.0,732140.0
2026-01-03,NER,NE India,Assam,26.2,92.93,900.0,52910.0,13200.0
2026-01-03,NR,North India,Rajasthan,26.91,74.22,160620.0,1318000.0,800290.0
2026-01-03,SR,South India,Tamil Nadu,11.12,78.66,129240.00000000001,1203040.0,720910.0
2026-01-03,WR,West India,Gujarat,23.02,72.57,146488.0,1541500.0,1516640.0
2026-01-04,ER,East India,Odisha,20.95,85.09,2540.0,473120.0,713450.0
2026-01-04,NER,NE India,Assam,26.2,92.93,830.0,49920.0,12510.0
2026-01-04,NR,North India,Rajasthan,26.91,74.22,168390.0,1283000.0,756020.0
2026-01-04,SR,South India,Tamil Nadu,11.12,78.66,141020.0,1134530.0,665390.0
2026-01-04,WR,West India,Gujarat,23.02,72.57,149710.0,1513600.0,1452065.0
2026-01-05,ER,East India,Odisha,20.95,85.09,2330.0,484320.0,736840.0
2026-01-05,NER,NE India,Assam,26.2,92.93,680.0,52880.0,12830.0
2026-01-05,NR,North India,Rajasthan,26.91,74.22,155560.0,1329000.0,794760.0
2026-01-05,SR,South India,Tamil Nadu,11.12,78.66,145020.0,1189750.0,681440.0
2026-01-05,WR,West India,Gujarat,23.02,72.57,158660.0,1548900.0,1457070.0
2026-01-06,ER,East India,Odisha,20.95,85.09,3340.0,495110.0,751440.0
2026-01-06,NER,NE India,Assam,26.2,92.93,630.0,53660.0,15150.0
2026-01-06,NR,North India,Rajasthan,26.91,74.22,150960.0,1374000.0,814550.0
2026-01-06,SR,South India,Tamil Nadu,11.12,78.66,124250.0,1220130.0,691050.0
2026-01-06,WR,West India,Gujarat,23.02,72.57,162790.0,1568500.0,1506990.0
2026-01-07,ER,East India,Odisha,20.95,85.09,3210.0,497270.0,720450.0
2026-01-07,NER,NE India,Assam,26.2,92.93,810.0,53470.0,14310.0
2026-01-07,NR,North India,Rajasthan,26.91,74.22,145530.0,1377000.0,805850.0
2026-01-07,SR,South India,Tamil Nadu,11.12,78.66,141270.0,1207840.0,671670.0
2026-01-07,WR,West India,Gujarat,23.02,72.57,164210.0,1571700.0,1501305.0
2026-01-08,ER,East India,Odisha,20.95,85.09,2940.0,497750.0,722490.0
2026-01-08,NER,NE India,Assam,26.2,92.93,1000.0,52920.0,14300.0
2026-01-08,NR,North India,Rajasthan,26.91,74.22,148300.0,1387000.0,811910.0
2026-01-08,SR,South India,Tamil Nadu,11.12,78.66,146980.0,1213180.0,687480.0
2026-01-08,WR,West India,Gujarat,23.02,72.57,157411.0,1579900.0,1510452.0
2026-01-09,ER,East India,Odisha,20.95,85.09,3270.0,508510.0,703860.0
2026-01-09,NER,NE India,Assam,26.2,92.93,1010.0,53260.0,14590.0
2026-01-09,NR,North India,Rajasthan,26.91,74.22,170040.0,1396000.0,814680.0
2026-01-09,SR,South India,Tamil Nadu,11.12,78.66,143120.0,1233600.0,708720.0
2026-01-09,WR,West India,Gujarat,23.02,72.57,170720.0,1574200.0,1516360.0
2026-01-10,ER,East India,Odisha,20.95,85.09,2850.0,510180.0,714060.0
2026-01-10,NER,NE India,Assam,26.2,92.93,1000.0,53580.0,14800.0
2026-01-10,NR,North India,Rajasthan,26.91,74.22,161200.0,1366000.0,811280.0
2026-01-10,SR,South India,Tamil Nadu,11.12,78.66,105070.0,1208110.0,703330.0
2026-01-10,WR,West India,Gujarat,23.02,72.57,172080.0,1557200.0,1528630.0
2026-01-11,ER,East India,Odisha,20.95,85.09,3230.0,483620.0,700270.0
2026-01-11,NER,NE India,Assam,26.2,92.93,960.0,51840.0,12560.0
2026-01-11,NR,North India,Rajasthan,26.91,74.22,184790.0,1321000.0,749730.0
2026-01-11,SR,South India,Tamil Nadu,11.12,78.66,92050.0,1121400.0,651780.0
2026-01-11,WR,West India,Gujarat,23.02,72.57,166370.0,1527500.0,1493590.0
2026-01-12,ER,East India,Odisha,20.95,85.09,3600.0,489410.0,692940.0
2026-01-12,NER,NE India,Assam,26.2,92.93,1080.0,52030.0,14300.0
2026-01-12,NR,North India,Rajasthan,26.91,74.22,194610.0,1361000.0,822940.0
2026-01-12,SR,South India,Tamil Nadu,11.12,78.66,119360.0,1180680.0,683250.0
2026-01-12,WR,West India,Gujarat,23.02,72.57,164870.0,1571800.0,1508760.0
2026-01-13,ER,East India,Odisha,20.95,85.09,2580.0,506960.0,700440.0
2026-01-13,NER,NE India,Assam,26.2,92.93,1090.0,50800.0,14390.0
2026-01-13,NR,North India,Rajasthan,26.91,74.22,192400.0,1374000.0,841540.0
2026-01-13,SR,South India,Tamil Nadu,11.12,78.66,126670.0,1204760.0,714580.0
2026-01-13,WR,West India,Gujarat,23.02,72.57,168236.0,1592300.0,1524232.0
2026-01-14,ER,East India,Odisha,20.95,85.09,3740.0,503620.0,699140.0
2026-01-14,NER,NE India,Assam,26.2,92.93,950.0,48190.0,14100.0
2026-01-14,NR,North India,Rajasthan,26.91,74.22,191870.0,1379000.0,813110.0
2026-01-14,SR,South India,Tamil Nadu,11.12,78.66,151970.0,1205170.0,709730.0
2026-01-14,WR,West India,Gujarat,23.02,72.57,170363.0,1480100.0,1624110.0
2026-01-15,ER,East India,Odisha,20.95,85.09,3020.0,485860.0,695780.0
2026-01-15,NER,NE India,Assam,26.2,92.93,1060.0,49620.0,13510.0
2026-01-15,NR,North India,Rajasthan,26.91,74.22,209170.0,1377000.0,810830.0
2026-01-15,SR,South India,Tamil Nadu,11.12,78.66,149000.0,1114180.0,675400.0
2026-01-15,WR,West India,Gujarat,23.02,72.57,176740.0,1490100.0,1508447.0
2026-01-16,ER,East India,Odisha,20.95,85.09,3120.0,490250.0,702860.0
2026-01-16,NER,NE India,Assam,26.2,92.93,1040.0,51240.0,14280.0
2026-01-16,NR,North India,Rajasthan,26.91,74.22,181070.0,1399000.0,834950.0
2026-01-16,SR,South India,Tamil Nadu,11.12,78.66,145470.0,1120630.0,686700.0
2026-01-16,WR,West India,Gujarat,23.02,72.57,176760.0,1569900.0,1583706.0
2026-01-17,ER,East India,Odisha,20.95,85.09,4160.0,485190.0,720990.0
2026-01-17,NER,NE India,Assam,26.2,92.93,1080.0,51510.0,14050.0
2026-01-17,NR,North India,Rajasthan,26.91,74.22,183500.0,1366000.0,805990.0
2026-01-17,SR,South India,Tamil Nadu,11.12,78.66,157250.0,1142230.0,689360.0
2026-01-17,WR,West India,Gujarat,23.02,72.57,165970.0,1591200.0,1592210.0
2026-01-18,ER,East India,Odisha,20.95,85.09,4270.0,474920.0,716100.0
2026-01-18,NER,NE India,Assam,26.2,92.93,1010.0,49760.0,12540.0
2026-01-18,NR,North India,Rajasthan,26.91,74.22,179890.0,1296000.0,767210.0
2026-01-18,SR,South India,Tamil Nadu,11.12,78.66,163680.0,1127720.0,666180.0
2026-01-18,WR,West India,Gujarat,23.02,72.57,159150.0,1550400.0,1539690.0
2026-01-19,ER,East India,Odisha,20.95,85.09,3210.0,486800.0,704580.0
2026-01-19,NER,NE India,Assam,26.2,92.93,1030.0,52790.0,13830.0
2026-01-19,NR,North India,Rajasthan,26.91,74.22,183140.0,1323000.0,802270.0
2026-01-19,SR,South India,Tamil Nadu,11.12,78.66,159390.0,1214130.0,721470.0
2026-01-19,WR,West India,Gujarat,23.02,72.57,157530.0,1570500.0,1575140.0
2026-01-20,ER,East India,Odisha,20.95,85.09,3210.0,497530.0,697910.0
2026-01-20,NER,NE India,Assam,26.2,92.93,880.0,52450.0,13480.0
2026-01-20,NR,North India,Rajasthan,26.91,74.22,185580.0,1325000.0,805060.0
2026-01-20,SR,South India,Tamil Nadu,11.12,78.66,163860.0,1240310.0,702740.0
2026-01-20,WR,West India,Gujarat,23.02,72.57,159000.0,1584400.0,1595780.0
2026-01-21,ER,East India,Odisha,20.95,85.09,3260.0,495400.0,692960.0
2026-01-21,NER,NE India,Assam,26.2,92.93,850.0,52650.0,13250.0
2026-01-21,NR,North India,Rajasthan,26.91,74.22,198320.0,1326000.0,777610.0
2026-01-21,SR,South India,Tamil Nadu,11.12,78.66,157970.0,1242900.0,706450.0
2026-01-21,WR,West India,Gujarat,23.02,72.57,165079.0,1595100.0,1566400.0
2026-01-22,ER,East India,Odisha,20.95,85.09,3410.0,496810.0,714760.0
2026-01-22,NER,NE India,Assam,26.2,92.93,820.0,52510.0,12720.0
2026-01-22,NR,North India,Rajasthan,26.91,74.22,151480.0,1299000.0,764010.0
2026-01-22,SR,South India,Tamil Nadu,11.12,78.66,162260.0,1245630.0,717600.0
2026-01-22,WR,West India,Gujarat,23.02,72.57,154275.0,1600500.0,1675650.0
2026-01-23,ER,East India,Odisha,20.95,85.09,3190.0,502370.0,683090.0
2026-01-23,NER,NE India,Assam,26.2,92.93,1000.0,52860.0,10760.0
2026-01-23,NR,North India,Rajasthan,26.91,74.22,214760.0,1113000.0,687100.0
2026-01-23,SR,South India,Tamil Nadu,11.12,78.66,162060.0,1264600.0,694720.0
2026-01-23,WR,West India,Gujarat,23.02,72.57,165028.0,1594000.0,1482270.0
2026-01-24,ER,East India,Odisha,20.95,85.09,3100.0,494030.0,691550.0
2026-01-24,NER,NE India,Assam,26.2,92.93,1110.0,51000.0,10730.0
2026-01-24,NR,North India,Rajasthan,26.91,74.22,199720.0,1222000.0,691790.0
2026-01-24,SR,South India,Tamil Nadu,11.12,78.66,126190.0,1250450.0,699650.0
2026-01-24,WR,West India,Gujarat,23.02,72.57,162237.0,1576800.0,1499579.0
2026-01-25,ER,East India,Odisha,20.95,85.09,3530.0,481530.0,666960.0
2026-01-25,NER,NE India,Assam,26.2,92.93,1000.0,49760.0,11050.0
2026-01-25,NR,North India,Rajasthan,26.91,74.22,205860.0,1221000.0,671960.0
2026-01-25,SR,South India,Tamil Nadu,11.12,78.66,128220.0,1181770.0,658210.0
2026-01-25,WR,West India,Gujarat,23.02,72.57,158283.0,1538900.0,1413970.0
2026-01-26,ER,East India,Odisha,20.95,85.09,3480.0,474950.0,663570.0
2026-01-26,NER,NE India,Assam,26.2,92.93,1020.0,48930.0,12450.0
2026-01-26,NR,North India,Rajasthan,26.91,74.22,174670.0,1198000.0,696660.0
2026-01-26,SR,South India,Tamil Nadu,11.12,78.66,106290.0,1150020.0,663060.0
2026-01-26,WR,West India,Gujarat,23.02,72.57,150430.0,1473000.0,1442950.0
2026-01-27,ER,East India,Odisha,20.95,85.09,3320.0,487830.0,677560.0
2026-01-27,NER,NE India,Assam,26.2,92.93,1060.0,51260.0,12750.0
2026-01-27,NR,North India,Rajasthan,26.91,74.22,177960.0,1210000.0,695690.0
2026-01-27,SR,South India,Tamil Nadu,11.12,78.66,150600.0,1228200.0,704070.0
2026-01-27,WR,West India,Gujarat,23.02,72.57,158400.0,1538700.0,1455130.0
2026-01-28,ER,East India,Odisha,20.95,85.09,3050.0,496510.0,682500.0
2026-01-28,NER,NE India,Assam,26.2,92.93,1070.0,51700.0,12160.0
2026-01-28,NR,North India,Rajasthan,26.91,74.22,201130.0,1234000.0,692500.0
2026-01-28,SR,South India,Tamil Nadu,11.12,78.66,155050.0,1271380.0,720110.0
2026-01-28,WR,West India,Gujarat,23.02,72.57,173300.0,1504700.0,1436390.0
2026-01-29,ER,East India,Odisha,20.95,85.09,2680.0,500230.0,691770.0
2026-01-29,NER,NE India,Assam,26.2,92.93,920.0,52320.0,11820.0
2026-01-29,NR,North India,Rajasthan,26.91,74.22,199860.0,1257000.0,698500.0
2026-01-29,SR,South India,Tamil Nadu,11.12,78.66,154150.0,1279670.0,723470.0
2026-01-29,WR,West India,Gujarat,23.02,72.57,165750.0,1547800.0,1476390.0
2026-01-30,ER,East India,Odisha,20.95,85.09,2970.0,504300.0,709880.0
2026-01-30,NER,NE India,Assam,26.2,92.93,750.0,52170.0,12030.0
2026-01-30,NR,North India,Rajasthan,26.91,74.22,215420.0,1290000.0,711080.0
2026-01-30,SR,South India,Tamil Nadu,11.12,78.66,159940.0,1279410.0,743170.0
2026-01-30,WR,West India,Gujarat,23.02,72.57,151195.0,1579300.0,1528830.0
2026-01-31,ER,East India,Odisha,20.95,85.09,3350.0,503100.0,713700.0
2026-01-31,NER,NE India,Assam,26.2,92.93,960.0,52190.0,11980.0
2026-01-31,NR,North India,Rajasthan,26.91,74.22,209260.0,1268000.0,728640.0
2026-01-31,SR,South India,Tamil Nadu,11.12,78.66,166800.0,1258480.0,726850.0
2026-01-31,WR,West India,Gujarat,23.02,72.57,141822.0,1586000.0,1522317.0
2026-02-01,ER,East India,Odisha,20.95,85.09,3240.0,490860.0,699920.0
2026-02-01,NER,NE India,Assam,26.2,92.93,990.0,49510.0,10630.0
2026-02-01,NR,North India,Rajasthan,26.91,74.22,194730.0,1185000.0,695950.0
2026-02-01,SR,South India,Tamil Nadu,11.12,78.66,145430.0,1197770.0,672390.0
2026-02-01,WR,West India,Gujarat,23.02,72.57,146750.0,1526000.0,1471250.0
2026-02-02,ER,East India,Odisha,20.95,85.09,3180.0,496370.0,698120.0
2026-02-02,NER,NE India,Assam,26.2,92.93,1090.0,51810.0,12600.0
2026-02-02,NR,North India,Rajasthan,26.91,74.22,196230.0,1228000.0,725660.0
2026-02-02,SR,South India,Tamil Nadu,11.12,78.66,148320.0,1255270.0,695830.0
2026-02-02,WR,West India,Gujarat,23.02,72.57,150968.0,1561500.0,1505230.0
2026-02-03,ER,East India,Odisha,20.95,85.09,3820.0,505400.0,699070.0
2026-02-03,NER,NE India,Assam,26.2,92.93,1380.0,53070.0,12280.0
2026-02-03,NR,North India,Rajasthan,26.91,74.22,189840.0,1256000.0,757770.0
2026-02-03,SR,South India,Tamil Nadu,11.12,78.66,156020.0,1286200.0,712260.0
2026-02-03,WR,West India,Gujarat,23.02,72.57,159770.0,1572900.0,1524770.0
2026-02-04,ER,East India,Odisha,20.95,85.09,3350.0,502580.0,688560.0
2026-02-04,NER,NE India,Assam,26.2,92.93,1260.0,52690.0,11840.0
2026-02-04,NR,North India,Rajasthan,26.91,74.22,213560.0,1257000.0,734950.0
2026-02-04,SR,South India,Tamil Nadu,11.12,78.66,165360.0,1282750.0,688920.0
2026-02-04,WR,West India,Gujarat,23.02,72.57,159890.0,1574400.0,1463510.0
2026-02-05,ER,East India,Odisha,20.95,85.09,3910.0,491480.0,711420.0
2026-02-05,NER,NE India,Assam,26.2,92.93,1250.0,51580.0,8260.0
2026-02-05,NR,North India,Rajasthan,26.91,74.22,230740.0,1252000.0,741770.0
2026-02-05,SR,South India,Tamil Nadu,11.12,78.66,142430.0,1298020.0,706050.0
2026-02-05,WR,West India,Gujarat,23.02,72.57,164940.0,1593500.0,1524690.0
2026-02-06,ER,East India,Odisha,20.95,85.09,3980.0,508290.0,738740.0
2026-02-06,NER,NE India,Assam,26.2,92.93,980.0,52270.0,8150.0
2026-02-06,NR,North India,Rajasthan,26.91,74.22,233040.0,1267000.0,737080.0
2026-02-06,SR,South India,Tamil Nadu,11.12,78.66,166760.0,1303090.0,722130.0
2026-02-06,WR,West India,Gujarat,23.02,72.57,175475.0,1608700.0,1546250.0
2026-02-07,ER,East India,Odisha,20.95,85.09,3900.0,511720.0,740640.0
2026-02-07,NER,NE India,Assam,26.2,92.93,960.0,52370.0,8080.0
2026-02-07,NR,North India,Rajasthan,26.91,74.22,223710.0,1252000.0,736210.0
2026-02-07,SR,South India,Tamil Nadu,11.12,78.66,167570.0,1286000.0,733000.0
2026-02-07,WR,West India,Gujarat,23.02,72.57,180041.0,1601600.0,1521620.0
2026-02-08,ER,East India,Odisha,20.95,85.09,4530.0,493190.0,709980.0
2026-02-08,NER,NE India,Assam,26.2,92.93,960.0,50100.0,7240.0
2026-02-08,NR,North India,Rajasthan,26.91,74.22,227448.0,1198000.0,724400.0
2026-02-08,SR,South India,Tamil Nadu,11.12,78.66,166430.0,1221000.0,698000.0
2026-02-08,WR,West India,Gujarat,23.02,72.57,188312.0,1564900.0,1451113.0
2026-02-09,ER,East India,Odisha,20.95,85.09,4500.0,502850.0,742730.0
2026-02-09,NER,NE India,Assam,26.2,92.93,1150.0,49570.0,7930.0
2026-02-09,NR,North India,Rajasthan,26.91,74.22,199150.0,1242000.0,754350.0
2026-02-09,SR,South India,Tamil Nadu,11.12,78.66,162170.0,1303300.0,753840.0
2026-02-09,WR,West India,Gujarat,23.02,72.57,188794.0,1619400.0,1548140.0
2026-02-10,ER,East India,Odisha,20.95,85.09,4700.0,508130.0,755440.0
2026-02-10,NER,NE India,Assam,26.2,92.93,1100.0,51680.0,8200.0
2026-02-10,NR,North India,Rajasthan,26.91,74.22,214100.0,1260000.0,753420.0
2026-02-10,SR,South India,Tamil Nadu,11.12,78.66,163290.0,1323980.0,739520.0
2026-02-10,WR,West India,Gujarat,23.02,72.57,184740.0,1636500.0,1562470.0
2026-02-11,ER,East India,Odisha,20.95,85.09,4570.0,510620.0,722810.0
2026-02-11,NER,NE India,Assam,26.2,92.93,1320.0,52820.0,8240.0
2026-02-11,NR,North India,Rajasthan,26.91,74.22,206300.0,1267000.0,744790.0
2026-02-11,SR,South India,Tamil Nadu,11.12,78.66,157160.0,1306350.0,714620.0
2026-02-11,WR,West India,Gujarat,23.02,72.57,184080.0,1635600.0,1519260.0
2026-02-12,ER,East India,Odisha,20.95,85.09,4030.0000000000005,509180.0,726210.0
2026-02-12,NER,NE India,Assam,26.2,92.93,1030.0,52030.0,8390.0
2026-02-12,NR,North India,Rajasthan,26.91,74.22,208040.0,1264000.0,761310.0
2026-02-12,SR,South India,Tamil Nadu,11.12,78.66,172210.0,1305150.0,748190.0
2026-02-12,WR,West India,Gujarat,23.02,72.57,178650.0,1653500.0,1493640.0
2026-02-13,ER,East India,Odisha,20.95,85.09,4410.0,513830.00000000006,745710.0
2026-02-13,NER,NE India,Assam,26.2,92.93,1040.0,52580.0,8070.0
2026-02-13,NR,North India,Rajasthan,26.91,74.22,237700.0,1276000.0,764790.0
2026-02-13,SR,South India,Tamil Nadu,11.12,78.66,170030.0,1321830.0,743870.0
2026-02-13,WR,West India,Gujarat,23.02,72.57,179530.0,1669800.0,1552250.0
2026-02-14,ER,East India,Odisha,20.95,85.09,4660.0,515690.00000000006,765130.0
2026-02-14,NER,NE India,Assam,26.2,92.93,880.0,53070.0,8039.999999999999
2026-02-14,NR,North India,Rajasthan,26.91,74.22,233950.0,1266000.0,750070.0
2026-02-14,SR,South India,Tamil Nadu,11.12,78.66,170720.0,1332600.0,740770.0
2026-02-14,WR,West India,Gujarat,23.02,72.57,180990.0,1674600.0,1566990.0
2026-02-15,ER,East India,Odisha,20.95,85.09,4090.0,498790.0,745010.0
2026-02-15,NER,NE India,Assam,26.2,92.93,960.0,51110.0,7810.0
2026-02-15,NR,North India,Rajasthan,26.91,74.22,233150.0,1232000.0,727270.0
2026-02-15,SR,South India,Tamil Nadu,11.12,78.66,165600.0,1274280.0,707690.0
2026-02-15,WR,West India,Gujarat,23.02,72.57,189549.0,1605100.0,1495420.0
2026-02-16,ER,East India,Odisha,20.95,85.09,4820.0,504210.0,760060.0
2026-02-16,NER,NE India,Assam,26.2,92.93,1070.0,52560.0,8230.0
2026-02-16,NR,North India,Rajasthan,26.91,74.22,232924.0,1240000.0,725710.0
2026-02-16,SR,South India,Tamil Nadu,11.12,78.66,157330.0,1319760.0,724490.0
2026-02-16,WR,West India,Gujarat,23.02,72.57,190510.0,1642700.0,1524896.0
2026-02-17,ER,East India,Odisha,20.95,85.09,4620.0,508620.0,783200.0
2026-02-17,NER,NE India,Assam,26.2,92.93,1140.0,51390.0,8170.0
2026-02-17,NR,North India,Rajasthan,26.91,74.22,218850.0,1253000.0,739260.0
2026-02-17,SR,South India,Tamil Nadu,11.12,78.66,165990.0,1346050.0,727410.0
2026-02-17,WR,West India,Gujarat,23.02,72.57,181270.0,1676800.0,1548800.0
2026-02-18,ER,East India,Odisha,20.95,85.09,4270.0,515210.00000000006,776220.0
2026-02-18,NER,NE India,Assam,26.2,92.93,1180.0,52310.0,8270.0
2026-02-18,NR,North India,Rajasthan,26.91,74.22,200560.0,1226000.0,733850.0
2026-02-18,SR,South India,Tamil Nadu,11.12,78.66,159050.0,1363150.0,743440.0
2026-02-18,WR,West India,Gujarat,23.02,72.57,175940.0,1654200.0,1528000.0
2026-02-19,ER,East India,Odisha,20.95,85.09,4130.0,513580.00000000006,763670.0
2026-02-19,NER,NE India,Assam,26.2,92.93,1480.0,52410.0,8109.999999999999
2026-02-19,NR,North India,Rajasthan,26.91,74.22,220600.0,1214000.0,720990.0
2026-02-19,SR,South India,Tamil Nadu,11.12,78.66,166940.0,1369850.0,739380.0
2026-02-19,WR,West India,Gujarat,23.02,72.57,178310.0,1626200.0,1505600.0
2026-02-20,ER,East India,Odisha,20.95,85.09,4220.0,518870.0,738240.0
2026-02-20,NER,NE India,Assam,26.2,92.93,1040.0,52770.0,7950.0
2026-02-20,NR,North India,Rajasthan,26.91,74.22,221640.0,1247000.0,726340.0
2026-02-20,SR,South India,Tamil Nadu,11.12,78.66,160950.0,1380310.0,744660.0
2026-02-20,WR,West India,Gujarat,23.02,72.57,169500.0,1625900.0,1516460.0
2026-02-21,ER,East India,Odisha,20.95,85.09,4230.0,516450.00000000006,724860.0
2026-02-21,NER,NE India,Assam,26.2,92.93,1020.0,53070.0,8370.0
2026-02-21,NR,North India,Rajasthan,26.91,74.22,236180.0,1240000.0,747010.0
2026-02-21,SR,South India,Tamil Nadu,11.12,78.66,158530.0,1380740.0,790530.0
2026-02-21,WR,West India,Gujarat,23.02,72.57,180110.0,1638700.0,1586620.0
2026-02-22,ER,East India,Odisha,20.95,85.09,3810.0,497760.0,709500.0
2026-02-22,NER,NE India,Assam,26.2,92.93,790.0,48790.0,8140.000000000001
2026-02-22,NR,North India,Rajasthan,26.91,74.22,232280.0,1184000.0,734220.0
2026-02-22,SR,South India,Tamil Nadu,11.12,78.66,157590.0,1324060.0,780110.0
2026-02-22,WR,West India,Gujarat,23.02,72.57,184730.0,1602000.0,1539460.0
2026-02-23,ER,East India,Odisha,20.95,85.09,4100.0,515010.0,753570.0
2026-02-23,NER,NE India,Assam,26.2,92.93,840.0,52400.0,8800.0
2026-02-23,NR,North India,Rajasthan,26.91,74.22,225290.0,1238000.0,796010.0
2026-02-23,SR,South India,Tamil Nadu,11.12,78.66,154690.0,1382780.0,808210.0
2026-02-23,WR,West India,Gujarat,23.02,72.57,176800.0,1639300.0,1570780.0
2026-02-24,ER,East India,Odisha,20.95,85.09,4050.0,492530.0,745260.0
2026-02-24,NER,NE India,Assam,26.2,92.93,850.0,53310.0,8520.0
2026-02-24,NR,North India,Rajasthan,26.91,74.22,234670.0,1255000.0,767800.0
2026-02-24,SR,South India,Tamil Nadu,11.12,78.66,153380.0,1358470.0,784600.0
2026-02-24,WR,West India,Gujarat,23.02,72.57,182294.0,1647400.0,1573423.0
2026-02-25,ER,East India,Odisha,20.95,85.09,3840.0,506330.0,766810.0
2026-02-25,NER,NE India,Assam,26.2,92.93,1290.0,53050.0,9310.0
2026-02-25,NR,North India,Rajasthan,26.91,74.22,240940.0,1273000.0,792160.0
2026-02-25,SR,South India,Tamil Nadu,11.12,78.66,143160.0,1374330.0,807970.0
2026-02-25,WR,West India,Gujarat,23.02,72.57,180235.0,1657700.0,1575790.0
2026-02-26,ER,East India,Odisha,20.95,85.09,5430.0,510840.0,769670.0
2026-02-26,NER,NE India,Assam,26.2,92.93,1040.0,54140.0,9320.0
2026-02-26,NR,North India,Rajasthan,26.91,74.22,232040.0,1254000.0,789400.0
2026-02-26,SR,South India,Tamil Nadu,11.12,78.66,149800.0,1373940.0,797910.0
2026-02-26,WR,West India,Gujarat,23.02,72.57,194210.0,1655200.0,1560400.0
2026-02-27,ER,East India,Odisha,20.95,85.09,4910.0,516080.00000000006,791340.0
2026-02-27,NER,NE India,Assam,26.2,92.93,880.0,52150.0,8630.0
2026-02-27,NR,North India,Rajasthan,26.91,74.22,215760.0,1276000.0,797760.0
2026-02-27,SR,South India,Tamil Nadu,11.12,78.66,152800.0,1408760.0,798310.0
2026-02-27,WR,West India,Gujarat,23.02,72.57,197360.0,1650000.0,1557570.0
2026-02-28,ER,East India,Odisha,20.95,85.09,3380.0,518010.0,772260.0
2026-02-28,NER,NE India,Assam,26.2,92.93,860.0,52110.0,9080.0
2026-02-28,NR,North India,Rajasthan,26.91,74.22,222830.0,1260000.0,786580.0
2026-02-28,SR,South India,Tamil Nadu,11.12,78.66,159730.0,1403780.0,780260.0
2026-02-28,WR,West India,Gujarat,23.02,72.57,197550.0,1639500.0,1558440.0
2026-03-01,ER,East India,Odisha,20.95,85.09,4100.0,513730.0,747160.0
2026-03-01,NER,NE India,Assam,26.2,92.93,980.0,49110.0,8039.999999999999
2026-03-01,NR,North India,Rajasthan,26.91,74.22,230890.0,1206000.0,765890.0
2026-03-01,SR,South India,Tamil Nadu,11.12,78.66,159050.0,1329260.0,746350.0
2026-03-01,WR,West India,Gujarat,23.02,72.57,204200.0,1606600.0,1517050.0
2026-03-02,ER,East India,Odisha,20.95,85.09,3660.0,524470.0,777280.0
2026-03-02,NER,NE India,Assam,26.2,92.93,820.0,50260.0,8480.0
2026-03-02,NR,North India,Rajasthan,26.91,74.22,223570.0,1224000.0,799630.0
2026-03-02,SR,South India,Tamil Nadu,11.12,78.66,164400.0,1409230.0,763780.0
2026-03-02,WR,West India,Gujarat,23.02,72.57,206086.0,1635700.0,1558580.0
2026-03-03,ER,East India,Odisha,20.95,85.09,5060.0,504820.0,757440.0
2026-03-03,NER,NE India,Assam,26.2,92.93,1130.0,51430.0,8550.0
2026-03-03,NR,North India,Rajasthan,26.91,74.22,245730.0,1167000.0,764030.0
2026-03-03,SR,South India,Tamil Nadu,11.12,78.66,171900.0,1437070.0,717870.0
2026-03-03,WR,West India,Gujarat,23.02,72.57,201111.0,1574300.0,1514040.0
2026-03-04,ER,East India,Odisha,20.95,85.09,4920.0,490120.0,691850.0
2026-03-04,NER,NE India,Assam,26.2,92.93,1080.0,47470.0,7710.0
2026-03-04,NR,North India,Rajasthan,26.91,74.22,239600.0,1043000.0,706560.0
2026-03-04,SR,South India,Tamil Nadu,11.12,78.66,170130.0,1395270.0,666750.0
2026-03-04,WR,West India,Gujarat,23.02,72.57,200116.0,1443000.0,1374718.0
2026-03-05,ER,East India,Odisha,20.95,85.09,4490.0,508390.0,712020.0
2026-03-05,NER,NE India,Assam,26.2,92.93,1310.0,51500.0,7880.0
2026-03-05,NR,North India,Rajasthan,26.91,74.22,230630.0,1105000.0,707990.0
2026-03-05,SR,South India,Tamil Nadu,11.12,78.66,176300.0,1431890.0,714980.0
2026-03-05,WR,West India,Gujarat,23.02,72.57,203610.0,1527900.0,1458371.0
2026-03-06,ER,East India,Odisha,20.95,85.09,4410.0,535550.0,778520.0
2026-03-06,NER,NE India,Assam,26.2,92.93,1270.0,53230.0,9020.0
2026-03-06,NR,North India,Rajasthan,26.91,74.22,253330.0,1251000.0,784080.0
2026-03-06,SR,South India,Tamil Nadu,11.12,78.66,183700.0,1483770.0,761730.0
2026-03-06,WR,West India,Gujarat,23.02,72.57,208630.0,1631600.0,1556490.0
2026-03-07,ER,East India,Odisha,20.95,85.09,4160.0,553890.0,801380.0
2026-03-07,NER,NE India,Assam,26.2,92.93,1120.0,55330.0,10280.0
2026-03-07,NR,North India,Rajasthan,26.91,74.22,250280.0,1316000.0,833560.0
2026-03-07,SR,South India,Tamil Nadu,11.12,78.66,173730.0,1485800.0,798170.0
2026-03-07,WR,West India,Gujarat,23.02,72.57,197320.0,1649400.0,1603250.0
2026-03-08,ER,East India,Odisha,20.95,85.09,3670.0,548880.0,779180.0
2026-03-08,NER,NE India,Assam,26.2,92.93,1160.0,53500.0,10080.0
2026-03-08,NR,North India,Rajasthan,26.91,74.22,246180.0,1273000.0,827810.0
2026-03-08,SR,South India,Tamil Nadu,11.12,78.66,167510.0,1406720.0,772760.0
2026-03-08,WR,West India,Gujarat,23.02,72.57,208670.0,1606500.0,1559330.0
2026-03-09,ER,East India,Odisha,20.95,85.09,3500.0,565350.0,803350.0
2026-03-09,NER,NE India,Assam,26.2,92.93,750.0,55770.0,10150.0
2026-03-09,NR,North India,Rajasthan,26.91,74.22,247260.0,1318000.0,838250.0
2026-03-09,SR,South India,Tamil Nadu,11.12,78.66,162960.0,1471830.0,805670.0
2026-03-09,WR,West India,Gujarat,23.02,72.57,208520.0,1666500.0,1610210.0
2026-03-10,ER,East India,Odisha,20.95,85.09,4230.0,580840.0,793560.0
2026-03-10,NER,NE India,Assam,26.2,92.93,910.0,56320.0,10040.0
2026-03-10,NR,North India,Rajasthan,26.91,74.22,228380.0,1343000.0,841700.0
2026-03-10,SR,South India,Tamil Nadu,11.12,78.66,172640.0,1465770.0,820910.0
2026-03-10,WR,West India,Gujarat,23.02,72.57,209367.0,1689300.0,1610110.0
2026-03-11,ER,East India,Odisha,20.95,85.09,3220.0,590310.0,802450.0
2026-03-11,NER,NE India,Assam,26.2,92.93,1030.0,56830.0,10120.0
2026-03-11,NR,North India,Rajasthan,26.91,74.22,227630.0,1335000.0,830190.0
2026-03-11,SR,South India,Tamil Nadu,11.12,78.66,180190.0,1471150.0,820170.0
2026-03-11,WR,West India,Gujarat,23.02,72.57,208410.0,1699100.0,1622740.0
2026-03-12,ER,East India,Odisha,20.95,85.09,3720.0,579720.0,794810.0
2026-03-12,NER,NE India,Assam,26.2,92.93,670.0,52410.0,10580.0
2026-03-12,NR,North India,Rajasthan,26.91,74.22,209650.0,1300000.0,824500.0
2026-03-12,SR,South India,Tamil Nadu,11.12,78.66,178390.0,1497260.0,846460.0
2026-03-12,WR,West India,Gujarat,23.02,72.57,208309.0,1703100.0,1657149.0
2026-03-13,ER,East India,Odisha,20.95,85.09,4330.0,584340.0,782340.0
2026-03-13,NER,NE India,Assam,26.2,92.93,460.0,47610.0,10590.0
2026-03-13,NR,North India,Rajasthan,26.91,74.22,209600.0,1309000.0,831580.0
2026-03-13,SR,South India,Tamil Nadu,11.12,78.66,175260.0,1513260.0,867880.0
2026-03-13,WR,West India,Gujarat,23.02,72.57,206641.0,1695900.0,1610095.0
